2025-09-14 21:29:53,002 INFO  Logger.cs: 70 - 
--------------------------------------------------------------------------------
2025-09-14 21:29:53,018 INFO  Logger.cs: 71 - Logging commencing for SW2URDF exporter
2025-09-14 21:29:53,018 INFO  Logger.cs: 73 - Commit version 1.6.0-4-g7f85cfe
2025-09-14 21:29:53,018 INFO  Logger.cs: 74 - Build version 1.6.7995.38578
2025-09-14 21:29:53,018 INFO  SwAddin.cs: 192 - Attempting to connect to SW
2025-09-14 21:29:53,018 INFO  SwAddin.cs: 197 - Setting up callbacks
2025-09-14 21:29:53,018 INFO  SwAddin.cs: 201 - Setting up command manager
2025-09-14 21:29:53,018 INFO  SwAddin.cs: 204 - Adding command manager
2025-09-14 21:29:53,026 INFO  SwAddin.cs: 263 - Adding Assembly export to file menu
2025-09-14 21:29:53,028 INFO  SwAddin.cs: 272 - Adding Part export to file menu
2025-09-14 21:29:53,028 INFO  SwAddin.cs: 210 - Adding event handlers
2025-09-14 21:29:53,136 INFO  SwAddin.cs: 217 - Connecting plugin to SolidWorks
2025-09-14 21:40:54,612 INFO  SwAddin.cs: 294 - Assembly export called for file Main
2025-09-14 21:40:54,612 INFO  SwAddin.cs: 299 - Save is required
2025-09-14 21:40:54,612 INFO  SwAddin.cs: 313 - Saving assembly
2025-09-14 21:40:55,161 INFO  SwAddin.cs: 316 - Opening property manager
2025-09-14 21:40:55,172 INFO  ExportHelperExtension.cs: 1125 - Retrieving features of type [CoordSys] from Main
2025-09-14 21:40:55,192 INFO  ExportHelperExtension.cs: 1136 - Found 88 in Main
2025-09-14 21:40:55,192 INFO  ExportHelperExtension.cs: 1145 - Found 0 features of type [CoordSys] in Main
2025-09-14 21:40:55,192 INFO  ExportHelperExtension.cs: 1148 - Proceeding through assembly components
2025-09-14 21:40:55,192 INFO  ExportHelperExtension.cs: 1160 - 19 components to check
2025-09-14 21:40:55,192 INFO  ExportHelperExtension.cs: 1125 - Retrieving features of type [CoordSys] from base_plate-1
2025-09-14 21:40:55,192 INFO  ExportHelperExtension.cs: 1136 - Found 30 in base_plate-1
2025-09-14 21:40:55,192 INFO  ExportHelperExtension.cs: 1145 - Found 0 features of type [CoordSys] in base_plate-1
2025-09-14 21:40:55,192 INFO  ExportHelperExtension.cs: 1125 - Retrieving features of type [CoordSys] from link-1
2025-09-14 21:40:55,192 INFO  ExportHelperExtension.cs: 1136 - Found 33 in link-1
2025-09-14 21:40:55,192 INFO  ExportHelperExtension.cs: 1145 - Found 0 features of type [CoordSys] in link-1
2025-09-14 21:40:55,192 INFO  ExportHelperExtension.cs: 1125 - Retrieving features of type [CoordSys] from Nema24 24CS22C-400.step-2
2025-09-14 21:40:55,192 INFO  ExportHelperExtension.cs: 1136 - Found 36 in Nema24 24CS22C-400.step-2
2025-09-14 21:40:55,192 INFO  ExportHelperExtension.cs: 1145 - Found 0 features of type [CoordSys] in Nema24 24CS22C-400.step-2
2025-09-14 21:40:55,192 INFO  ExportHelperExtension.cs: 1125 - Retrieving features of type [CoordSys] from Part8-2
2025-09-14 21:40:55,192 INFO  ExportHelperExtension.cs: 1136 - Found 25 in Part8-2
2025-09-14 21:40:55,192 INFO  ExportHelperExtension.cs: 1145 - Found 0 features of type [CoordSys] in Part8-2
2025-09-14 21:40:55,192 INFO  ExportHelperExtension.cs: 1125 - Retrieving features of type [CoordSys] from 6000rulman-4
2025-09-14 21:40:55,192 INFO  ExportHelperExtension.cs: 1136 - Found 38 in 6000rulman-4
2025-09-14 21:40:55,192 INFO  ExportHelperExtension.cs: 1145 - Found 0 features of type [CoordSys] in 6000rulman-4
2025-09-14 21:40:55,192 INFO  ExportHelperExtension.cs: 1125 - Retrieving features of type [CoordSys] from link-3
2025-09-14 21:40:55,192 INFO  ExportHelperExtension.cs: 1136 - Found 33 in link-3
2025-09-14 21:40:55,192 INFO  ExportHelperExtension.cs: 1145 - Found 0 features of type [CoordSys] in link-3
2025-09-14 21:40:55,202 INFO  ExportHelperExtension.cs: 1125 - Retrieving features of type [CoordSys] from 6000rulman-2
2025-09-14 21:40:55,202 INFO  ExportHelperExtension.cs: 1136 - Found 38 in 6000rulman-2
2025-09-14 21:40:55,202 INFO  ExportHelperExtension.cs: 1145 - Found 0 features of type [CoordSys] in 6000rulman-2
2025-09-14 21:40:55,202 INFO  ExportHelperExtension.cs: 1125 - Retrieving features of type [CoordSys] from 6000rulman-3
2025-09-14 21:40:55,202 INFO  ExportHelperExtension.cs: 1136 - Found 38 in 6000rulman-3
2025-09-14 21:40:55,202 INFO  ExportHelperExtension.cs: 1145 - Found 0 features of type [CoordSys] in 6000rulman-3
2025-09-14 21:40:55,202 INFO  ExportHelperExtension.cs: 1125 - Retrieving features of type [CoordSys] from Part11-1
2025-09-14 21:40:55,202 INFO  ExportHelperExtension.cs: 1136 - Found 25 in Part11-1
2025-09-14 21:40:55,204 INFO  ExportHelperExtension.cs: 1145 - Found 0 features of type [CoordSys] in Part11-1
2025-09-14 21:40:55,204 INFO  ExportHelperExtension.cs: 1125 - Retrieving features of type [CoordSys] from Part8-1
2025-09-14 21:40:55,204 INFO  ExportHelperExtension.cs: 1136 - Found 25 in Part8-1
2025-09-14 21:40:55,204 INFO  ExportHelperExtension.cs: 1145 - Found 0 features of type [CoordSys] in Part8-1
2025-09-14 21:40:55,204 INFO  ExportHelperExtension.cs: 1125 - Retrieving features of type [CoordSys] from Part10-1
2025-09-14 21:40:55,204 INFO  ExportHelperExtension.cs: 1136 - Found 23 in Part10-1
2025-09-14 21:40:55,204 INFO  ExportHelperExtension.cs: 1145 - Found 0 features of type [CoordSys] in Part10-1
2025-09-14 21:40:55,204 INFO  ExportHelperExtension.cs: 1125 - Retrieving features of type [CoordSys] from link-4
2025-09-14 21:40:55,204 INFO  ExportHelperExtension.cs: 1136 - Found 33 in link-4
2025-09-14 21:40:55,204 INFO  ExportHelperExtension.cs: 1145 - Found 0 features of type [CoordSys] in link-4
2025-09-14 21:40:55,204 INFO  ExportHelperExtension.cs: 1125 - Retrieving features of type [CoordSys] from 6000rulman-6
2025-09-14 21:40:55,204 INFO  ExportHelperExtension.cs: 1136 - Found 38 in 6000rulman-6
2025-09-14 21:40:55,204 INFO  ExportHelperExtension.cs: 1145 - Found 0 features of type [CoordSys] in 6000rulman-6
2025-09-14 21:40:55,204 INFO  ExportHelperExtension.cs: 1125 - Retrieving features of type [CoordSys] from 6000rulman-5
2025-09-14 21:40:55,204 INFO  ExportHelperExtension.cs: 1136 - Found 38 in 6000rulman-5
2025-09-14 21:40:55,204 INFO  ExportHelperExtension.cs: 1145 - Found 0 features of type [CoordSys] in 6000rulman-5
2025-09-14 21:40:55,204 INFO  ExportHelperExtension.cs: 1125 - Retrieving features of type [CoordSys] from Part11-3
2025-09-14 21:40:55,204 INFO  ExportHelperExtension.cs: 1136 - Found 25 in Part11-3
2025-09-14 21:40:55,204 INFO  ExportHelperExtension.cs: 1145 - Found 0 features of type [CoordSys] in Part11-3
2025-09-14 21:40:55,204 INFO  ExportHelperExtension.cs: 1125 - Retrieving features of type [CoordSys] from 6000rulman-7
2025-09-14 21:40:55,204 INFO  ExportHelperExtension.cs: 1136 - Found 38 in 6000rulman-7
2025-09-14 21:40:55,204 INFO  ExportHelperExtension.cs: 1145 - Found 0 features of type [CoordSys] in 6000rulman-7
2025-09-14 21:40:55,204 INFO  ExportHelperExtension.cs: 1125 - Retrieving features of type [CoordSys] from link-5
2025-09-14 21:40:55,204 INFO  ExportHelperExtension.cs: 1136 - Found 33 in link-5
2025-09-14 21:40:55,204 INFO  ExportHelperExtension.cs: 1145 - Found 0 features of type [CoordSys] in link-5
2025-09-14 21:40:55,204 INFO  ExportHelperExtension.cs: 1125 - Retrieving features of type [CoordSys] from Part11-2
2025-09-14 21:40:55,212 INFO  ExportHelperExtension.cs: 1136 - Found 25 in Part11-2
2025-09-14 21:40:55,212 INFO  ExportHelperExtension.cs: 1145 - Found 0 features of type [CoordSys] in Part11-2
2025-09-14 21:40:55,212 INFO  ExportHelperExtension.cs: 1125 - Retrieving features of type [CoordSys] from Nema24 24CS22C-400.step-5
2025-09-14 21:40:55,212 INFO  ExportHelperExtension.cs: 1136 - Found 36 in Nema24 24CS22C-400.step-5
2025-09-14 21:40:55,212 INFO  ExportHelperExtension.cs: 1145 - Found 0 features of type [CoordSys] in Nema24 24CS22C-400.step-5
2025-09-14 21:40:55,212 INFO  ExportHelperExtension.cs: 1125 - Retrieving features of type [RefAxis] from Main
2025-09-14 21:40:55,214 INFO  ExportHelperExtension.cs: 1136 - Found 88 in Main
2025-09-14 21:40:55,214 INFO  ExportHelperExtension.cs: 1145 - Found 0 features of type [RefAxis] in Main
2025-09-14 21:40:55,214 INFO  ExportHelperExtension.cs: 1148 - Proceeding through assembly components
2025-09-14 21:40:55,214 INFO  ExportHelperExtension.cs: 1160 - 19 components to check
2025-09-14 21:40:55,214 INFO  ExportHelperExtension.cs: 1125 - Retrieving features of type [RefAxis] from base_plate-1
2025-09-14 21:40:55,214 INFO  ExportHelperExtension.cs: 1136 - Found 30 in base_plate-1
2025-09-14 21:40:55,214 INFO  ExportHelperExtension.cs: 1145 - Found 0 features of type [RefAxis] in base_plate-1
2025-09-14 21:40:55,214 INFO  ExportHelperExtension.cs: 1125 - Retrieving features of type [RefAxis] from link-1
2025-09-14 21:40:55,214 INFO  ExportHelperExtension.cs: 1136 - Found 33 in link-1
2025-09-14 21:40:55,214 INFO  ExportHelperExtension.cs: 1145 - Found 0 features of type [RefAxis] in link-1
2025-09-14 21:40:55,214 INFO  ExportHelperExtension.cs: 1125 - Retrieving features of type [RefAxis] from Nema24 24CS22C-400.step-2
2025-09-14 21:40:55,217 INFO  ExportHelperExtension.cs: 1136 - Found 36 in Nema24 24CS22C-400.step-2
2025-09-14 21:40:55,217 INFO  ExportHelperExtension.cs: 1145 - Found 0 features of type [RefAxis] in Nema24 24CS22C-400.step-2
2025-09-14 21:40:55,217 INFO  ExportHelperExtension.cs: 1125 - Retrieving features of type [RefAxis] from Part8-2
2025-09-14 21:40:55,217 INFO  ExportHelperExtension.cs: 1136 - Found 25 in Part8-2
2025-09-14 21:40:55,222 INFO  ExportHelperExtension.cs: 1145 - Found 0 features of type [RefAxis] in Part8-2
2025-09-14 21:40:55,222 INFO  ExportHelperExtension.cs: 1125 - Retrieving features of type [RefAxis] from 6000rulman-4
2025-09-14 21:40:55,233 INFO  ExportHelperExtension.cs: 1136 - Found 38 in 6000rulman-4
2025-09-14 21:40:55,233 INFO  ExportHelperExtension.cs: 1145 - Found 0 features of type [RefAxis] in 6000rulman-4
2025-09-14 21:40:55,233 INFO  ExportHelperExtension.cs: 1125 - Retrieving features of type [RefAxis] from link-3
2025-09-14 21:40:55,233 INFO  ExportHelperExtension.cs: 1136 - Found 33 in link-3
2025-09-14 21:40:55,233 INFO  ExportHelperExtension.cs: 1145 - Found 0 features of type [RefAxis] in link-3
2025-09-14 21:40:55,233 INFO  ExportHelperExtension.cs: 1125 - Retrieving features of type [RefAxis] from 6000rulman-2
2025-09-14 21:40:55,233 INFO  ExportHelperExtension.cs: 1136 - Found 38 in 6000rulman-2
2025-09-14 21:40:55,233 INFO  ExportHelperExtension.cs: 1145 - Found 0 features of type [RefAxis] in 6000rulman-2
2025-09-14 21:40:55,233 INFO  ExportHelperExtension.cs: 1125 - Retrieving features of type [RefAxis] from 6000rulman-3
2025-09-14 21:40:55,233 INFO  ExportHelperExtension.cs: 1136 - Found 38 in 6000rulman-3
2025-09-14 21:40:55,233 INFO  ExportHelperExtension.cs: 1145 - Found 0 features of type [RefAxis] in 6000rulman-3
2025-09-14 21:40:55,233 INFO  ExportHelperExtension.cs: 1125 - Retrieving features of type [RefAxis] from Part11-1
2025-09-14 21:40:55,233 INFO  ExportHelperExtension.cs: 1136 - Found 25 in Part11-1
2025-09-14 21:40:55,233 INFO  ExportHelperExtension.cs: 1145 - Found 0 features of type [RefAxis] in Part11-1
2025-09-14 21:40:55,233 INFO  ExportHelperExtension.cs: 1125 - Retrieving features of type [RefAxis] from Part8-1
2025-09-14 21:40:55,233 INFO  ExportHelperExtension.cs: 1136 - Found 25 in Part8-1
2025-09-14 21:40:55,233 INFO  ExportHelperExtension.cs: 1145 - Found 0 features of type [RefAxis] in Part8-1
2025-09-14 21:40:55,239 INFO  ExportHelperExtension.cs: 1125 - Retrieving features of type [RefAxis] from Part10-1
2025-09-14 21:40:55,239 INFO  ExportHelperExtension.cs: 1136 - Found 23 in Part10-1
2025-09-14 21:40:55,239 INFO  ExportHelperExtension.cs: 1145 - Found 0 features of type [RefAxis] in Part10-1
2025-09-14 21:40:55,239 INFO  ExportHelperExtension.cs: 1125 - Retrieving features of type [RefAxis] from link-4
2025-09-14 21:40:55,239 INFO  ExportHelperExtension.cs: 1136 - Found 33 in link-4
2025-09-14 21:40:55,239 INFO  ExportHelperExtension.cs: 1145 - Found 0 features of type [RefAxis] in link-4
2025-09-14 21:40:55,239 INFO  ExportHelperExtension.cs: 1125 - Retrieving features of type [RefAxis] from 6000rulman-6
2025-09-14 21:40:55,239 INFO  ExportHelperExtension.cs: 1136 - Found 38 in 6000rulman-6
2025-09-14 21:40:55,239 INFO  ExportHelperExtension.cs: 1145 - Found 0 features of type [RefAxis] in 6000rulman-6
2025-09-14 21:40:55,239 INFO  ExportHelperExtension.cs: 1125 - Retrieving features of type [RefAxis] from 6000rulman-5
2025-09-14 21:40:55,242 INFO  ExportHelperExtension.cs: 1136 - Found 38 in 6000rulman-5
2025-09-14 21:40:55,242 INFO  ExportHelperExtension.cs: 1145 - Found 0 features of type [RefAxis] in 6000rulman-5
2025-09-14 21:40:55,242 INFO  ExportHelperExtension.cs: 1125 - Retrieving features of type [RefAxis] from Part11-3
2025-09-14 21:40:55,242 INFO  ExportHelperExtension.cs: 1136 - Found 25 in Part11-3
2025-09-14 21:40:55,242 INFO  ExportHelperExtension.cs: 1145 - Found 0 features of type [RefAxis] in Part11-3
2025-09-14 21:40:55,242 INFO  ExportHelperExtension.cs: 1125 - Retrieving features of type [RefAxis] from 6000rulman-7
2025-09-14 21:40:55,242 INFO  ExportHelperExtension.cs: 1136 - Found 38 in 6000rulman-7
2025-09-14 21:40:55,244 INFO  ExportHelperExtension.cs: 1145 - Found 0 features of type [RefAxis] in 6000rulman-7
2025-09-14 21:40:55,244 INFO  ExportHelperExtension.cs: 1125 - Retrieving features of type [RefAxis] from link-5
2025-09-14 21:40:55,244 INFO  ExportHelperExtension.cs: 1136 - Found 33 in link-5
2025-09-14 21:40:55,244 INFO  ExportHelperExtension.cs: 1145 - Found 0 features of type [RefAxis] in link-5
2025-09-14 21:40:55,244 INFO  ExportHelperExtension.cs: 1125 - Retrieving features of type [RefAxis] from Part11-2
2025-09-14 21:40:55,244 INFO  ExportHelperExtension.cs: 1136 - Found 25 in Part11-2
2025-09-14 21:40:55,244 INFO  ExportHelperExtension.cs: 1145 - Found 0 features of type [RefAxis] in Part11-2
2025-09-14 21:40:55,244 INFO  ExportHelperExtension.cs: 1125 - Retrieving features of type [RefAxis] from Nema24 24CS22C-400.step-5
2025-09-14 21:40:55,244 INFO  ExportHelperExtension.cs: 1136 - Found 36 in Nema24 24CS22C-400.step-5
2025-09-14 21:40:55,244 INFO  ExportHelperExtension.cs: 1145 - Found 0 features of type [RefAxis] in Nema24 24CS22C-400.step-5
2025-09-14 21:40:55,602 INFO  SwAddin.cs: 339 - Loading config tree
2025-09-14 21:40:55,602 INFO  ExportPropertyManagerExtension.cs: 520 - Starting new configuration
2025-09-14 21:40:55,613 INFO  SwAddin.cs: 344 - Showing property manager
2025-09-14 21:41:23,742 INFO  ExportPropertyManager.cs: 422 - Configuration saved
2025-09-14 21:41:23,935 INFO  ExportPropertyManager.cs: 1142 - AfterClose called. This method no longer throws an Exception. It just silently does nothing. Ok, except for this logging message
2025-09-14 21:41:57,856 INFO  SwAddin.cs: 294 - Assembly export called for file Main
2025-09-14 21:41:57,856 INFO  SwAddin.cs: 299 - Save is required
2025-09-14 21:41:57,856 INFO  SwAddin.cs: 313 - Saving assembly
2025-09-14 21:41:58,429 INFO  SwAddin.cs: 316 - Opening property manager
2025-09-14 21:41:58,429 INFO  ExportHelperExtension.cs: 1125 - Retrieving features of type [CoordSys] from Main
2025-09-14 21:41:58,429 INFO  ExportHelperExtension.cs: 1136 - Found 89 in Main
2025-09-14 21:41:58,429 INFO  ExportHelperExtension.cs: 1145 - Found 0 features of type [CoordSys] in Main
2025-09-14 21:41:58,429 INFO  ExportHelperExtension.cs: 1148 - Proceeding through assembly components
2025-09-14 21:41:58,429 INFO  ExportHelperExtension.cs: 1160 - 19 components to check
2025-09-14 21:41:58,429 INFO  ExportHelperExtension.cs: 1125 - Retrieving features of type [CoordSys] from base_plate-1
2025-09-14 21:41:58,429 INFO  ExportHelperExtension.cs: 1136 - Found 30 in base_plate-1
2025-09-14 21:41:58,435 INFO  ExportHelperExtension.cs: 1145 - Found 0 features of type [CoordSys] in base_plate-1
2025-09-14 21:41:58,435 INFO  ExportHelperExtension.cs: 1125 - Retrieving features of type [CoordSys] from link-1
2025-09-14 21:41:58,527 INFO  ExportHelperExtension.cs: 1136 - Found 33 in link-1
2025-09-14 21:41:58,527 INFO  ExportHelperExtension.cs: 1145 - Found 0 features of type [CoordSys] in link-1
2025-09-14 21:41:58,528 INFO  ExportHelperExtension.cs: 1125 - Retrieving features of type [CoordSys] from Nema24 24CS22C-400.step-2
2025-09-14 21:41:58,528 INFO  ExportHelperExtension.cs: 1136 - Found 36 in Nema24 24CS22C-400.step-2
2025-09-14 21:41:58,528 INFO  ExportHelperExtension.cs: 1145 - Found 0 features of type [CoordSys] in Nema24 24CS22C-400.step-2
2025-09-14 21:41:58,529 INFO  ExportHelperExtension.cs: 1125 - Retrieving features of type [CoordSys] from Part8-2
2025-09-14 21:41:58,530 INFO  ExportHelperExtension.cs: 1136 - Found 25 in Part8-2
2025-09-14 21:41:58,530 INFO  ExportHelperExtension.cs: 1145 - Found 0 features of type [CoordSys] in Part8-2
2025-09-14 21:41:58,530 INFO  ExportHelperExtension.cs: 1125 - Retrieving features of type [CoordSys] from 6000rulman-4
2025-09-14 21:41:58,530 INFO  ExportHelperExtension.cs: 1136 - Found 38 in 6000rulman-4
2025-09-14 21:41:58,530 INFO  ExportHelperExtension.cs: 1145 - Found 0 features of type [CoordSys] in 6000rulman-4
2025-09-14 21:41:58,530 INFO  ExportHelperExtension.cs: 1125 - Retrieving features of type [CoordSys] from link-3
2025-09-14 21:41:58,530 INFO  ExportHelperExtension.cs: 1136 - Found 33 in link-3
2025-09-14 21:41:58,530 INFO  ExportHelperExtension.cs: 1145 - Found 0 features of type [CoordSys] in link-3
2025-09-14 21:41:58,530 INFO  ExportHelperExtension.cs: 1125 - Retrieving features of type [CoordSys] from 6000rulman-2
2025-09-14 21:41:58,530 INFO  ExportHelperExtension.cs: 1136 - Found 38 in 6000rulman-2
2025-09-14 21:41:58,530 INFO  ExportHelperExtension.cs: 1145 - Found 0 features of type [CoordSys] in 6000rulman-2
2025-09-14 21:41:58,533 INFO  ExportHelperExtension.cs: 1125 - Retrieving features of type [CoordSys] from 6000rulman-3
2025-09-14 21:41:58,533 INFO  ExportHelperExtension.cs: 1136 - Found 38 in 6000rulman-3
2025-09-14 21:41:58,533 INFO  ExportHelperExtension.cs: 1145 - Found 0 features of type [CoordSys] in 6000rulman-3
2025-09-14 21:41:58,533 INFO  ExportHelperExtension.cs: 1125 - Retrieving features of type [CoordSys] from Part11-1
2025-09-14 21:41:58,533 INFO  ExportHelperExtension.cs: 1136 - Found 25 in Part11-1
2025-09-14 21:41:58,533 INFO  ExportHelperExtension.cs: 1145 - Found 0 features of type [CoordSys] in Part11-1
2025-09-14 21:41:58,533 INFO  ExportHelperExtension.cs: 1125 - Retrieving features of type [CoordSys] from Part8-1
2025-09-14 21:41:58,533 INFO  ExportHelperExtension.cs: 1136 - Found 25 in Part8-1
2025-09-14 21:41:58,533 INFO  ExportHelperExtension.cs: 1145 - Found 0 features of type [CoordSys] in Part8-1
2025-09-14 21:41:58,536 INFO  ExportHelperExtension.cs: 1125 - Retrieving features of type [CoordSys] from Part10-1
2025-09-14 21:41:58,536 INFO  ExportHelperExtension.cs: 1136 - Found 23 in Part10-1
2025-09-14 21:41:58,536 INFO  ExportHelperExtension.cs: 1145 - Found 0 features of type [CoordSys] in Part10-1
2025-09-14 21:41:58,536 INFO  ExportHelperExtension.cs: 1125 - Retrieving features of type [CoordSys] from link-4
2025-09-14 21:41:58,536 INFO  ExportHelperExtension.cs: 1136 - Found 33 in link-4
2025-09-14 21:41:58,536 INFO  ExportHelperExtension.cs: 1145 - Found 0 features of type [CoordSys] in link-4
2025-09-14 21:41:58,536 INFO  ExportHelperExtension.cs: 1125 - Retrieving features of type [CoordSys] from 6000rulman-6
2025-09-14 21:41:58,536 INFO  ExportHelperExtension.cs: 1136 - Found 38 in 6000rulman-6
2025-09-14 21:41:58,536 INFO  ExportHelperExtension.cs: 1145 - Found 0 features of type [CoordSys] in 6000rulman-6
2025-09-14 21:41:58,536 INFO  ExportHelperExtension.cs: 1125 - Retrieving features of type [CoordSys] from 6000rulman-5
2025-09-14 21:41:58,536 INFO  ExportHelperExtension.cs: 1136 - Found 38 in 6000rulman-5
2025-09-14 21:41:58,536 INFO  ExportHelperExtension.cs: 1145 - Found 0 features of type [CoordSys] in 6000rulman-5
2025-09-14 21:41:58,536 INFO  ExportHelperExtension.cs: 1125 - Retrieving features of type [CoordSys] from Part11-3
2025-09-14 21:41:58,536 INFO  ExportHelperExtension.cs: 1136 - Found 25 in Part11-3
2025-09-14 21:41:58,536 INFO  ExportHelperExtension.cs: 1145 - Found 0 features of type [CoordSys] in Part11-3
2025-09-14 21:41:58,536 INFO  ExportHelperExtension.cs: 1125 - Retrieving features of type [CoordSys] from 6000rulman-7
2025-09-14 21:41:58,536 INFO  ExportHelperExtension.cs: 1136 - Found 38 in 6000rulman-7
2025-09-14 21:41:58,536 INFO  ExportHelperExtension.cs: 1145 - Found 0 features of type [CoordSys] in 6000rulman-7
2025-09-14 21:41:58,536 INFO  ExportHelperExtension.cs: 1125 - Retrieving features of type [CoordSys] from link-5
2025-09-14 21:41:58,536 INFO  ExportHelperExtension.cs: 1136 - Found 33 in link-5
2025-09-14 21:41:58,536 INFO  ExportHelperExtension.cs: 1145 - Found 0 features of type [CoordSys] in link-5
2025-09-14 21:41:58,536 INFO  ExportHelperExtension.cs: 1125 - Retrieving features of type [CoordSys] from Part11-2
2025-09-14 21:41:58,536 INFO  ExportHelperExtension.cs: 1136 - Found 25 in Part11-2
2025-09-14 21:41:58,536 INFO  ExportHelperExtension.cs: 1145 - Found 0 features of type [CoordSys] in Part11-2
2025-09-14 21:41:58,536 INFO  ExportHelperExtension.cs: 1125 - Retrieving features of type [CoordSys] from Nema24 24CS22C-400.step-5
2025-09-14 21:41:58,536 INFO  ExportHelperExtension.cs: 1136 - Found 36 in Nema24 24CS22C-400.step-5
2025-09-14 21:41:58,543 INFO  ExportHelperExtension.cs: 1145 - Found 0 features of type [CoordSys] in Nema24 24CS22C-400.step-5
2025-09-14 21:41:58,543 INFO  ExportHelperExtension.cs: 1125 - Retrieving features of type [RefAxis] from Main
2025-09-14 21:41:58,543 INFO  ExportHelperExtension.cs: 1136 - Found 89 in Main
2025-09-14 21:41:58,543 INFO  ExportHelperExtension.cs: 1145 - Found 0 features of type [RefAxis] in Main
2025-09-14 21:41:58,543 INFO  ExportHelperExtension.cs: 1148 - Proceeding through assembly components
2025-09-14 21:41:58,543 INFO  ExportHelperExtension.cs: 1160 - 19 components to check
2025-09-14 21:41:58,543 INFO  ExportHelperExtension.cs: 1125 - Retrieving features of type [RefAxis] from base_plate-1
2025-09-14 21:41:58,543 INFO  ExportHelperExtension.cs: 1136 - Found 30 in base_plate-1
2025-09-14 21:41:58,543 INFO  ExportHelperExtension.cs: 1145 - Found 0 features of type [RefAxis] in base_plate-1
2025-09-14 21:41:58,543 INFO  ExportHelperExtension.cs: 1125 - Retrieving features of type [RefAxis] from link-1
2025-09-14 21:41:58,543 INFO  ExportHelperExtension.cs: 1136 - Found 33 in link-1
2025-09-14 21:41:58,543 INFO  ExportHelperExtension.cs: 1145 - Found 0 features of type [RefAxis] in link-1
2025-09-14 21:41:58,547 INFO  ExportHelperExtension.cs: 1125 - Retrieving features of type [RefAxis] from Nema24 24CS22C-400.step-2
2025-09-14 21:41:58,547 INFO  ExportHelperExtension.cs: 1136 - Found 36 in Nema24 24CS22C-400.step-2
2025-09-14 21:41:58,547 INFO  ExportHelperExtension.cs: 1145 - Found 0 features of type [RefAxis] in Nema24 24CS22C-400.step-2
2025-09-14 21:41:58,547 INFO  ExportHelperExtension.cs: 1125 - Retrieving features of type [RefAxis] from Part8-2
2025-09-14 21:41:58,547 INFO  ExportHelperExtension.cs: 1136 - Found 25 in Part8-2
2025-09-14 21:41:58,547 INFO  ExportHelperExtension.cs: 1145 - Found 0 features of type [RefAxis] in Part8-2
2025-09-14 21:41:58,547 INFO  ExportHelperExtension.cs: 1125 - Retrieving features of type [RefAxis] from 6000rulman-4
2025-09-14 21:41:58,547 INFO  ExportHelperExtension.cs: 1136 - Found 38 in 6000rulman-4
2025-09-14 21:41:58,547 INFO  ExportHelperExtension.cs: 1145 - Found 0 features of type [RefAxis] in 6000rulman-4
2025-09-14 21:41:58,547 INFO  ExportHelperExtension.cs: 1125 - Retrieving features of type [RefAxis] from link-3
2025-09-14 21:41:58,547 INFO  ExportHelperExtension.cs: 1136 - Found 33 in link-3
2025-09-14 21:41:58,547 INFO  ExportHelperExtension.cs: 1145 - Found 0 features of type [RefAxis] in link-3
2025-09-14 21:41:58,547 INFO  ExportHelperExtension.cs: 1125 - Retrieving features of type [RefAxis] from 6000rulman-2
2025-09-14 21:41:58,547 INFO  ExportHelperExtension.cs: 1136 - Found 38 in 6000rulman-2
2025-09-14 21:41:58,547 INFO  ExportHelperExtension.cs: 1145 - Found 0 features of type [RefAxis] in 6000rulman-2
2025-09-14 21:41:58,547 INFO  ExportHelperExtension.cs: 1125 - Retrieving features of type [RefAxis] from 6000rulman-3
2025-09-14 21:41:58,547 INFO  ExportHelperExtension.cs: 1136 - Found 38 in 6000rulman-3
2025-09-14 21:41:58,547 INFO  ExportHelperExtension.cs: 1145 - Found 0 features of type [RefAxis] in 6000rulman-3
2025-09-14 21:41:58,547 INFO  ExportHelperExtension.cs: 1125 - Retrieving features of type [RefAxis] from Part11-1
2025-09-14 21:41:58,547 INFO  ExportHelperExtension.cs: 1136 - Found 25 in Part11-1
2025-09-14 21:41:58,547 INFO  ExportHelperExtension.cs: 1145 - Found 0 features of type [RefAxis] in Part11-1
2025-09-14 21:41:58,547 INFO  ExportHelperExtension.cs: 1125 - Retrieving features of type [RefAxis] from Part8-1
2025-09-14 21:41:58,553 INFO  ExportHelperExtension.cs: 1136 - Found 25 in Part8-1
2025-09-14 21:41:58,553 INFO  ExportHelperExtension.cs: 1145 - Found 0 features of type [RefAxis] in Part8-1
2025-09-14 21:41:58,553 INFO  ExportHelperExtension.cs: 1125 - Retrieving features of type [RefAxis] from Part10-1
2025-09-14 21:41:58,553 INFO  ExportHelperExtension.cs: 1136 - Found 23 in Part10-1
2025-09-14 21:41:58,553 INFO  ExportHelperExtension.cs: 1145 - Found 0 features of type [RefAxis] in Part10-1
2025-09-14 21:41:58,553 INFO  ExportHelperExtension.cs: 1125 - Retrieving features of type [RefAxis] from link-4
2025-09-14 21:41:58,553 INFO  ExportHelperExtension.cs: 1136 - Found 33 in link-4
2025-09-14 21:41:58,553 INFO  ExportHelperExtension.cs: 1145 - Found 0 features of type [RefAxis] in link-4
2025-09-14 21:41:58,553 INFO  ExportHelperExtension.cs: 1125 - Retrieving features of type [RefAxis] from 6000rulman-6
2025-09-14 21:41:58,553 INFO  ExportHelperExtension.cs: 1136 - Found 38 in 6000rulman-6
2025-09-14 21:41:58,553 INFO  ExportHelperExtension.cs: 1145 - Found 0 features of type [RefAxis] in 6000rulman-6
2025-09-14 21:41:58,553 INFO  ExportHelperExtension.cs: 1125 - Retrieving features of type [RefAxis] from 6000rulman-5
2025-09-14 21:41:58,553 INFO  ExportHelperExtension.cs: 1136 - Found 38 in 6000rulman-5
2025-09-14 21:41:58,553 INFO  ExportHelperExtension.cs: 1145 - Found 0 features of type [RefAxis] in 6000rulman-5
2025-09-14 21:41:58,553 INFO  ExportHelperExtension.cs: 1125 - Retrieving features of type [RefAxis] from Part11-3
2025-09-14 21:41:58,553 INFO  ExportHelperExtension.cs: 1136 - Found 25 in Part11-3
2025-09-14 21:41:58,553 INFO  ExportHelperExtension.cs: 1145 - Found 0 features of type [RefAxis] in Part11-3
2025-09-14 21:41:58,553 INFO  ExportHelperExtension.cs: 1125 - Retrieving features of type [RefAxis] from 6000rulman-7
2025-09-14 21:41:58,553 INFO  ExportHelperExtension.cs: 1136 - Found 38 in 6000rulman-7
2025-09-14 21:41:58,553 INFO  ExportHelperExtension.cs: 1145 - Found 0 features of type [RefAxis] in 6000rulman-7
2025-09-14 21:41:58,553 INFO  ExportHelperExtension.cs: 1125 - Retrieving features of type [RefAxis] from link-5
2025-09-14 21:41:58,553 INFO  ExportHelperExtension.cs: 1136 - Found 33 in link-5
2025-09-14 21:41:58,553 INFO  ExportHelperExtension.cs: 1145 - Found 0 features of type [RefAxis] in link-5
2025-09-14 21:41:58,553 INFO  ExportHelperExtension.cs: 1125 - Retrieving features of type [RefAxis] from Part11-2
2025-09-14 21:41:58,553 INFO  ExportHelperExtension.cs: 1136 - Found 25 in Part11-2
2025-09-14 21:41:58,553 INFO  ExportHelperExtension.cs: 1145 - Found 0 features of type [RefAxis] in Part11-2
2025-09-14 21:41:58,553 INFO  ExportHelperExtension.cs: 1125 - Retrieving features of type [RefAxis] from Nema24 24CS22C-400.step-5
2025-09-14 21:41:58,553 INFO  ExportHelperExtension.cs: 1136 - Found 36 in Nema24 24CS22C-400.step-5
2025-09-14 21:41:58,553 INFO  ExportHelperExtension.cs: 1145 - Found 0 features of type [RefAxis] in Nema24 24CS22C-400.step-5
2025-09-14 21:41:58,903 INFO  SwAddin.cs: 339 - Loading config tree
2025-09-14 21:41:58,903 INFO  ConfigurationSerialization.cs: 276 - URDF Configuration found
<Link z:Id="i1" xmlns="http://schemas.datacontract.org/2004/07/SW2URDF" xmlns:i="http://www.w3.org/2001/XMLSchema-instance" xmlns:z="http://schemas.microsoft.com/2003/10/Serialization/"><Attributes><Attribute z:Id="i2"><AttributeType>name</AttributeType><IsRequired>true</IsRequired><Value i:type="a:string" xmlns:a="http://www.w3.org/2001/XMLSchema">base_link</Value></Attribute></Attributes><ChildElements><URDFElement z:Id="i3" i:type="Inertial"><Attributes/><ChildElements><URDFElement z:Id="i4" i:type="Origin"><Attributes><Attribute z:Id="i5"><AttributeType>xyz</AttributeType><IsRequired>true</IsRequired><Value i:type="a:ArrayOfdouble" xmlns:a="http://schemas.microsoft.com/2003/10/Serialization/Arrays"><a:double>0</a:double><a:double>0</a:double><a:double>0</a:double></Value></Attribute><Attribute z:Id="i6"><AttributeType>rpy</AttributeType><IsRequired>true</IsRequired><Value i:type="a:ArrayOfdouble" xmlns:a="http://schemas.microsoft.com/2003/10/Serialization/Arrays"><a:double>0</a:double><a:double>0</a:double><a:double>0</a:double></Value></Attribute></Attributes><ChildElements/><ElementName>origin</ElementName><required>false</required><RPYAttribute z:Ref="i6"/><XYZAttribute z:Ref="i5"/><isCustomized>false</isCustomized></URDFElement><URDFElement z:Id="i7" i:type="Mass"><Attributes><Attribute z:Id="i8"><AttributeType>value</AttributeType><IsRequired>true</IsRequired><Value i:type="a:double" xmlns:a="http://www.w3.org/2001/XMLSchema">0</Value></Attribute></Attributes><ChildElements/><ElementName>mass</ElementName><required>false</required><ValueAttribute z:Ref="i8"/></URDFElement><URDFElement z:Id="i9" i:type="Inertia"><Attributes><Attribute z:Id="i10"><AttributeType>ixx</AttributeType><IsRequired>true</IsRequired><Value i:type="a:double" xmlns:a="http://www.w3.org/2001/XMLSchema">0</Value></Attribute><Attribute z:Id="i11"><AttributeType>ixy</AttributeType><IsRequired>true</IsRequired><Value i:type="a:double" xmlns:a="http://www.w3.org/2001/XMLSchema">0</Value></Attribute><Attribute z:Id="i12"><AttributeType>ixz</AttributeType><IsRequired>true</IsRequired><Value i:type="a:double" xmlns:a="http://www.w3.org/2001/XMLSchema">0</Value></Attribute><Attribute z:Id="i13"><AttributeType>iyy</AttributeType><IsRequired>true</IsRequired><Value i:type="a:double" xmlns:a="http://www.w3.org/2001/XMLSchema">0</Value></Attribute><Attribute z:Id="i14"><AttributeType>iyz</AttributeType><IsRequired>true</IsRequired><Value i:type="a:double" xmlns:a="http://www.w3.org/2001/XMLSchema">0</Value></Attribute><Attribute z:Id="i15"><AttributeType>izz</AttributeType><IsRequired>true</IsRequired><Value i:type="a:double" xmlns:a="http://www.w3.org/2001/XMLSchema">0</Value></Attribute></Attributes><ChildElements/><ElementName>inertia</ElementName><required>false</required><IxxAttribute z:Ref="i10"/><IxyAttribute z:Ref="i11"/><IxzAttribute z:Ref="i12"/><IyyAttribute z:Ref="i13"/><IyzAttribute z:Ref="i14"/><IzzAttribute z:Ref="i15"/></URDFElement></ChildElements><ElementName>inertial</ElementName><required>false</required><Inertia z:Ref="i9"/><Mass z:Ref="i7"/><Origin z:Ref="i4"/></URDFElement><URDFElement z:Id="i16" i:type="Visual"><Attributes/><ChildElements><URDFElement z:Id="i17" i:type="Origin"><Attributes><Attribute z:Id="i18"><AttributeType>xyz</AttributeType><IsRequired>true</IsRequired><Value i:type="a:ArrayOfdouble" xmlns:a="http://schemas.microsoft.com/2003/10/Serialization/Arrays"><a:double>0</a:double><a:double>0</a:double><a:double>0</a:double></Value></Attribute><Attribute z:Id="i19"><AttributeType>rpy</AttributeType><IsRequired>true</IsRequired><Value i:type="a:ArrayOfdouble" xmlns:a="http://schemas.microsoft.com/2003/10/Serialization/Arrays"><a:double>0</a:double><a:double>0</a:double><a:double>0</a:double></Value></Attribute></Attributes><ChildElements/><ElementName>origin</ElementName><required>false</required><RPYAttribute z:Ref="i19"/><XYZAttribute z:Ref="i18"/><isCustomized>false</isCustomized></URDFElement><URDFElement z:Id="i20" i:type="Geometry"><Attributes/><ChildElements><URDFElement z:Id="i21" i:type="Mesh"><Attributes><Attribute z:Id="i22"><AttributeType>filename</AttributeType><IsRequired>true</IsRequired><Value i:nil="true"/></Attribute></Attributes><ChildElements/><ElementName>mesh</ElementName><required>false</required><FilenameAttribute z:Ref="i22"/></URDFElement></ChildElements><ElementName>geometry</ElementName><required>true</required><Mesh z:Ref="i21"/></URDFElement><URDFElement z:Id="i23" i:type="Material"><Attributes><Attribute z:Id="i24"><AttributeType>name</AttributeType><IsRequired>true</IsRequired><Value i:type="a:string" xmlns:a="http://www.w3.org/2001/XMLSchema"/></Attribute></Attributes><ChildElements><URDFElement z:Id="i25" i:type="Color"><Attributes><Attribute z:Id="i26"><AttributeType>rgba</AttributeType><IsRequired>true</IsRequired><Value i:type="a:ArrayOfdouble" xmlns:a="http://schemas.microsoft.com/2003/10/Serialization/Arrays"><a:double>1</a:double><a:double>1</a:double><a:double>1</a:double><a:double>1</a:double></Value></Attribute></Attributes><ChildElements/><ElementName>color</ElementName><required>false</required><RGBAAttribute z:Ref="i26"/></URDFElement><URDFElement z:Id="i27" i:type="Texture"><Attributes><Attribute z:Id="i28"><AttributeType>filename</AttributeType><IsRequired>true</IsRequired><Value i:nil="true"/></Attribute></Attributes><ChildElements/><ElementName>texture</ElementName><required>false</required><FilenameAttribute z:Ref="i28"/><wFilename/></URDFElement></ChildElements><ElementName>material</ElementName><required>false</required><Color z:Ref="i25"/><NameAttribute z:Ref="i24"/><Texture z:Ref="i27"/></URDFElement></ChildElements><ElementName>visual</ElementName><required>false</required><Geometry z:Ref="i20"/><Material z:Ref="i23"/><Origin z:Ref="i17"/></URDFElement><URDFElement z:Id="i29" i:type="Collision"><Attributes/><ChildElements><URDFElement z:Id="i30" i:type="Origin"><Attributes><Attribute z:Id="i31"><AttributeType>xyz</AttributeType><IsRequired>true</IsRequired><Value i:type="a:ArrayOfdouble" xmlns:a="http://schemas.microsoft.com/2003/10/Serialization/Arrays"><a:double>0</a:double><a:double>0</a:double><a:double>0</a:double></Value></Attribute><Attribute z:Id="i32"><AttributeType>rpy</AttributeType><IsRequired>true</IsRequired><Value i:type="a:ArrayOfdouble" xmlns:a="http://schemas.microsoft.com/2003/10/Serialization/Arrays"><a:double>0</a:double><a:double>0</a:double><a:double>0</a:double></Value></Attribute></Attributes><ChildElements/><ElementName>origin</ElementName><required>false</required><RPYAttribute z:Ref="i32"/><XYZAttribute z:Ref="i31"/><isCustomized>false</isCustomized></URDFElement><URDFElement z:Id="i33" i:type="Geometry"><Attributes/><ChildElements><URDFElement z:Id="i34" i:type="Mesh"><Attributes><Attribute z:Id="i35"><AttributeType>filename</AttributeType><IsRequired>true</IsRequired><Value i:nil="true"/></Attribute></Attributes><ChildElements/><ElementName>mesh</ElementName><required>false</required><FilenameAttribute z:Ref="i35"/></URDFElement></ChildElements><ElementName>geometry</ElementName><required>true</required><Mesh z:Ref="i34"/></URDFElement></ChildElements><ElementName>collision</ElementName><required>false</required><Geometry z:Ref="i33"/><Origin z:Ref="i30"/></URDFElement><URDFElement z:Id="i36" i:type="Joint"><Attributes><Attribute z:Id="i37"><AttributeType>name</AttributeType><IsRequired>true</IsRequired><Value i:type="a:string" xmlns:a="http://www.w3.org/2001/XMLSchema"/></Attribute><Attribute z:Id="i38"><AttributeType>type</AttributeType><IsRequired>true</IsRequired><Value i:type="a:string" xmlns:a="http://www.w3.org/2001/XMLSchema"/></Attribute></Attributes><ChildElements><URDFElement z:Id="i39" i:type="Origin"><Attributes><Attribute z:Id="i40"><AttributeType>xyz</AttributeType><IsRequired>true</IsRequired><Value i:type="a:ArrayOfdouble" xmlns:a="http://schemas.microsoft.com/2003/10/Serialization/Arrays"><a:double>0</a:double><a:double>0</a:double><a:double>0</a:double></Value></Attribute><Attribute z:Id="i41"><AttributeType>rpy</AttributeType><IsRequired>true</IsRequired><Value i:type="a:ArrayOfdouble" xmlns:a="http://schemas.microsoft.com/2003/10/Serialization/Arrays"><a:double>0</a:double><a:double>0</a:double><a:double>0</a:double></Value></Attribute></Attributes><ChildElements/><ElementName>origin</ElementName><required>false</required><RPYAttribute z:Ref="i41"/><XYZAttribute z:Ref="i40"/><isCustomized>false</isCustomized></URDFElement><URDFElement z:Id="i42" i:type="ParentLink"><Attributes><Attribute z:Id="i43"><AttributeType>link</AttributeType><IsRequired>true</IsRequired><Value i:type="a:string" xmlns:a="http://www.w3.org/2001/XMLSchema"/></Attribute></Attributes><ChildElements/><ElementName>parent</ElementName><required>true</required><NameAttribute z:Ref="i43"/></URDFElement><URDFElement z:Id="i44" i:type="ChildLink"><Attributes><Attribute z:Id="i45"><AttributeType>link</AttributeType><IsRequired>true</IsRequired><Value i:type="a:string" xmlns:a="http://www.w3.org/2001/XMLSchema"/></Attribute></Attributes><ChildElements/><ElementName>child</ElementName><required>true</required><NameAttribute z:Ref="i45"/></URDFElement><URDFElement z:Id="i46" i:type="Axis"><Attributes><Attribute z:Id="i47"><AttributeType>xyz</AttributeType><IsRequired>true</IsRequired><Value i:type="a:ArrayOfdouble" xmlns:a="http://schemas.microsoft.com/2003/10/Serialization/Arrays"><a:double>0</a:double><a:double>0</a:double><a:double>0</a:double></Value></Attribute></Attributes><ChildElements/><ElementName>axis</ElementName><required>false</required><XYZAttribute z:Ref="i47"/></URDFElement><URDFElement z:Id="i48" i:type="Limit"><Attributes><Attribute z:Id="i49"><AttributeType>lower</AttributeType><IsRequired>false</IsRequired><Value i:nil="true"/></Attribute><Attribute z:Id="i50"><AttributeType>upper</AttributeType><IsRequired>false</IsRequired><Value i:nil="true"/></Attribute><Attribute z:Id="i51"><AttributeType>effort</AttributeType><IsRequired>true</IsRequired><Value i:nil="true"/></Attribute><Attribute z:Id="i52"><AttributeType>velocity</AttributeType><IsRequired>true</IsRequired><Value i:nil="true"/></Attribute></Attributes><ChildElements/><ElementName>limit</ElementName><required>false</required><EffortAttribute z:Ref="i51"/><LowerAttribute z:Ref="i49"/><UpperAttribute z:Ref="i50"/><VelocityAttribute z:Ref="i52"/></URDFElement><URDFElement z:Id="i53" i:type="Calibration"><Attributes><Attribute z:Id="i54"><AttributeType>rising</AttributeType><IsRequired>false</IsRequired><Value i:nil="true"/></Attribute><Attribute z:Id="i55"><AttributeType>falling</AttributeType><IsRequired>false</IsRequired><Value i:nil="true"/></Attribute></Attributes><ChildElements/><ElementName>calibration</ElementName><required>false</required><FallingAttribute z:Ref="i55"/><RisingAttribute z:Ref="i54"/></URDFElement><URDFElement z:Id="i56" i:type="Dynamics"><Attributes><Attribute z:Id="i57"><AttributeType>damping</AttributeType><IsRequired>false</IsRequired><Value i:nil="true"/></Attribute><Attribute z:Id="i58"><AttributeType>friction</AttributeType><IsRequired>false</IsRequired><Value i:nil="true"/></Attribute></Attributes><ChildElements/><ElementName>dynamics</ElementName><required>false</required><DampingAttribute z:Ref="i57"/><FrictionAttribute z:Ref="i58"/></URDFElement><URDFElement z:Id="i59" i:type="SafetyController"><Attributes><Attribute z:Id="i60"><AttributeType>soft_upper_limit</AttributeType><IsRequired>false</IsRequired><Value i:nil="true"/></Attribute><Attribute z:Id="i61"><AttributeType>soft_lower_limit</AttributeType><IsRequired>false</IsRequired><Value i:nil="true"/></Attribute><Attribute z:Id="i62"><AttributeType>k_position</AttributeType><IsRequired>false</IsRequired><Value i:nil="true"/></Attribute><Attribute z:Id="i63"><AttributeType>k_velocity</AttributeType><IsRequired>true</IsRequired><Value i:nil="true"/></Attribute></Attributes><ChildElements/><ElementName>safety_controller</ElementName><required>false</required><KPositionAttribute z:Ref="i62"/><KVelocityAttribute z:Ref="i63"/><SoftLowerAttribute z:Ref="i61"/><SoftUpperAttribute z:Ref="i60"/></URDFElement><URDFElement z:Id="i64" i:type="Mimic"><Attributes><Attribute z:Id="i65"><AttributeType>joint</AttributeType><IsRequired>true</IsRequired><Value i:nil="true"/></Attribute><Attribute z:Id="i66"><AttributeType>multiplier</AttributeType><IsRequired>false</IsRequired><Value i:nil="true"/></Attribute><Attribute z:Id="i67"><AttributeType>offset</AttributeType><IsRequired>false</IsRequired><Value i:nil="true"/></Attribute></Attributes><ChildElements/><ElementName>mimic</ElementName><required>false</required><JointNameAttribute z:Ref="i65"/><MultiplierAttribute z:Ref="i66"/><OffsetAttribute z:Ref="i67"/></URDFElement></ChildElements><ElementName>joint</ElementName><required>false</required><Axis z:Ref="i46"/><AxisName/><Calibration z:Ref="i53"/><Child z:Ref="i44"/><CoordinateSystemName>Automatically Generate</CoordinateSystemName><Dynamics z:Ref="i56"/><Limit z:Ref="i48"/><Mimic z:Ref="i64"/><NameAttribute z:Ref="i37"/><Origin z:Ref="i39"/><Parent z:Ref="i42"/><Safety z:Ref="i59"/><TypeAttribute z:Ref="i38"/></URDFElement></ChildElements><ElementName>link</ElementName><required>true</required><Children/><Collision z:Ref="i29"/><Inertial z:Ref="i3"/><Joint z:Ref="i36"/><NameAttribute z:Ref="i2"/><Parent i:nil="true"/><STLQualityFine>false</STLQualityFine><SWComponentPIDs xmlns:a="http://schemas.microsoft.com/2003/10/Serialization/Arrays"/><SWMainComponentPID i:nil="true"/><Visual z:Ref="i16"/><isFixedFrame>false</isFixedFrame><isIncomplete>false</isIncomplete></Link>
2025-09-14 21:41:58,936 INFO  LinkNode.cs: 35 - Building node base_link
2025-09-14 21:41:58,936 INFO  CommonSwOperations.cs: 221 - Loading SolidWorks components for base_link from C:\Users\SKY\Documents\5r_cad_model\Main.SLDASM
2025-09-14 21:41:58,936 INFO  CommonSwOperations.cs: 230 - Loaded 0 components for link base_link
2025-09-14 21:41:58,943 INFO  SwAddin.cs: 344 - Showing property manager
2025-09-14 21:42:26,088 INFO  ExportPropertyManager.cs: 422 - Configuration saved
2025-09-14 21:42:26,094 INFO  ConfigurationSerialization.cs: 276 - URDF Configuration found
<Link z:Id="i1" xmlns="http://schemas.datacontract.org/2004/07/SW2URDF" xmlns:i="http://www.w3.org/2001/XMLSchema-instance" xmlns:z="http://schemas.microsoft.com/2003/10/Serialization/"><Attributes><Attribute z:Id="i2"><AttributeType>name</AttributeType><IsRequired>true</IsRequired><Value i:type="a:string" xmlns:a="http://www.w3.org/2001/XMLSchema">base_link</Value></Attribute></Attributes><ChildElements><URDFElement z:Id="i3" i:type="Inertial"><Attributes/><ChildElements><URDFElement z:Id="i4" i:type="Origin"><Attributes><Attribute z:Id="i5"><AttributeType>xyz</AttributeType><IsRequired>true</IsRequired><Value i:type="a:ArrayOfdouble" xmlns:a="http://schemas.microsoft.com/2003/10/Serialization/Arrays"><a:double>0</a:double><a:double>0</a:double><a:double>0</a:double></Value></Attribute><Attribute z:Id="i6"><AttributeType>rpy</AttributeType><IsRequired>true</IsRequired><Value i:type="a:ArrayOfdouble" xmlns:a="http://schemas.microsoft.com/2003/10/Serialization/Arrays"><a:double>0</a:double><a:double>0</a:double><a:double>0</a:double></Value></Attribute></Attributes><ChildElements/><ElementName>origin</ElementName><required>false</required><RPYAttribute z:Ref="i6"/><XYZAttribute z:Ref="i5"/><isCustomized>false</isCustomized></URDFElement><URDFElement z:Id="i7" i:type="Mass"><Attributes><Attribute z:Id="i8"><AttributeType>value</AttributeType><IsRequired>true</IsRequired><Value i:type="a:double" xmlns:a="http://www.w3.org/2001/XMLSchema">0</Value></Attribute></Attributes><ChildElements/><ElementName>mass</ElementName><required>false</required><ValueAttribute z:Ref="i8"/></URDFElement><URDFElement z:Id="i9" i:type="Inertia"><Attributes><Attribute z:Id="i10"><AttributeType>ixx</AttributeType><IsRequired>true</IsRequired><Value i:type="a:double" xmlns:a="http://www.w3.org/2001/XMLSchema">0</Value></Attribute><Attribute z:Id="i11"><AttributeType>ixy</AttributeType><IsRequired>true</IsRequired><Value i:type="a:double" xmlns:a="http://www.w3.org/2001/XMLSchema">0</Value></Attribute><Attribute z:Id="i12"><AttributeType>ixz</AttributeType><IsRequired>true</IsRequired><Value i:type="a:double" xmlns:a="http://www.w3.org/2001/XMLSchema">0</Value></Attribute><Attribute z:Id="i13"><AttributeType>iyy</AttributeType><IsRequired>true</IsRequired><Value i:type="a:double" xmlns:a="http://www.w3.org/2001/XMLSchema">0</Value></Attribute><Attribute z:Id="i14"><AttributeType>iyz</AttributeType><IsRequired>true</IsRequired><Value i:type="a:double" xmlns:a="http://www.w3.org/2001/XMLSchema">0</Value></Attribute><Attribute z:Id="i15"><AttributeType>izz</AttributeType><IsRequired>true</IsRequired><Value i:type="a:double" xmlns:a="http://www.w3.org/2001/XMLSchema">0</Value></Attribute></Attributes><ChildElements/><ElementName>inertia</ElementName><required>false</required><IxxAttribute z:Ref="i10"/><IxyAttribute z:Ref="i11"/><IxzAttribute z:Ref="i12"/><IyyAttribute z:Ref="i13"/><IyzAttribute z:Ref="i14"/><IzzAttribute z:Ref="i15"/></URDFElement></ChildElements><ElementName>inertial</ElementName><required>false</required><Inertia z:Ref="i9"/><Mass z:Ref="i7"/><Origin z:Ref="i4"/></URDFElement><URDFElement z:Id="i16" i:type="Visual"><Attributes/><ChildElements><URDFElement z:Id="i17" i:type="Origin"><Attributes><Attribute z:Id="i18"><AttributeType>xyz</AttributeType><IsRequired>true</IsRequired><Value i:type="a:ArrayOfdouble" xmlns:a="http://schemas.microsoft.com/2003/10/Serialization/Arrays"><a:double>0</a:double><a:double>0</a:double><a:double>0</a:double></Value></Attribute><Attribute z:Id="i19"><AttributeType>rpy</AttributeType><IsRequired>true</IsRequired><Value i:type="a:ArrayOfdouble" xmlns:a="http://schemas.microsoft.com/2003/10/Serialization/Arrays"><a:double>0</a:double><a:double>0</a:double><a:double>0</a:double></Value></Attribute></Attributes><ChildElements/><ElementName>origin</ElementName><required>false</required><RPYAttribute z:Ref="i19"/><XYZAttribute z:Ref="i18"/><isCustomized>false</isCustomized></URDFElement><URDFElement z:Id="i20" i:type="Geometry"><Attributes/><ChildElements><URDFElement z:Id="i21" i:type="Mesh"><Attributes><Attribute z:Id="i22"><AttributeType>filename</AttributeType><IsRequired>true</IsRequired><Value i:nil="true"/></Attribute></Attributes><ChildElements/><ElementName>mesh</ElementName><required>false</required><FilenameAttribute z:Ref="i22"/></URDFElement></ChildElements><ElementName>geometry</ElementName><required>true</required><Mesh z:Ref="i21"/></URDFElement><URDFElement z:Id="i23" i:type="Material"><Attributes><Attribute z:Id="i24"><AttributeType>name</AttributeType><IsRequired>true</IsRequired><Value i:type="a:string" xmlns:a="http://www.w3.org/2001/XMLSchema"/></Attribute></Attributes><ChildElements><URDFElement z:Id="i25" i:type="Color"><Attributes><Attribute z:Id="i26"><AttributeType>rgba</AttributeType><IsRequired>true</IsRequired><Value i:type="a:ArrayOfdouble" xmlns:a="http://schemas.microsoft.com/2003/10/Serialization/Arrays"><a:double>1</a:double><a:double>1</a:double><a:double>1</a:double><a:double>1</a:double></Value></Attribute></Attributes><ChildElements/><ElementName>color</ElementName><required>false</required><RGBAAttribute z:Ref="i26"/></URDFElement><URDFElement z:Id="i27" i:type="Texture"><Attributes><Attribute z:Id="i28"><AttributeType>filename</AttributeType><IsRequired>true</IsRequired><Value i:nil="true"/></Attribute></Attributes><ChildElements/><ElementName>texture</ElementName><required>false</required><FilenameAttribute z:Ref="i28"/><wFilename/></URDFElement></ChildElements><ElementName>material</ElementName><required>false</required><Color z:Ref="i25"/><NameAttribute z:Ref="i24"/><Texture z:Ref="i27"/></URDFElement></ChildElements><ElementName>visual</ElementName><required>false</required><Geometry z:Ref="i20"/><Material z:Ref="i23"/><Origin z:Ref="i17"/></URDFElement><URDFElement z:Id="i29" i:type="Collision"><Attributes/><ChildElements><URDFElement z:Id="i30" i:type="Origin"><Attributes><Attribute z:Id="i31"><AttributeType>xyz</AttributeType><IsRequired>true</IsRequired><Value i:type="a:ArrayOfdouble" xmlns:a="http://schemas.microsoft.com/2003/10/Serialization/Arrays"><a:double>0</a:double><a:double>0</a:double><a:double>0</a:double></Value></Attribute><Attribute z:Id="i32"><AttributeType>rpy</AttributeType><IsRequired>true</IsRequired><Value i:type="a:ArrayOfdouble" xmlns:a="http://schemas.microsoft.com/2003/10/Serialization/Arrays"><a:double>0</a:double><a:double>0</a:double><a:double>0</a:double></Value></Attribute></Attributes><ChildElements/><ElementName>origin</ElementName><required>false</required><RPYAttribute z:Ref="i32"/><XYZAttribute z:Ref="i31"/><isCustomized>false</isCustomized></URDFElement><URDFElement z:Id="i33" i:type="Geometry"><Attributes/><ChildElements><URDFElement z:Id="i34" i:type="Mesh"><Attributes><Attribute z:Id="i35"><AttributeType>filename</AttributeType><IsRequired>true</IsRequired><Value i:nil="true"/></Attribute></Attributes><ChildElements/><ElementName>mesh</ElementName><required>false</required><FilenameAttribute z:Ref="i35"/></URDFElement></ChildElements><ElementName>geometry</ElementName><required>true</required><Mesh z:Ref="i34"/></URDFElement></ChildElements><ElementName>collision</ElementName><required>false</required><Geometry z:Ref="i33"/><Origin z:Ref="i30"/></URDFElement><URDFElement z:Id="i36" i:type="Joint"><Attributes><Attribute z:Id="i37"><AttributeType>name</AttributeType><IsRequired>true</IsRequired><Value i:type="a:string" xmlns:a="http://www.w3.org/2001/XMLSchema"/></Attribute><Attribute z:Id="i38"><AttributeType>type</AttributeType><IsRequired>true</IsRequired><Value i:type="a:string" xmlns:a="http://www.w3.org/2001/XMLSchema"/></Attribute></Attributes><ChildElements><URDFElement z:Id="i39" i:type="Origin"><Attributes><Attribute z:Id="i40"><AttributeType>xyz</AttributeType><IsRequired>true</IsRequired><Value i:type="a:ArrayOfdouble" xmlns:a="http://schemas.microsoft.com/2003/10/Serialization/Arrays"><a:double>0</a:double><a:double>0</a:double><a:double>0</a:double></Value></Attribute><Attribute z:Id="i41"><AttributeType>rpy</AttributeType><IsRequired>true</IsRequired><Value i:type="a:ArrayOfdouble" xmlns:a="http://schemas.microsoft.com/2003/10/Serialization/Arrays"><a:double>0</a:double><a:double>0</a:double><a:double>0</a:double></Value></Attribute></Attributes><ChildElements/><ElementName>origin</ElementName><required>false</required><RPYAttribute z:Ref="i41"/><XYZAttribute z:Ref="i40"/><isCustomized>false</isCustomized></URDFElement><URDFElement z:Id="i42" i:type="ParentLink"><Attributes><Attribute z:Id="i43"><AttributeType>link</AttributeType><IsRequired>true</IsRequired><Value i:type="a:string" xmlns:a="http://www.w3.org/2001/XMLSchema"/></Attribute></Attributes><ChildElements/><ElementName>parent</ElementName><required>true</required><NameAttribute z:Ref="i43"/></URDFElement><URDFElement z:Id="i44" i:type="ChildLink"><Attributes><Attribute z:Id="i45"><AttributeType>link</AttributeType><IsRequired>true</IsRequired><Value i:type="a:string" xmlns:a="http://www.w3.org/2001/XMLSchema"/></Attribute></Attributes><ChildElements/><ElementName>child</ElementName><required>true</required><NameAttribute z:Ref="i45"/></URDFElement><URDFElement z:Id="i46" i:type="Axis"><Attributes><Attribute z:Id="i47"><AttributeType>xyz</AttributeType><IsRequired>true</IsRequired><Value i:type="a:ArrayOfdouble" xmlns:a="http://schemas.microsoft.com/2003/10/Serialization/Arrays"><a:double>0</a:double><a:double>0</a:double><a:double>0</a:double></Value></Attribute></Attributes><ChildElements/><ElementName>axis</ElementName><required>false</required><XYZAttribute z:Ref="i47"/></URDFElement><URDFElement z:Id="i48" i:type="Limit"><Attributes><Attribute z:Id="i49"><AttributeType>lower</AttributeType><IsRequired>false</IsRequired><Value i:nil="true"/></Attribute><Attribute z:Id="i50"><AttributeType>upper</AttributeType><IsRequired>false</IsRequired><Value i:nil="true"/></Attribute><Attribute z:Id="i51"><AttributeType>effort</AttributeType><IsRequired>true</IsRequired><Value i:nil="true"/></Attribute><Attribute z:Id="i52"><AttributeType>velocity</AttributeType><IsRequired>true</IsRequired><Value i:nil="true"/></Attribute></Attributes><ChildElements/><ElementName>limit</ElementName><required>false</required><EffortAttribute z:Ref="i51"/><LowerAttribute z:Ref="i49"/><UpperAttribute z:Ref="i50"/><VelocityAttribute z:Ref="i52"/></URDFElement><URDFElement z:Id="i53" i:type="Calibration"><Attributes><Attribute z:Id="i54"><AttributeType>rising</AttributeType><IsRequired>false</IsRequired><Value i:nil="true"/></Attribute><Attribute z:Id="i55"><AttributeType>falling</AttributeType><IsRequired>false</IsRequired><Value i:nil="true"/></Attribute></Attributes><ChildElements/><ElementName>calibration</ElementName><required>false</required><FallingAttribute z:Ref="i55"/><RisingAttribute z:Ref="i54"/></URDFElement><URDFElement z:Id="i56" i:type="Dynamics"><Attributes><Attribute z:Id="i57"><AttributeType>damping</AttributeType><IsRequired>false</IsRequired><Value i:nil="true"/></Attribute><Attribute z:Id="i58"><AttributeType>friction</AttributeType><IsRequired>false</IsRequired><Value i:nil="true"/></Attribute></Attributes><ChildElements/><ElementName>dynamics</ElementName><required>false</required><DampingAttribute z:Ref="i57"/><FrictionAttribute z:Ref="i58"/></URDFElement><URDFElement z:Id="i59" i:type="SafetyController"><Attributes><Attribute z:Id="i60"><AttributeType>soft_upper_limit</AttributeType><IsRequired>false</IsRequired><Value i:nil="true"/></Attribute><Attribute z:Id="i61"><AttributeType>soft_lower_limit</AttributeType><IsRequired>false</IsRequired><Value i:nil="true"/></Attribute><Attribute z:Id="i62"><AttributeType>k_position</AttributeType><IsRequired>false</IsRequired><Value i:nil="true"/></Attribute><Attribute z:Id="i63"><AttributeType>k_velocity</AttributeType><IsRequired>true</IsRequired><Value i:nil="true"/></Attribute></Attributes><ChildElements/><ElementName>safety_controller</ElementName><required>false</required><KPositionAttribute z:Ref="i62"/><KVelocityAttribute z:Ref="i63"/><SoftLowerAttribute z:Ref="i61"/><SoftUpperAttribute z:Ref="i60"/></URDFElement><URDFElement z:Id="i64" i:type="Mimic"><Attributes><Attribute z:Id="i65"><AttributeType>joint</AttributeType><IsRequired>true</IsRequired><Value i:nil="true"/></Attribute><Attribute z:Id="i66"><AttributeType>multiplier</AttributeType><IsRequired>false</IsRequired><Value i:nil="true"/></Attribute><Attribute z:Id="i67"><AttributeType>offset</AttributeType><IsRequired>false</IsRequired><Value i:nil="true"/></Attribute></Attributes><ChildElements/><ElementName>mimic</ElementName><required>false</required><JointNameAttribute z:Ref="i65"/><MultiplierAttribute z:Ref="i66"/><OffsetAttribute z:Ref="i67"/></URDFElement></ChildElements><ElementName>joint</ElementName><required>false</required><Axis z:Ref="i46"/><AxisName/><Calibration z:Ref="i53"/><Child z:Ref="i44"/><CoordinateSystemName>Automatically Generate</CoordinateSystemName><Dynamics z:Ref="i56"/><Limit z:Ref="i48"/><Mimic z:Ref="i64"/><NameAttribute z:Ref="i37"/><Origin z:Ref="i39"/><Parent z:Ref="i42"/><Safety z:Ref="i59"/><TypeAttribute z:Ref="i38"/></URDFElement></ChildElements><ElementName>link</ElementName><required>true</required><Children/><Collision z:Ref="i29"/><Inertial z:Ref="i3"/><Joint z:Ref="i36"/><NameAttribute z:Ref="i2"/><Parent i:nil="true"/><STLQualityFine>false</STLQualityFine><SWComponentPIDs xmlns:a="http://schemas.microsoft.com/2003/10/Serialization/Arrays"/><SWMainComponentPID i:nil="true"/><Visual z:Ref="i16"/><isFixedFrame>false</isFixedFrame><isIncomplete>false</isIncomplete></Link>
2025-09-14 21:42:28,924 INFO  ExportHelperExtension.cs: 1125 - Retrieving features of type [CoordSys] from Main
2025-09-14 21:42:28,924 INFO  ExportHelperExtension.cs: 1136 - Found 91 in Main
2025-09-14 21:42:28,924 INFO  ExportHelperExtension.cs: 1145 - Found 1 features of type [CoordSys] in Main
2025-09-14 21:42:28,924 INFO  ExportHelperExtension.cs: 1148 - Proceeding through assembly components
2025-09-14 21:42:28,924 INFO  ExportHelperExtension.cs: 1160 - 19 components to check
2025-09-14 21:42:28,924 INFO  ExportHelperExtension.cs: 1125 - Retrieving features of type [CoordSys] from base_plate-1
2025-09-14 21:42:28,924 INFO  ExportHelperExtension.cs: 1136 - Found 30 in base_plate-1
2025-09-14 21:42:28,924 INFO  ExportHelperExtension.cs: 1145 - Found 0 features of type [CoordSys] in base_plate-1
2025-09-14 21:42:28,924 INFO  ExportHelperExtension.cs: 1125 - Retrieving features of type [CoordSys] from link-1
2025-09-14 21:42:28,924 INFO  ExportHelperExtension.cs: 1136 - Found 33 in link-1
2025-09-14 21:42:28,924 INFO  ExportHelperExtension.cs: 1145 - Found 0 features of type [CoordSys] in link-1
2025-09-14 21:42:28,932 INFO  ExportHelperExtension.cs: 1125 - Retrieving features of type [CoordSys] from Nema24 24CS22C-400.step-2
2025-09-14 21:42:28,932 INFO  ExportHelperExtension.cs: 1136 - Found 36 in Nema24 24CS22C-400.step-2
2025-09-14 21:42:28,932 INFO  ExportHelperExtension.cs: 1145 - Found 0 features of type [CoordSys] in Nema24 24CS22C-400.step-2
2025-09-14 21:42:28,932 INFO  ExportHelperExtension.cs: 1125 - Retrieving features of type [CoordSys] from Part8-2
2025-09-14 21:42:28,932 INFO  ExportHelperExtension.cs: 1136 - Found 25 in Part8-2
2025-09-14 21:42:28,932 INFO  ExportHelperExtension.cs: 1145 - Found 0 features of type [CoordSys] in Part8-2
2025-09-14 21:42:28,934 INFO  ExportHelperExtension.cs: 1125 - Retrieving features of type [CoordSys] from 6000rulman-4
2025-09-14 21:42:28,934 INFO  ExportHelperExtension.cs: 1136 - Found 38 in 6000rulman-4
2025-09-14 21:42:28,934 INFO  ExportHelperExtension.cs: 1145 - Found 0 features of type [CoordSys] in 6000rulman-4
2025-09-14 21:42:28,934 INFO  ExportHelperExtension.cs: 1125 - Retrieving features of type [CoordSys] from link-3
2025-09-14 21:42:28,934 INFO  ExportHelperExtension.cs: 1136 - Found 33 in link-3
2025-09-14 21:42:28,934 INFO  ExportHelperExtension.cs: 1145 - Found 0 features of type [CoordSys] in link-3
2025-09-14 21:42:28,934 INFO  ExportHelperExtension.cs: 1125 - Retrieving features of type [CoordSys] from 6000rulman-2
2025-09-14 21:42:28,934 INFO  ExportHelperExtension.cs: 1136 - Found 38 in 6000rulman-2
2025-09-14 21:42:28,936 INFO  ExportHelperExtension.cs: 1145 - Found 0 features of type [CoordSys] in 6000rulman-2
2025-09-14 21:42:28,936 INFO  ExportHelperExtension.cs: 1125 - Retrieving features of type [CoordSys] from 6000rulman-3
2025-09-14 21:42:28,936 INFO  ExportHelperExtension.cs: 1136 - Found 38 in 6000rulman-3
2025-09-14 21:42:28,936 INFO  ExportHelperExtension.cs: 1145 - Found 0 features of type [CoordSys] in 6000rulman-3
2025-09-14 21:42:28,936 INFO  ExportHelperExtension.cs: 1125 - Retrieving features of type [CoordSys] from Part11-1
2025-09-14 21:42:28,936 INFO  ExportHelperExtension.cs: 1136 - Found 25 in Part11-1
2025-09-14 21:42:28,936 INFO  ExportHelperExtension.cs: 1145 - Found 0 features of type [CoordSys] in Part11-1
2025-09-14 21:42:28,936 INFO  ExportHelperExtension.cs: 1125 - Retrieving features of type [CoordSys] from Part8-1
2025-09-14 21:42:28,939 INFO  ExportHelperExtension.cs: 1136 - Found 25 in Part8-1
2025-09-14 21:42:28,939 INFO  ExportHelperExtension.cs: 1145 - Found 0 features of type [CoordSys] in Part8-1
2025-09-14 21:42:28,939 INFO  ExportHelperExtension.cs: 1125 - Retrieving features of type [CoordSys] from Part10-1
2025-09-14 21:42:28,939 INFO  ExportHelperExtension.cs: 1136 - Found 23 in Part10-1
2025-09-14 21:42:28,939 INFO  ExportHelperExtension.cs: 1145 - Found 0 features of type [CoordSys] in Part10-1
2025-09-14 21:42:28,939 INFO  ExportHelperExtension.cs: 1125 - Retrieving features of type [CoordSys] from link-4
2025-09-14 21:42:28,939 INFO  ExportHelperExtension.cs: 1136 - Found 33 in link-4
2025-09-14 21:42:28,939 INFO  ExportHelperExtension.cs: 1145 - Found 0 features of type [CoordSys] in link-4
2025-09-14 21:42:28,939 INFO  ExportHelperExtension.cs: 1125 - Retrieving features of type [CoordSys] from 6000rulman-6
2025-09-14 21:42:28,939 INFO  ExportHelperExtension.cs: 1136 - Found 38 in 6000rulman-6
2025-09-14 21:42:28,939 INFO  ExportHelperExtension.cs: 1145 - Found 0 features of type [CoordSys] in 6000rulman-6
2025-09-14 21:42:28,939 INFO  ExportHelperExtension.cs: 1125 - Retrieving features of type [CoordSys] from 6000rulman-5
2025-09-14 21:42:28,939 INFO  ExportHelperExtension.cs: 1136 - Found 38 in 6000rulman-5
2025-09-14 21:42:28,939 INFO  ExportHelperExtension.cs: 1145 - Found 0 features of type [CoordSys] in 6000rulman-5
2025-09-14 21:42:28,939 INFO  ExportHelperExtension.cs: 1125 - Retrieving features of type [CoordSys] from Part11-3
2025-09-14 21:42:28,944 INFO  ExportHelperExtension.cs: 1136 - Found 25 in Part11-3
2025-09-14 21:42:28,944 INFO  ExportHelperExtension.cs: 1145 - Found 0 features of type [CoordSys] in Part11-3
2025-09-14 21:42:28,944 INFO  ExportHelperExtension.cs: 1125 - Retrieving features of type [CoordSys] from 6000rulman-7
2025-09-14 21:42:28,944 INFO  ExportHelperExtension.cs: 1136 - Found 38 in 6000rulman-7
2025-09-14 21:42:28,944 INFO  ExportHelperExtension.cs: 1145 - Found 0 features of type [CoordSys] in 6000rulman-7
2025-09-14 21:42:28,944 INFO  ExportHelperExtension.cs: 1125 - Retrieving features of type [CoordSys] from link-5
2025-09-14 21:42:28,944 INFO  ExportHelperExtension.cs: 1136 - Found 33 in link-5
2025-09-14 21:42:28,944 INFO  ExportHelperExtension.cs: 1145 - Found 0 features of type [CoordSys] in link-5
2025-09-14 21:42:28,944 INFO  ExportHelperExtension.cs: 1125 - Retrieving features of type [CoordSys] from Part11-2
2025-09-14 21:42:28,946 INFO  ExportHelperExtension.cs: 1136 - Found 25 in Part11-2
2025-09-14 21:42:28,946 INFO  ExportHelperExtension.cs: 1145 - Found 0 features of type [CoordSys] in Part11-2
2025-09-14 21:42:28,946 INFO  ExportHelperExtension.cs: 1125 - Retrieving features of type [CoordSys] from Nema24 24CS22C-400.step-5
2025-09-14 21:42:28,946 INFO  ExportHelperExtension.cs: 1136 - Found 36 in Nema24 24CS22C-400.step-5
2025-09-14 21:42:28,946 INFO  ExportHelperExtension.cs: 1145 - Found 0 features of type [CoordSys] in Nema24 24CS22C-400.step-5
2025-09-14 21:42:28,946 INFO  ExportHelperExtension.cs: 1125 - Retrieving features of type [RefAxis] from Main
2025-09-14 21:42:28,946 INFO  ExportHelperExtension.cs: 1136 - Found 91 in Main
2025-09-14 21:42:28,946 INFO  ExportHelperExtension.cs: 1145 - Found 0 features of type [RefAxis] in Main
2025-09-14 21:42:28,946 INFO  ExportHelperExtension.cs: 1148 - Proceeding through assembly components
2025-09-14 21:42:28,946 INFO  ExportHelperExtension.cs: 1160 - 19 components to check
2025-09-14 21:42:28,946 INFO  ExportHelperExtension.cs: 1125 - Retrieving features of type [RefAxis] from base_plate-1
2025-09-14 21:42:28,946 INFO  ExportHelperExtension.cs: 1136 - Found 30 in base_plate-1
2025-09-14 21:42:28,946 INFO  ExportHelperExtension.cs: 1145 - Found 0 features of type [RefAxis] in base_plate-1
2025-09-14 21:42:28,946 INFO  ExportHelperExtension.cs: 1125 - Retrieving features of type [RefAxis] from link-1
2025-09-14 21:42:28,946 INFO  ExportHelperExtension.cs: 1136 - Found 33 in link-1
2025-09-14 21:42:28,946 INFO  ExportHelperExtension.cs: 1145 - Found 0 features of type [RefAxis] in link-1
2025-09-14 21:42:28,946 INFO  ExportHelperExtension.cs: 1125 - Retrieving features of type [RefAxis] from Nema24 24CS22C-400.step-2
2025-09-14 21:42:28,946 INFO  ExportHelperExtension.cs: 1136 - Found 36 in Nema24 24CS22C-400.step-2
2025-09-14 21:42:28,946 INFO  ExportHelperExtension.cs: 1145 - Found 0 features of type [RefAxis] in Nema24 24CS22C-400.step-2
2025-09-14 21:42:28,946 INFO  ExportHelperExtension.cs: 1125 - Retrieving features of type [RefAxis] from Part8-2
2025-09-14 21:42:28,946 INFO  ExportHelperExtension.cs: 1136 - Found 25 in Part8-2
2025-09-14 21:42:28,946 INFO  ExportHelperExtension.cs: 1145 - Found 0 features of type [RefAxis] in Part8-2
2025-09-14 21:42:28,946 INFO  ExportHelperExtension.cs: 1125 - Retrieving features of type [RefAxis] from 6000rulman-4
2025-09-14 21:42:28,954 INFO  ExportHelperExtension.cs: 1136 - Found 38 in 6000rulman-4
2025-09-14 21:42:28,954 INFO  ExportHelperExtension.cs: 1145 - Found 0 features of type [RefAxis] in 6000rulman-4
2025-09-14 21:42:28,954 INFO  ExportHelperExtension.cs: 1125 - Retrieving features of type [RefAxis] from link-3
2025-09-14 21:42:28,955 INFO  ExportHelperExtension.cs: 1136 - Found 33 in link-3
2025-09-14 21:42:28,955 INFO  ExportHelperExtension.cs: 1145 - Found 0 features of type [RefAxis] in link-3
2025-09-14 21:42:28,955 INFO  ExportHelperExtension.cs: 1125 - Retrieving features of type [RefAxis] from 6000rulman-2
2025-09-14 21:42:28,955 INFO  ExportHelperExtension.cs: 1136 - Found 38 in 6000rulman-2
2025-09-14 21:42:28,955 INFO  ExportHelperExtension.cs: 1145 - Found 0 features of type [RefAxis] in 6000rulman-2
2025-09-14 21:42:28,956 INFO  ExportHelperExtension.cs: 1125 - Retrieving features of type [RefAxis] from 6000rulman-3
2025-09-14 21:42:28,956 INFO  ExportHelperExtension.cs: 1136 - Found 38 in 6000rulman-3
2025-09-14 21:42:28,956 INFO  ExportHelperExtension.cs: 1145 - Found 0 features of type [RefAxis] in 6000rulman-3
2025-09-14 21:42:28,956 INFO  ExportHelperExtension.cs: 1125 - Retrieving features of type [RefAxis] from Part11-1
2025-09-14 21:42:28,956 INFO  ExportHelperExtension.cs: 1136 - Found 25 in Part11-1
2025-09-14 21:42:28,956 INFO  ExportHelperExtension.cs: 1145 - Found 0 features of type [RefAxis] in Part11-1
2025-09-14 21:42:28,956 INFO  ExportHelperExtension.cs: 1125 - Retrieving features of type [RefAxis] from Part8-1
2025-09-14 21:42:28,956 INFO  ExportHelperExtension.cs: 1136 - Found 25 in Part8-1
2025-09-14 21:42:28,956 INFO  ExportHelperExtension.cs: 1145 - Found 0 features of type [RefAxis] in Part8-1
2025-09-14 21:42:28,956 INFO  ExportHelperExtension.cs: 1125 - Retrieving features of type [RefAxis] from Part10-1
2025-09-14 21:42:28,956 INFO  ExportHelperExtension.cs: 1136 - Found 23 in Part10-1
2025-09-14 21:42:28,964 INFO  ExportHelperExtension.cs: 1145 - Found 0 features of type [RefAxis] in Part10-1
2025-09-14 21:42:28,966 INFO  ExportHelperExtension.cs: 1125 - Retrieving features of type [RefAxis] from link-4
2025-09-14 21:42:29,034 INFO  ExportHelperExtension.cs: 1136 - Found 33 in link-4
2025-09-14 21:42:29,034 INFO  ExportHelperExtension.cs: 1145 - Found 0 features of type [RefAxis] in link-4
2025-09-14 21:42:29,034 INFO  ExportHelperExtension.cs: 1125 - Retrieving features of type [RefAxis] from 6000rulman-6
2025-09-14 21:42:29,034 INFO  ExportHelperExtension.cs: 1136 - Found 38 in 6000rulman-6
2025-09-14 21:42:29,034 INFO  ExportHelperExtension.cs: 1145 - Found 0 features of type [RefAxis] in 6000rulman-6
2025-09-14 21:42:29,034 INFO  ExportHelperExtension.cs: 1125 - Retrieving features of type [RefAxis] from 6000rulman-5
2025-09-14 21:42:29,034 INFO  ExportHelperExtension.cs: 1136 - Found 38 in 6000rulman-5
2025-09-14 21:42:29,034 INFO  ExportHelperExtension.cs: 1145 - Found 0 features of type [RefAxis] in 6000rulman-5
2025-09-14 21:42:29,034 INFO  ExportHelperExtension.cs: 1125 - Retrieving features of type [RefAxis] from Part11-3
2025-09-14 21:42:29,034 INFO  ExportHelperExtension.cs: 1136 - Found 25 in Part11-3
2025-09-14 21:42:29,034 INFO  ExportHelperExtension.cs: 1145 - Found 0 features of type [RefAxis] in Part11-3
2025-09-14 21:42:29,034 INFO  ExportHelperExtension.cs: 1125 - Retrieving features of type [RefAxis] from 6000rulman-7
2025-09-14 21:42:29,034 INFO  ExportHelperExtension.cs: 1136 - Found 38 in 6000rulman-7
2025-09-14 21:42:29,034 INFO  ExportHelperExtension.cs: 1145 - Found 0 features of type [RefAxis] in 6000rulman-7
2025-09-14 21:42:29,034 INFO  ExportHelperExtension.cs: 1125 - Retrieving features of type [RefAxis] from link-5
2025-09-14 21:42:29,034 INFO  ExportHelperExtension.cs: 1136 - Found 33 in link-5
2025-09-14 21:42:29,034 INFO  ExportHelperExtension.cs: 1145 - Found 0 features of type [RefAxis] in link-5
2025-09-14 21:42:29,034 INFO  ExportHelperExtension.cs: 1125 - Retrieving features of type [RefAxis] from Part11-2
2025-09-14 21:42:29,034 INFO  ExportHelperExtension.cs: 1136 - Found 25 in Part11-2
2025-09-14 21:42:29,034 INFO  ExportHelperExtension.cs: 1145 - Found 0 features of type [RefAxis] in Part11-2
2025-09-14 21:42:29,034 INFO  ExportHelperExtension.cs: 1125 - Retrieving features of type [RefAxis] from Nema24 24CS22C-400.step-5
2025-09-14 21:42:29,034 INFO  ExportHelperExtension.cs: 1136 - Found 36 in Nema24 24CS22C-400.step-5
2025-09-14 21:42:29,044 INFO  ExportHelperExtension.cs: 1145 - Found 0 features of type [RefAxis] in Nema24 24CS22C-400.step-5
2025-09-14 21:42:29,097 INFO  ExportPropertyManager.cs: 1142 - AfterClose called. This method no longer throws an Exception. It just silently does nothing. Ok, except for this logging message
2025-09-14 21:44:14,527 INFO  SwAddin.cs: 294 - Assembly export called for file Main
2025-09-14 21:44:14,527 INFO  SwAddin.cs: 299 - Save is required
2025-09-14 21:44:14,527 INFO  SwAddin.cs: 313 - Saving assembly
2025-09-14 21:44:15,097 INFO  SwAddin.cs: 316 - Opening property manager
2025-09-14 21:44:15,097 INFO  ExportHelperExtension.cs: 1125 - Retrieving features of type [CoordSys] from Main
2025-09-14 21:44:15,097 INFO  ExportHelperExtension.cs: 1136 - Found 88 in Main
2025-09-14 21:44:15,105 INFO  ExportHelperExtension.cs: 1145 - Found 0 features of type [CoordSys] in Main
2025-09-14 21:44:15,105 INFO  ExportHelperExtension.cs: 1148 - Proceeding through assembly components
2025-09-14 21:44:15,105 INFO  ExportHelperExtension.cs: 1160 - 19 components to check
2025-09-14 21:44:15,106 INFO  ExportHelperExtension.cs: 1125 - Retrieving features of type [CoordSys] from base_plate-1
2025-09-14 21:44:15,106 INFO  ExportHelperExtension.cs: 1136 - Found 30 in base_plate-1
2025-09-14 21:44:15,106 INFO  ExportHelperExtension.cs: 1145 - Found 0 features of type [CoordSys] in base_plate-1
2025-09-14 21:44:15,106 INFO  ExportHelperExtension.cs: 1125 - Retrieving features of type [CoordSys] from link-1
2025-09-14 21:44:15,106 INFO  ExportHelperExtension.cs: 1136 - Found 33 in link-1
2025-09-14 21:44:15,106 INFO  ExportHelperExtension.cs: 1145 - Found 0 features of type [CoordSys] in link-1
2025-09-14 21:44:15,106 INFO  ExportHelperExtension.cs: 1125 - Retrieving features of type [CoordSys] from Nema24 24CS22C-400.step-2
2025-09-14 21:44:15,106 INFO  ExportHelperExtension.cs: 1136 - Found 36 in Nema24 24CS22C-400.step-2
2025-09-14 21:44:15,106 INFO  ExportHelperExtension.cs: 1145 - Found 0 features of type [CoordSys] in Nema24 24CS22C-400.step-2
2025-09-14 21:44:15,106 INFO  ExportHelperExtension.cs: 1125 - Retrieving features of type [CoordSys] from Part8-2
2025-09-14 21:44:15,106 INFO  ExportHelperExtension.cs: 1136 - Found 25 in Part8-2
2025-09-14 21:44:15,106 INFO  ExportHelperExtension.cs: 1145 - Found 0 features of type [CoordSys] in Part8-2
2025-09-14 21:44:15,106 INFO  ExportHelperExtension.cs: 1125 - Retrieving features of type [CoordSys] from 6000rulman-4
2025-09-14 21:44:15,106 INFO  ExportHelperExtension.cs: 1136 - Found 38 in 6000rulman-4
2025-09-14 21:44:15,106 INFO  ExportHelperExtension.cs: 1145 - Found 0 features of type [CoordSys] in 6000rulman-4
2025-09-14 21:44:15,106 INFO  ExportHelperExtension.cs: 1125 - Retrieving features of type [CoordSys] from link-3
2025-09-14 21:44:15,106 INFO  ExportHelperExtension.cs: 1136 - Found 33 in link-3
2025-09-14 21:44:15,106 INFO  ExportHelperExtension.cs: 1145 - Found 0 features of type [CoordSys] in link-3
2025-09-14 21:44:15,106 INFO  ExportHelperExtension.cs: 1125 - Retrieving features of type [CoordSys] from 6000rulman-2
2025-09-14 21:44:15,106 INFO  ExportHelperExtension.cs: 1136 - Found 38 in 6000rulman-2
2025-09-14 21:44:15,106 INFO  ExportHelperExtension.cs: 1145 - Found 0 features of type [CoordSys] in 6000rulman-2
2025-09-14 21:44:15,106 INFO  ExportHelperExtension.cs: 1125 - Retrieving features of type [CoordSys] from 6000rulman-3
2025-09-14 21:44:15,106 INFO  ExportHelperExtension.cs: 1136 - Found 38 in 6000rulman-3
2025-09-14 21:44:15,106 INFO  ExportHelperExtension.cs: 1145 - Found 0 features of type [CoordSys] in 6000rulman-3
2025-09-14 21:44:15,106 INFO  ExportHelperExtension.cs: 1125 - Retrieving features of type [CoordSys] from Part11-1
2025-09-14 21:44:15,106 INFO  ExportHelperExtension.cs: 1136 - Found 25 in Part11-1
2025-09-14 21:44:15,106 INFO  ExportHelperExtension.cs: 1145 - Found 0 features of type [CoordSys] in Part11-1
2025-09-14 21:44:15,106 INFO  ExportHelperExtension.cs: 1125 - Retrieving features of type [CoordSys] from Part8-1
2025-09-14 21:44:15,121 INFO  ExportHelperExtension.cs: 1136 - Found 25 in Part8-1
2025-09-14 21:44:15,121 INFO  ExportHelperExtension.cs: 1145 - Found 0 features of type [CoordSys] in Part8-1
2025-09-14 21:44:15,121 INFO  ExportHelperExtension.cs: 1125 - Retrieving features of type [CoordSys] from Part10-1
2025-09-14 21:44:15,136 INFO  ExportHelperExtension.cs: 1136 - Found 23 in Part10-1
2025-09-14 21:44:15,136 INFO  ExportHelperExtension.cs: 1145 - Found 0 features of type [CoordSys] in Part10-1
2025-09-14 21:44:15,136 INFO  ExportHelperExtension.cs: 1125 - Retrieving features of type [CoordSys] from link-4
2025-09-14 21:44:15,136 INFO  ExportHelperExtension.cs: 1136 - Found 33 in link-4
2025-09-14 21:44:15,136 INFO  ExportHelperExtension.cs: 1145 - Found 0 features of type [CoordSys] in link-4
2025-09-14 21:44:15,136 INFO  ExportHelperExtension.cs: 1125 - Retrieving features of type [CoordSys] from 6000rulman-6
2025-09-14 21:44:15,136 INFO  ExportHelperExtension.cs: 1136 - Found 38 in 6000rulman-6
2025-09-14 21:44:15,139 INFO  ExportHelperExtension.cs: 1145 - Found 0 features of type [CoordSys] in 6000rulman-6
2025-09-14 21:44:15,139 INFO  ExportHelperExtension.cs: 1125 - Retrieving features of type [CoordSys] from 6000rulman-5
2025-09-14 21:44:15,139 INFO  ExportHelperExtension.cs: 1136 - Found 38 in 6000rulman-5
2025-09-14 21:44:15,139 INFO  ExportHelperExtension.cs: 1145 - Found 0 features of type [CoordSys] in 6000rulman-5
2025-09-14 21:44:15,139 INFO  ExportHelperExtension.cs: 1125 - Retrieving features of type [CoordSys] from Part11-3
2025-09-14 21:44:15,139 INFO  ExportHelperExtension.cs: 1136 - Found 25 in Part11-3
2025-09-14 21:44:15,139 INFO  ExportHelperExtension.cs: 1145 - Found 0 features of type [CoordSys] in Part11-3
2025-09-14 21:44:15,139 INFO  ExportHelperExtension.cs: 1125 - Retrieving features of type [CoordSys] from 6000rulman-7
2025-09-14 21:44:15,139 INFO  ExportHelperExtension.cs: 1136 - Found 38 in 6000rulman-7
2025-09-14 21:44:15,139 INFO  ExportHelperExtension.cs: 1145 - Found 0 features of type [CoordSys] in 6000rulman-7
2025-09-14 21:44:15,139 INFO  ExportHelperExtension.cs: 1125 - Retrieving features of type [CoordSys] from link-5
2025-09-14 21:44:15,139 INFO  ExportHelperExtension.cs: 1136 - Found 33 in link-5
2025-09-14 21:44:15,139 INFO  ExportHelperExtension.cs: 1145 - Found 0 features of type [CoordSys] in link-5
2025-09-14 21:44:15,139 INFO  ExportHelperExtension.cs: 1125 - Retrieving features of type [CoordSys] from Part11-2
2025-09-14 21:44:15,139 INFO  ExportHelperExtension.cs: 1136 - Found 25 in Part11-2
2025-09-14 21:44:15,139 INFO  ExportHelperExtension.cs: 1145 - Found 0 features of type [CoordSys] in Part11-2
2025-09-14 21:44:15,139 INFO  ExportHelperExtension.cs: 1125 - Retrieving features of type [CoordSys] from Nema24 24CS22C-400.step-5
2025-09-14 21:44:15,139 INFO  ExportHelperExtension.cs: 1136 - Found 36 in Nema24 24CS22C-400.step-5
2025-09-14 21:44:15,139 INFO  ExportHelperExtension.cs: 1145 - Found 0 features of type [CoordSys] in Nema24 24CS22C-400.step-5
2025-09-14 21:44:15,139 INFO  ExportHelperExtension.cs: 1125 - Retrieving features of type [RefAxis] from Main
2025-09-14 21:44:15,139 INFO  ExportHelperExtension.cs: 1136 - Found 88 in Main
2025-09-14 21:44:15,139 INFO  ExportHelperExtension.cs: 1145 - Found 0 features of type [RefAxis] in Main
2025-09-14 21:44:15,146 INFO  ExportHelperExtension.cs: 1148 - Proceeding through assembly components
2025-09-14 21:44:15,146 INFO  ExportHelperExtension.cs: 1160 - 19 components to check
2025-09-14 21:44:15,146 INFO  ExportHelperExtension.cs: 1125 - Retrieving features of type [RefAxis] from base_plate-1
2025-09-14 21:44:15,146 INFO  ExportHelperExtension.cs: 1136 - Found 30 in base_plate-1
2025-09-14 21:44:15,146 INFO  ExportHelperExtension.cs: 1145 - Found 0 features of type [RefAxis] in base_plate-1
2025-09-14 21:44:15,146 INFO  ExportHelperExtension.cs: 1125 - Retrieving features of type [RefAxis] from link-1
2025-09-14 21:44:15,146 INFO  ExportHelperExtension.cs: 1136 - Found 33 in link-1
2025-09-14 21:44:15,146 INFO  ExportHelperExtension.cs: 1145 - Found 0 features of type [RefAxis] in link-1
2025-09-14 21:44:15,149 INFO  ExportHelperExtension.cs: 1125 - Retrieving features of type [RefAxis] from Nema24 24CS22C-400.step-2
2025-09-14 21:44:15,149 INFO  ExportHelperExtension.cs: 1136 - Found 36 in Nema24 24CS22C-400.step-2
2025-09-14 21:44:15,149 INFO  ExportHelperExtension.cs: 1145 - Found 0 features of type [RefAxis] in Nema24 24CS22C-400.step-2
2025-09-14 21:44:15,149 INFO  ExportHelperExtension.cs: 1125 - Retrieving features of type [RefAxis] from Part8-2
2025-09-14 21:44:15,149 INFO  ExportHelperExtension.cs: 1136 - Found 25 in Part8-2
2025-09-14 21:44:15,149 INFO  ExportHelperExtension.cs: 1145 - Found 0 features of type [RefAxis] in Part8-2
2025-09-14 21:44:15,149 INFO  ExportHelperExtension.cs: 1125 - Retrieving features of type [RefAxis] from 6000rulman-4
2025-09-14 21:44:15,149 INFO  ExportHelperExtension.cs: 1136 - Found 38 in 6000rulman-4
2025-09-14 21:44:15,151 INFO  ExportHelperExtension.cs: 1145 - Found 0 features of type [RefAxis] in 6000rulman-4
2025-09-14 21:44:15,151 INFO  ExportHelperExtension.cs: 1125 - Retrieving features of type [RefAxis] from link-3
2025-09-14 21:44:15,151 INFO  ExportHelperExtension.cs: 1136 - Found 33 in link-3
2025-09-14 21:44:15,152 INFO  ExportHelperExtension.cs: 1145 - Found 0 features of type [RefAxis] in link-3
2025-09-14 21:44:15,152 INFO  ExportHelperExtension.cs: 1125 - Retrieving features of type [RefAxis] from 6000rulman-2
2025-09-14 21:44:15,152 INFO  ExportHelperExtension.cs: 1136 - Found 38 in 6000rulman-2
2025-09-14 21:44:15,152 INFO  ExportHelperExtension.cs: 1145 - Found 0 features of type [RefAxis] in 6000rulman-2
2025-09-14 21:44:15,152 INFO  ExportHelperExtension.cs: 1125 - Retrieving features of type [RefAxis] from 6000rulman-3
2025-09-14 21:44:15,152 INFO  ExportHelperExtension.cs: 1136 - Found 38 in 6000rulman-3
2025-09-14 21:44:15,154 INFO  ExportHelperExtension.cs: 1145 - Found 0 features of type [RefAxis] in 6000rulman-3
2025-09-14 21:44:15,154 INFO  ExportHelperExtension.cs: 1125 - Retrieving features of type [RefAxis] from Part11-1
2025-09-14 21:44:15,154 INFO  ExportHelperExtension.cs: 1136 - Found 25 in Part11-1
2025-09-14 21:44:15,154 INFO  ExportHelperExtension.cs: 1145 - Found 0 features of type [RefAxis] in Part11-1
2025-09-14 21:44:15,154 INFO  ExportHelperExtension.cs: 1125 - Retrieving features of type [RefAxis] from Part8-1
2025-09-14 21:44:15,154 INFO  ExportHelperExtension.cs: 1136 - Found 25 in Part8-1
2025-09-14 21:44:15,154 INFO  ExportHelperExtension.cs: 1145 - Found 0 features of type [RefAxis] in Part8-1
2025-09-14 21:44:15,156 INFO  ExportHelperExtension.cs: 1125 - Retrieving features of type [RefAxis] from Part10-1
2025-09-14 21:44:15,156 INFO  ExportHelperExtension.cs: 1136 - Found 23 in Part10-1
2025-09-14 21:44:15,156 INFO  ExportHelperExtension.cs: 1145 - Found 0 features of type [RefAxis] in Part10-1
2025-09-14 21:44:15,156 INFO  ExportHelperExtension.cs: 1125 - Retrieving features of type [RefAxis] from link-4
2025-09-14 21:44:15,156 INFO  ExportHelperExtension.cs: 1136 - Found 33 in link-4
2025-09-14 21:44:15,156 INFO  ExportHelperExtension.cs: 1145 - Found 0 features of type [RefAxis] in link-4
2025-09-14 21:44:15,156 INFO  ExportHelperExtension.cs: 1125 - Retrieving features of type [RefAxis] from 6000rulman-6
2025-09-14 21:44:15,156 INFO  ExportHelperExtension.cs: 1136 - Found 38 in 6000rulman-6
2025-09-14 21:44:15,159 INFO  ExportHelperExtension.cs: 1145 - Found 0 features of type [RefAxis] in 6000rulman-6
2025-09-14 21:44:15,159 INFO  ExportHelperExtension.cs: 1125 - Retrieving features of type [RefAxis] from 6000rulman-5
2025-09-14 21:44:15,159 INFO  ExportHelperExtension.cs: 1136 - Found 38 in 6000rulman-5
2025-09-14 21:44:15,159 INFO  ExportHelperExtension.cs: 1145 - Found 0 features of type [RefAxis] in 6000rulman-5
2025-09-14 21:44:15,159 INFO  ExportHelperExtension.cs: 1125 - Retrieving features of type [RefAxis] from Part11-3
2025-09-14 21:44:15,159 INFO  ExportHelperExtension.cs: 1136 - Found 25 in Part11-3
2025-09-14 21:44:15,159 INFO  ExportHelperExtension.cs: 1145 - Found 0 features of type [RefAxis] in Part11-3
2025-09-14 21:44:15,161 INFO  ExportHelperExtension.cs: 1125 - Retrieving features of type [RefAxis] from 6000rulman-7
2025-09-14 21:44:15,161 INFO  ExportHelperExtension.cs: 1136 - Found 38 in 6000rulman-7
2025-09-14 21:44:15,161 INFO  ExportHelperExtension.cs: 1145 - Found 0 features of type [RefAxis] in 6000rulman-7
2025-09-14 21:44:15,162 INFO  ExportHelperExtension.cs: 1125 - Retrieving features of type [RefAxis] from link-5
2025-09-14 21:44:15,162 INFO  ExportHelperExtension.cs: 1136 - Found 33 in link-5
2025-09-14 21:44:15,162 INFO  ExportHelperExtension.cs: 1145 - Found 0 features of type [RefAxis] in link-5
2025-09-14 21:44:15,162 INFO  ExportHelperExtension.cs: 1125 - Retrieving features of type [RefAxis] from Part11-2
2025-09-14 21:44:15,162 INFO  ExportHelperExtension.cs: 1136 - Found 25 in Part11-2
2025-09-14 21:44:15,162 INFO  ExportHelperExtension.cs: 1145 - Found 0 features of type [RefAxis] in Part11-2
2025-09-14 21:44:15,162 INFO  ExportHelperExtension.cs: 1125 - Retrieving features of type [RefAxis] from Nema24 24CS22C-400.step-5
2025-09-14 21:44:15,164 INFO  ExportHelperExtension.cs: 1136 - Found 36 in Nema24 24CS22C-400.step-5
2025-09-14 21:44:15,164 INFO  ExportHelperExtension.cs: 1145 - Found 0 features of type [RefAxis] in Nema24 24CS22C-400.step-5
2025-09-14 21:44:15,468 INFO  SwAddin.cs: 339 - Loading config tree
2025-09-14 21:44:15,470 INFO  ExportPropertyManagerExtension.cs: 520 - Starting new configuration
2025-09-14 21:44:15,472 INFO  SwAddin.cs: 344 - Showing property manager
2025-09-14 21:44:21,793 INFO  ExportPropertyManager.cs: 1136 - OnNumberBoxTrackingCompleted called. This method no longer throws an Exception. It just silently does nothing. Ok, except for this logging message
2025-09-14 21:45:35,061 INFO  ExportPropertyManager.cs: 1036 - OnListboxSelectionChanged called. This method no longer throws an Exception. It just silently does nothing. Ok, except for this logging message
2025-09-14 21:45:40,218 INFO  ExportPropertyManager.cs: 1136 - OnNumberBoxTrackingCompleted called. This method no longer throws an Exception. It just silently does nothing. Ok, except for this logging message
2025-09-14 21:45:45,221 INFO  ExportPropertyManager.cs: 1142 - AfterClose called. This method no longer throws an Exception. It just silently does nothing. Ok, except for this logging message
2025-09-14 21:45:48,579 INFO  SwAddin.cs: 294 - Assembly export called for file Main
2025-09-14 21:45:48,579 INFO  SwAddin.cs: 299 - Save is required
2025-09-14 21:45:48,579 INFO  SwAddin.cs: 313 - Saving assembly
2025-09-14 21:45:49,101 INFO  SwAddin.cs: 316 - Opening property manager
2025-09-14 21:45:49,101 INFO  ExportHelperExtension.cs: 1125 - Retrieving features of type [CoordSys] from Main
2025-09-14 21:45:49,101 INFO  ExportHelperExtension.cs: 1136 - Found 88 in Main
2025-09-14 21:45:49,101 INFO  ExportHelperExtension.cs: 1145 - Found 0 features of type [CoordSys] in Main
2025-09-14 21:45:49,101 INFO  ExportHelperExtension.cs: 1148 - Proceeding through assembly components
2025-09-14 21:45:49,101 INFO  ExportHelperExtension.cs: 1160 - 19 components to check
2025-09-14 21:45:49,101 INFO  ExportHelperExtension.cs: 1125 - Retrieving features of type [CoordSys] from base_plate-1
2025-09-14 21:45:49,101 INFO  ExportHelperExtension.cs: 1136 - Found 30 in base_plate-1
2025-09-14 21:45:49,101 INFO  ExportHelperExtension.cs: 1145 - Found 0 features of type [CoordSys] in base_plate-1
2025-09-14 21:45:49,101 INFO  ExportHelperExtension.cs: 1125 - Retrieving features of type [CoordSys] from link-1
2025-09-14 21:45:49,101 INFO  ExportHelperExtension.cs: 1136 - Found 33 in link-1
2025-09-14 21:45:49,101 INFO  ExportHelperExtension.cs: 1145 - Found 0 features of type [CoordSys] in link-1
2025-09-14 21:45:49,101 INFO  ExportHelperExtension.cs: 1125 - Retrieving features of type [CoordSys] from Nema24 24CS22C-400.step-2
2025-09-14 21:45:49,101 INFO  ExportHelperExtension.cs: 1136 - Found 36 in Nema24 24CS22C-400.step-2
2025-09-14 21:45:49,101 INFO  ExportHelperExtension.cs: 1145 - Found 0 features of type [CoordSys] in Nema24 24CS22C-400.step-2
2025-09-14 21:45:49,101 INFO  ExportHelperExtension.cs: 1125 - Retrieving features of type [CoordSys] from Part8-2
2025-09-14 21:45:49,107 INFO  ExportHelperExtension.cs: 1136 - Found 25 in Part8-2
2025-09-14 21:45:49,107 INFO  ExportHelperExtension.cs: 1145 - Found 0 features of type [CoordSys] in Part8-2
2025-09-14 21:45:49,107 INFO  ExportHelperExtension.cs: 1125 - Retrieving features of type [CoordSys] from 6000rulman-4
2025-09-14 21:45:49,107 INFO  ExportHelperExtension.cs: 1136 - Found 38 in 6000rulman-4
2025-09-14 21:45:49,107 INFO  ExportHelperExtension.cs: 1145 - Found 0 features of type [CoordSys] in 6000rulman-4
2025-09-14 21:45:49,107 INFO  ExportHelperExtension.cs: 1125 - Retrieving features of type [CoordSys] from link-3
2025-09-14 21:45:49,109 INFO  ExportHelperExtension.cs: 1136 - Found 33 in link-3
2025-09-14 21:45:49,109 INFO  ExportHelperExtension.cs: 1145 - Found 0 features of type [CoordSys] in link-3
2025-09-14 21:45:49,109 INFO  ExportHelperExtension.cs: 1125 - Retrieving features of type [CoordSys] from 6000rulman-2
2025-09-14 21:45:49,109 INFO  ExportHelperExtension.cs: 1136 - Found 38 in 6000rulman-2
2025-09-14 21:45:49,109 INFO  ExportHelperExtension.cs: 1145 - Found 0 features of type [CoordSys] in 6000rulman-2
2025-09-14 21:45:49,109 INFO  ExportHelperExtension.cs: 1125 - Retrieving features of type [CoordSys] from 6000rulman-3
2025-09-14 21:45:49,109 INFO  ExportHelperExtension.cs: 1136 - Found 38 in 6000rulman-3
2025-09-14 21:45:49,109 INFO  ExportHelperExtension.cs: 1145 - Found 0 features of type [CoordSys] in 6000rulman-3
2025-09-14 21:45:49,109 INFO  ExportHelperExtension.cs: 1125 - Retrieving features of type [CoordSys] from Part11-1
2025-09-14 21:45:49,109 INFO  ExportHelperExtension.cs: 1136 - Found 25 in Part11-1
2025-09-14 21:45:49,109 INFO  ExportHelperExtension.cs: 1145 - Found 0 features of type [CoordSys] in Part11-1
2025-09-14 21:45:49,119 INFO  ExportHelperExtension.cs: 1125 - Retrieving features of type [CoordSys] from Part8-1
2025-09-14 21:45:49,199 INFO  ExportHelperExtension.cs: 1136 - Found 25 in Part8-1
2025-09-14 21:45:49,199 INFO  ExportHelperExtension.cs: 1145 - Found 0 features of type [CoordSys] in Part8-1
2025-09-14 21:45:49,199 INFO  ExportHelperExtension.cs: 1125 - Retrieving features of type [CoordSys] from Part10-1
2025-09-14 21:45:49,199 INFO  ExportHelperExtension.cs: 1136 - Found 23 in Part10-1
2025-09-14 21:45:49,199 INFO  ExportHelperExtension.cs: 1145 - Found 0 features of type [CoordSys] in Part10-1
2025-09-14 21:45:49,199 INFO  ExportHelperExtension.cs: 1125 - Retrieving features of type [CoordSys] from link-4
2025-09-14 21:45:49,199 INFO  ExportHelperExtension.cs: 1136 - Found 33 in link-4
2025-09-14 21:45:49,199 INFO  ExportHelperExtension.cs: 1145 - Found 0 features of type [CoordSys] in link-4
2025-09-14 21:45:49,199 INFO  ExportHelperExtension.cs: 1125 - Retrieving features of type [CoordSys] from 6000rulman-6
2025-09-14 21:45:49,205 INFO  ExportHelperExtension.cs: 1136 - Found 38 in 6000rulman-6
2025-09-14 21:45:49,205 INFO  ExportHelperExtension.cs: 1145 - Found 0 features of type [CoordSys] in 6000rulman-6
2025-09-14 21:45:49,205 INFO  ExportHelperExtension.cs: 1125 - Retrieving features of type [CoordSys] from 6000rulman-5
2025-09-14 21:45:49,205 INFO  ExportHelperExtension.cs: 1136 - Found 38 in 6000rulman-5
2025-09-14 21:45:49,205 INFO  ExportHelperExtension.cs: 1145 - Found 0 features of type [CoordSys] in 6000rulman-5
2025-09-14 21:45:49,205 INFO  ExportHelperExtension.cs: 1125 - Retrieving features of type [CoordSys] from Part11-3
2025-09-14 21:45:49,205 INFO  ExportHelperExtension.cs: 1136 - Found 25 in Part11-3
2025-09-14 21:45:49,205 INFO  ExportHelperExtension.cs: 1145 - Found 0 features of type [CoordSys] in Part11-3
2025-09-14 21:45:49,205 INFO  ExportHelperExtension.cs: 1125 - Retrieving features of type [CoordSys] from 6000rulman-7
2025-09-14 21:45:49,205 INFO  ExportHelperExtension.cs: 1136 - Found 38 in 6000rulman-7
2025-09-14 21:45:49,205 INFO  ExportHelperExtension.cs: 1145 - Found 0 features of type [CoordSys] in 6000rulman-7
2025-09-14 21:45:49,205 INFO  ExportHelperExtension.cs: 1125 - Retrieving features of type [CoordSys] from link-5
2025-09-14 21:45:49,209 INFO  ExportHelperExtension.cs: 1136 - Found 33 in link-5
2025-09-14 21:45:49,209 INFO  ExportHelperExtension.cs: 1145 - Found 0 features of type [CoordSys] in link-5
2025-09-14 21:45:49,209 INFO  ExportHelperExtension.cs: 1125 - Retrieving features of type [CoordSys] from Part11-2
2025-09-14 21:45:49,209 INFO  ExportHelperExtension.cs: 1136 - Found 25 in Part11-2
2025-09-14 21:45:49,209 INFO  ExportHelperExtension.cs: 1145 - Found 0 features of type [CoordSys] in Part11-2
2025-09-14 21:45:49,209 INFO  ExportHelperExtension.cs: 1125 - Retrieving features of type [CoordSys] from Nema24 24CS22C-400.step-5
2025-09-14 21:45:49,209 INFO  ExportHelperExtension.cs: 1136 - Found 36 in Nema24 24CS22C-400.step-5
2025-09-14 21:45:49,209 INFO  ExportHelperExtension.cs: 1145 - Found 0 features of type [CoordSys] in Nema24 24CS22C-400.step-5
2025-09-14 21:45:49,209 INFO  ExportHelperExtension.cs: 1125 - Retrieving features of type [RefAxis] from Main
2025-09-14 21:45:49,211 INFO  ExportHelperExtension.cs: 1136 - Found 88 in Main
2025-09-14 21:45:49,211 INFO  ExportHelperExtension.cs: 1145 - Found 0 features of type [RefAxis] in Main
2025-09-14 21:45:49,211 INFO  ExportHelperExtension.cs: 1148 - Proceeding through assembly components
2025-09-14 21:45:49,211 INFO  ExportHelperExtension.cs: 1160 - 19 components to check
2025-09-14 21:45:49,211 INFO  ExportHelperExtension.cs: 1125 - Retrieving features of type [RefAxis] from base_plate-1
2025-09-14 21:45:49,211 INFO  ExportHelperExtension.cs: 1136 - Found 30 in base_plate-1
2025-09-14 21:45:49,211 INFO  ExportHelperExtension.cs: 1145 - Found 0 features of type [RefAxis] in base_plate-1
2025-09-14 21:45:49,211 INFO  ExportHelperExtension.cs: 1125 - Retrieving features of type [RefAxis] from link-1
2025-09-14 21:45:49,211 INFO  ExportHelperExtension.cs: 1136 - Found 33 in link-1
2025-09-14 21:45:49,211 INFO  ExportHelperExtension.cs: 1145 - Found 0 features of type [RefAxis] in link-1
2025-09-14 21:45:49,211 INFO  ExportHelperExtension.cs: 1125 - Retrieving features of type [RefAxis] from Nema24 24CS22C-400.step-2
2025-09-14 21:45:49,211 INFO  ExportHelperExtension.cs: 1136 - Found 36 in Nema24 24CS22C-400.step-2
2025-09-14 21:45:49,211 INFO  ExportHelperExtension.cs: 1145 - Found 0 features of type [RefAxis] in Nema24 24CS22C-400.step-2
2025-09-14 21:45:49,211 INFO  ExportHelperExtension.cs: 1125 - Retrieving features of type [RefAxis] from Part8-2
2025-09-14 21:45:49,211 INFO  ExportHelperExtension.cs: 1136 - Found 25 in Part8-2
2025-09-14 21:45:49,211 INFO  ExportHelperExtension.cs: 1145 - Found 0 features of type [RefAxis] in Part8-2
2025-09-14 21:45:49,211 INFO  ExportHelperExtension.cs: 1125 - Retrieving features of type [RefAxis] from 6000rulman-4
2025-09-14 21:45:49,211 INFO  ExportHelperExtension.cs: 1136 - Found 38 in 6000rulman-4
2025-09-14 21:45:49,217 INFO  ExportHelperExtension.cs: 1145 - Found 0 features of type [RefAxis] in 6000rulman-4
2025-09-14 21:45:49,217 INFO  ExportHelperExtension.cs: 1125 - Retrieving features of type [RefAxis] from link-3
2025-09-14 21:45:49,217 INFO  ExportHelperExtension.cs: 1136 - Found 33 in link-3
2025-09-14 21:45:49,217 INFO  ExportHelperExtension.cs: 1145 - Found 0 features of type [RefAxis] in link-3
2025-09-14 21:45:49,217 INFO  ExportHelperExtension.cs: 1125 - Retrieving features of type [RefAxis] from 6000rulman-2
2025-09-14 21:45:49,217 INFO  ExportHelperExtension.cs: 1136 - Found 38 in 6000rulman-2
2025-09-14 21:45:49,217 INFO  ExportHelperExtension.cs: 1145 - Found 0 features of type [RefAxis] in 6000rulman-2
2025-09-14 21:45:49,219 INFO  ExportHelperExtension.cs: 1125 - Retrieving features of type [RefAxis] from 6000rulman-3
2025-09-14 21:45:49,219 INFO  ExportHelperExtension.cs: 1136 - Found 38 in 6000rulman-3
2025-09-14 21:45:49,219 INFO  ExportHelperExtension.cs: 1145 - Found 0 features of type [RefAxis] in 6000rulman-3
2025-09-14 21:45:49,219 INFO  ExportHelperExtension.cs: 1125 - Retrieving features of type [RefAxis] from Part11-1
2025-09-14 21:45:49,219 INFO  ExportHelperExtension.cs: 1136 - Found 25 in Part11-1
2025-09-14 21:45:49,219 INFO  ExportHelperExtension.cs: 1145 - Found 0 features of type [RefAxis] in Part11-1
2025-09-14 21:45:49,221 INFO  ExportHelperExtension.cs: 1125 - Retrieving features of type [RefAxis] from Part8-1
2025-09-14 21:45:49,221 INFO  ExportHelperExtension.cs: 1136 - Found 25 in Part8-1
2025-09-14 21:45:49,221 INFO  ExportHelperExtension.cs: 1145 - Found 0 features of type [RefAxis] in Part8-1
2025-09-14 21:45:49,221 INFO  ExportHelperExtension.cs: 1125 - Retrieving features of type [RefAxis] from Part10-1
2025-09-14 21:45:49,221 INFO  ExportHelperExtension.cs: 1136 - Found 23 in Part10-1
2025-09-14 21:45:49,221 INFO  ExportHelperExtension.cs: 1145 - Found 0 features of type [RefAxis] in Part10-1
2025-09-14 21:45:49,221 INFO  ExportHelperExtension.cs: 1125 - Retrieving features of type [RefAxis] from link-4
2025-09-14 21:45:49,221 INFO  ExportHelperExtension.cs: 1136 - Found 33 in link-4
2025-09-14 21:45:49,221 INFO  ExportHelperExtension.cs: 1145 - Found 0 features of type [RefAxis] in link-4
2025-09-14 21:45:49,221 INFO  ExportHelperExtension.cs: 1125 - Retrieving features of type [RefAxis] from 6000rulman-6
2025-09-14 21:45:49,221 INFO  ExportHelperExtension.cs: 1136 - Found 38 in 6000rulman-6
2025-09-14 21:45:49,221 INFO  ExportHelperExtension.cs: 1145 - Found 0 features of type [RefAxis] in 6000rulman-6
2025-09-14 21:45:49,221 INFO  ExportHelperExtension.cs: 1125 - Retrieving features of type [RefAxis] from 6000rulman-5
2025-09-14 21:45:49,221 INFO  ExportHelperExtension.cs: 1136 - Found 38 in 6000rulman-5
2025-09-14 21:45:49,221 INFO  ExportHelperExtension.cs: 1145 - Found 0 features of type [RefAxis] in 6000rulman-5
2025-09-14 21:45:49,221 INFO  ExportHelperExtension.cs: 1125 - Retrieving features of type [RefAxis] from Part11-3
2025-09-14 21:45:49,221 INFO  ExportHelperExtension.cs: 1136 - Found 25 in Part11-3
2025-09-14 21:45:49,221 INFO  ExportHelperExtension.cs: 1145 - Found 0 features of type [RefAxis] in Part11-3
2025-09-14 21:45:49,221 INFO  ExportHelperExtension.cs: 1125 - Retrieving features of type [RefAxis] from 6000rulman-7
2025-09-14 21:45:49,221 INFO  ExportHelperExtension.cs: 1136 - Found 38 in 6000rulman-7
2025-09-14 21:45:49,221 INFO  ExportHelperExtension.cs: 1145 - Found 0 features of type [RefAxis] in 6000rulman-7
2025-09-14 21:45:49,221 INFO  ExportHelperExtension.cs: 1125 - Retrieving features of type [RefAxis] from link-5
2025-09-14 21:45:49,221 INFO  ExportHelperExtension.cs: 1136 - Found 33 in link-5
2025-09-14 21:45:49,221 INFO  ExportHelperExtension.cs: 1145 - Found 0 features of type [RefAxis] in link-5
2025-09-14 21:45:49,221 INFO  ExportHelperExtension.cs: 1125 - Retrieving features of type [RefAxis] from Part11-2
2025-09-14 21:45:49,221 INFO  ExportHelperExtension.cs: 1136 - Found 25 in Part11-2
2025-09-14 21:45:49,229 INFO  ExportHelperExtension.cs: 1145 - Found 0 features of type [RefAxis] in Part11-2
2025-09-14 21:45:49,229 INFO  ExportHelperExtension.cs: 1125 - Retrieving features of type [RefAxis] from Nema24 24CS22C-400.step-5
2025-09-14 21:45:49,229 INFO  ExportHelperExtension.cs: 1136 - Found 36 in Nema24 24CS22C-400.step-5
2025-09-14 21:45:49,229 INFO  ExportHelperExtension.cs: 1145 - Found 0 features of type [RefAxis] in Nema24 24CS22C-400.step-5
2025-09-14 21:45:49,253 INFO  SwAddin.cs: 339 - Loading config tree
2025-09-14 21:45:49,253 INFO  ExportPropertyManagerExtension.cs: 520 - Starting new configuration
2025-09-14 21:45:49,259 INFO  SwAddin.cs: 344 - Showing property manager
2025-09-14 21:45:54,741 INFO  ExportPropertyManager.cs: 1136 - OnNumberBoxTrackingCompleted called. This method no longer throws an Exception. It just silently does nothing. Ok, except for this logging message
2025-09-14 21:46:04,882 INFO  ExportPropertyManager.cs: 416 - Configuration canceled
2025-09-14 21:46:04,999 INFO  ExportPropertyManager.cs: 1142 - AfterClose called. This method no longer throws an Exception. It just silently does nothing. Ok, except for this logging message
2025-09-14 21:46:07,352 INFO  SwAddin.cs: 294 - Assembly export called for file Main
2025-09-14 21:46:15,582 INFO  SwAddin.cs: 294 - Assembly export called for file Main
2025-09-14 21:46:16,677 INFO  SwAddin.cs: 313 - Saving assembly
2025-09-14 21:46:16,939 INFO  SwAddin.cs: 316 - Opening property manager
2025-09-14 21:46:16,939 INFO  ExportHelperExtension.cs: 1125 - Retrieving features of type [CoordSys] from Main
2025-09-14 21:46:16,939 INFO  ExportHelperExtension.cs: 1136 - Found 88 in Main
2025-09-14 21:46:16,941 INFO  ExportHelperExtension.cs: 1145 - Found 0 features of type [CoordSys] in Main
2025-09-14 21:46:16,941 INFO  ExportHelperExtension.cs: 1148 - Proceeding through assembly components
2025-09-14 21:46:16,941 INFO  ExportHelperExtension.cs: 1160 - 19 components to check
2025-09-14 21:46:16,941 INFO  ExportHelperExtension.cs: 1125 - Retrieving features of type [CoordSys] from base_plate-1
2025-09-14 21:46:16,941 INFO  ExportHelperExtension.cs: 1136 - Found 30 in base_plate-1
2025-09-14 21:46:16,941 INFO  ExportHelperExtension.cs: 1145 - Found 0 features of type [CoordSys] in base_plate-1
2025-09-14 21:46:16,941 INFO  ExportHelperExtension.cs: 1125 - Retrieving features of type [CoordSys] from link-1
2025-09-14 21:46:16,941 INFO  ExportHelperExtension.cs: 1136 - Found 33 in link-1
2025-09-14 21:46:16,941 INFO  ExportHelperExtension.cs: 1145 - Found 0 features of type [CoordSys] in link-1
2025-09-14 21:46:16,941 INFO  ExportHelperExtension.cs: 1125 - Retrieving features of type [CoordSys] from Nema24 24CS22C-400.step-2
2025-09-14 21:46:16,941 INFO  ExportHelperExtension.cs: 1136 - Found 36 in Nema24 24CS22C-400.step-2
2025-09-14 21:46:16,941 INFO  ExportHelperExtension.cs: 1145 - Found 0 features of type [CoordSys] in Nema24 24CS22C-400.step-2
2025-09-14 21:46:16,941 INFO  ExportHelperExtension.cs: 1125 - Retrieving features of type [CoordSys] from Part8-2
2025-09-14 21:46:16,941 INFO  ExportHelperExtension.cs: 1136 - Found 25 in Part8-2
2025-09-14 21:46:16,941 INFO  ExportHelperExtension.cs: 1145 - Found 0 features of type [CoordSys] in Part8-2
2025-09-14 21:46:16,941 INFO  ExportHelperExtension.cs: 1125 - Retrieving features of type [CoordSys] from 6000rulman-4
2025-09-14 21:46:16,941 INFO  ExportHelperExtension.cs: 1136 - Found 38 in 6000rulman-4
2025-09-14 21:46:16,941 INFO  ExportHelperExtension.cs: 1145 - Found 0 features of type [CoordSys] in 6000rulman-4
2025-09-14 21:46:16,941 INFO  ExportHelperExtension.cs: 1125 - Retrieving features of type [CoordSys] from link-3
2025-09-14 21:46:16,941 INFO  ExportHelperExtension.cs: 1136 - Found 33 in link-3
2025-09-14 21:46:16,941 INFO  ExportHelperExtension.cs: 1145 - Found 0 features of type [CoordSys] in link-3
2025-09-14 21:46:16,941 INFO  ExportHelperExtension.cs: 1125 - Retrieving features of type [CoordSys] from 6000rulman-2
2025-09-14 21:46:16,941 INFO  ExportHelperExtension.cs: 1136 - Found 38 in 6000rulman-2
2025-09-14 21:46:16,941 INFO  ExportHelperExtension.cs: 1145 - Found 0 features of type [CoordSys] in 6000rulman-2
2025-09-14 21:46:16,941 INFO  ExportHelperExtension.cs: 1125 - Retrieving features of type [CoordSys] from 6000rulman-3
2025-09-14 21:46:16,941 INFO  ExportHelperExtension.cs: 1136 - Found 38 in 6000rulman-3
2025-09-14 21:46:16,949 INFO  ExportHelperExtension.cs: 1145 - Found 0 features of type [CoordSys] in 6000rulman-3
2025-09-14 21:46:16,949 INFO  ExportHelperExtension.cs: 1125 - Retrieving features of type [CoordSys] from Part11-1
2025-09-14 21:46:16,949 INFO  ExportHelperExtension.cs: 1136 - Found 25 in Part11-1
2025-09-14 21:46:16,949 INFO  ExportHelperExtension.cs: 1145 - Found 0 features of type [CoordSys] in Part11-1
2025-09-14 21:46:16,949 INFO  ExportHelperExtension.cs: 1125 - Retrieving features of type [CoordSys] from Part8-1
2025-09-14 21:46:16,949 INFO  ExportHelperExtension.cs: 1136 - Found 25 in Part8-1
2025-09-14 21:46:16,949 INFO  ExportHelperExtension.cs: 1145 - Found 0 features of type [CoordSys] in Part8-1
2025-09-14 21:46:16,949 INFO  ExportHelperExtension.cs: 1125 - Retrieving features of type [CoordSys] from Part10-1
2025-09-14 21:46:16,952 INFO  ExportHelperExtension.cs: 1136 - Found 23 in Part10-1
2025-09-14 21:46:16,952 INFO  ExportHelperExtension.cs: 1145 - Found 0 features of type [CoordSys] in Part10-1
2025-09-14 21:46:16,952 INFO  ExportHelperExtension.cs: 1125 - Retrieving features of type [CoordSys] from link-4
2025-09-14 21:46:16,952 INFO  ExportHelperExtension.cs: 1136 - Found 33 in link-4
2025-09-14 21:46:16,952 INFO  ExportHelperExtension.cs: 1145 - Found 0 features of type [CoordSys] in link-4
2025-09-14 21:46:16,952 INFO  ExportHelperExtension.cs: 1125 - Retrieving features of type [CoordSys] from 6000rulman-6
2025-09-14 21:46:16,952 INFO  ExportHelperExtension.cs: 1136 - Found 38 in 6000rulman-6
2025-09-14 21:46:16,952 INFO  ExportHelperExtension.cs: 1145 - Found 0 features of type [CoordSys] in 6000rulman-6
2025-09-14 21:46:16,952 INFO  ExportHelperExtension.cs: 1125 - Retrieving features of type [CoordSys] from 6000rulman-5
2025-09-14 21:46:16,952 INFO  ExportHelperExtension.cs: 1136 - Found 38 in 6000rulman-5
2025-09-14 21:46:16,957 INFO  ExportHelperExtension.cs: 1145 - Found 0 features of type [CoordSys] in 6000rulman-5
2025-09-14 21:46:16,957 INFO  ExportHelperExtension.cs: 1125 - Retrieving features of type [CoordSys] from Part11-3
2025-09-14 21:46:16,957 INFO  ExportHelperExtension.cs: 1136 - Found 25 in Part11-3
2025-09-14 21:46:16,957 INFO  ExportHelperExtension.cs: 1145 - Found 0 features of type [CoordSys] in Part11-3
2025-09-14 21:46:16,957 INFO  ExportHelperExtension.cs: 1125 - Retrieving features of type [CoordSys] from 6000rulman-7
2025-09-14 21:46:16,957 INFO  ExportHelperExtension.cs: 1136 - Found 38 in 6000rulman-7
2025-09-14 21:46:16,957 INFO  ExportHelperExtension.cs: 1145 - Found 0 features of type [CoordSys] in 6000rulman-7
2025-09-14 21:46:16,957 INFO  ExportHelperExtension.cs: 1125 - Retrieving features of type [CoordSys] from link-5
2025-09-14 21:46:17,035 INFO  ExportHelperExtension.cs: 1136 - Found 33 in link-5
2025-09-14 21:46:17,035 INFO  ExportHelperExtension.cs: 1145 - Found 0 features of type [CoordSys] in link-5
2025-09-14 21:46:17,035 INFO  ExportHelperExtension.cs: 1125 - Retrieving features of type [CoordSys] from Part11-2
2025-09-14 21:46:17,035 INFO  ExportHelperExtension.cs: 1136 - Found 25 in Part11-2
2025-09-14 21:46:17,035 INFO  ExportHelperExtension.cs: 1145 - Found 0 features of type [CoordSys] in Part11-2
2025-09-14 21:46:17,035 INFO  ExportHelperExtension.cs: 1125 - Retrieving features of type [CoordSys] from Nema24 24CS22C-400.step-5
2025-09-14 21:46:17,035 INFO  ExportHelperExtension.cs: 1136 - Found 36 in Nema24 24CS22C-400.step-5
2025-09-14 21:46:17,040 INFO  ExportHelperExtension.cs: 1145 - Found 0 features of type [CoordSys] in Nema24 24CS22C-400.step-5
2025-09-14 21:46:17,040 INFO  ExportHelperExtension.cs: 1125 - Retrieving features of type [RefAxis] from Main
2025-09-14 21:46:17,040 INFO  ExportHelperExtension.cs: 1136 - Found 88 in Main
2025-09-14 21:46:17,040 INFO  ExportHelperExtension.cs: 1145 - Found 0 features of type [RefAxis] in Main
2025-09-14 21:46:17,040 INFO  ExportHelperExtension.cs: 1148 - Proceeding through assembly components
2025-09-14 21:46:17,040 INFO  ExportHelperExtension.cs: 1160 - 19 components to check
2025-09-14 21:46:17,040 INFO  ExportHelperExtension.cs: 1125 - Retrieving features of type [RefAxis] from base_plate-1
2025-09-14 21:46:17,040 INFO  ExportHelperExtension.cs: 1136 - Found 30 in base_plate-1
2025-09-14 21:46:17,040 INFO  ExportHelperExtension.cs: 1145 - Found 0 features of type [RefAxis] in base_plate-1
2025-09-14 21:46:17,040 INFO  ExportHelperExtension.cs: 1125 - Retrieving features of type [RefAxis] from link-1
2025-09-14 21:46:17,040 INFO  ExportHelperExtension.cs: 1136 - Found 33 in link-1
2025-09-14 21:46:17,040 INFO  ExportHelperExtension.cs: 1145 - Found 0 features of type [RefAxis] in link-1
2025-09-14 21:46:17,040 INFO  ExportHelperExtension.cs: 1125 - Retrieving features of type [RefAxis] from Nema24 24CS22C-400.step-2
2025-09-14 21:46:17,040 INFO  ExportHelperExtension.cs: 1136 - Found 36 in Nema24 24CS22C-400.step-2
2025-09-14 21:46:17,040 INFO  ExportHelperExtension.cs: 1145 - Found 0 features of type [RefAxis] in Nema24 24CS22C-400.step-2
2025-09-14 21:46:17,040 INFO  ExportHelperExtension.cs: 1125 - Retrieving features of type [RefAxis] from Part8-2
2025-09-14 21:46:17,040 INFO  ExportHelperExtension.cs: 1136 - Found 25 in Part8-2
2025-09-14 21:46:17,040 INFO  ExportHelperExtension.cs: 1145 - Found 0 features of type [RefAxis] in Part8-2
2025-09-14 21:46:17,040 INFO  ExportHelperExtension.cs: 1125 - Retrieving features of type [RefAxis] from 6000rulman-4
2025-09-14 21:46:17,040 INFO  ExportHelperExtension.cs: 1136 - Found 38 in 6000rulman-4
2025-09-14 21:46:17,040 INFO  ExportHelperExtension.cs: 1145 - Found 0 features of type [RefAxis] in 6000rulman-4
2025-09-14 21:46:17,040 INFO  ExportHelperExtension.cs: 1125 - Retrieving features of type [RefAxis] from link-3
2025-09-14 21:46:17,040 INFO  ExportHelperExtension.cs: 1136 - Found 33 in link-3
2025-09-14 21:46:17,040 INFO  ExportHelperExtension.cs: 1145 - Found 0 features of type [RefAxis] in link-3
2025-09-14 21:46:17,040 INFO  ExportHelperExtension.cs: 1125 - Retrieving features of type [RefAxis] from 6000rulman-2
2025-09-14 21:46:17,040 INFO  ExportHelperExtension.cs: 1136 - Found 38 in 6000rulman-2
2025-09-14 21:46:17,040 INFO  ExportHelperExtension.cs: 1145 - Found 0 features of type [RefAxis] in 6000rulman-2
2025-09-14 21:46:17,040 INFO  ExportHelperExtension.cs: 1125 - Retrieving features of type [RefAxis] from 6000rulman-3
2025-09-14 21:46:17,040 INFO  ExportHelperExtension.cs: 1136 - Found 38 in 6000rulman-3
2025-09-14 21:46:17,049 INFO  ExportHelperExtension.cs: 1145 - Found 0 features of type [RefAxis] in 6000rulman-3
2025-09-14 21:46:17,049 INFO  ExportHelperExtension.cs: 1125 - Retrieving features of type [RefAxis] from Part11-1
2025-09-14 21:46:17,049 INFO  ExportHelperExtension.cs: 1136 - Found 25 in Part11-1
2025-09-14 21:46:17,049 INFO  ExportHelperExtension.cs: 1145 - Found 0 features of type [RefAxis] in Part11-1
2025-09-14 21:46:17,049 INFO  ExportHelperExtension.cs: 1125 - Retrieving features of type [RefAxis] from Part8-1
2025-09-14 21:46:17,049 INFO  ExportHelperExtension.cs: 1136 - Found 25 in Part8-1
2025-09-14 21:46:17,051 INFO  ExportHelperExtension.cs: 1145 - Found 0 features of type [RefAxis] in Part8-1
2025-09-14 21:46:17,051 INFO  ExportHelperExtension.cs: 1125 - Retrieving features of type [RefAxis] from Part10-1
2025-09-14 21:46:17,051 INFO  ExportHelperExtension.cs: 1136 - Found 23 in Part10-1
2025-09-14 21:46:17,051 INFO  ExportHelperExtension.cs: 1145 - Found 0 features of type [RefAxis] in Part10-1
2025-09-14 21:46:17,051 INFO  ExportHelperExtension.cs: 1125 - Retrieving features of type [RefAxis] from link-4
2025-09-14 21:46:17,051 INFO  ExportHelperExtension.cs: 1136 - Found 33 in link-4
2025-09-14 21:46:17,051 INFO  ExportHelperExtension.cs: 1145 - Found 0 features of type [RefAxis] in link-4
2025-09-14 21:46:17,051 INFO  ExportHelperExtension.cs: 1125 - Retrieving features of type [RefAxis] from 6000rulman-6
2025-09-14 21:46:17,051 INFO  ExportHelperExtension.cs: 1136 - Found 38 in 6000rulman-6
2025-09-14 21:46:17,051 INFO  ExportHelperExtension.cs: 1145 - Found 0 features of type [RefAxis] in 6000rulman-6
2025-09-14 21:46:17,051 INFO  ExportHelperExtension.cs: 1125 - Retrieving features of type [RefAxis] from 6000rulman-5
2025-09-14 21:46:17,051 INFO  ExportHelperExtension.cs: 1136 - Found 38 in 6000rulman-5
2025-09-14 21:46:17,051 INFO  ExportHelperExtension.cs: 1145 - Found 0 features of type [RefAxis] in 6000rulman-5
2025-09-14 21:46:17,051 INFO  ExportHelperExtension.cs: 1125 - Retrieving features of type [RefAxis] from Part11-3
2025-09-14 21:46:17,051 INFO  ExportHelperExtension.cs: 1136 - Found 25 in Part11-3
2025-09-14 21:46:17,051 INFO  ExportHelperExtension.cs: 1145 - Found 0 features of type [RefAxis] in Part11-3
2025-09-14 21:46:17,051 INFO  ExportHelperExtension.cs: 1125 - Retrieving features of type [RefAxis] from 6000rulman-7
2025-09-14 21:46:17,051 INFO  ExportHelperExtension.cs: 1136 - Found 38 in 6000rulman-7
2025-09-14 21:46:17,051 INFO  ExportHelperExtension.cs: 1145 - Found 0 features of type [RefAxis] in 6000rulman-7
2025-09-14 21:46:17,051 INFO  ExportHelperExtension.cs: 1125 - Retrieving features of type [RefAxis] from link-5
2025-09-14 21:46:17,051 INFO  ExportHelperExtension.cs: 1136 - Found 33 in link-5
2025-09-14 21:46:17,051 INFO  ExportHelperExtension.cs: 1145 - Found 0 features of type [RefAxis] in link-5
2025-09-14 21:46:17,051 INFO  ExportHelperExtension.cs: 1125 - Retrieving features of type [RefAxis] from Part11-2
2025-09-14 21:46:17,051 INFO  ExportHelperExtension.cs: 1136 - Found 25 in Part11-2
2025-09-14 21:46:17,051 INFO  ExportHelperExtension.cs: 1145 - Found 0 features of type [RefAxis] in Part11-2
2025-09-14 21:46:17,051 INFO  ExportHelperExtension.cs: 1125 - Retrieving features of type [RefAxis] from Nema24 24CS22C-400.step-5
2025-09-14 21:46:17,051 INFO  ExportHelperExtension.cs: 1136 - Found 36 in Nema24 24CS22C-400.step-5
2025-09-14 21:46:17,051 INFO  ExportHelperExtension.cs: 1145 - Found 0 features of type [RefAxis] in Nema24 24CS22C-400.step-5
2025-09-14 21:46:17,092 INFO  SwAddin.cs: 339 - Loading config tree
2025-09-14 21:46:17,092 INFO  ExportPropertyManagerExtension.cs: 520 - Starting new configuration
2025-09-14 21:46:17,095 INFO  SwAddin.cs: 344 - Showing property manager
2025-09-14 21:46:45,050 INFO  ExportPropertyManager.cs: 1136 - OnNumberBoxTrackingCompleted called. This method no longer throws an Exception. It just silently does nothing. Ok, except for this logging message
2025-09-14 21:47:36,261 INFO  ExportPropertyManager.cs: 1142 - AfterClose called. This method no longer throws an Exception. It just silently does nothing. Ok, except for this logging message
2025-09-14 21:47:40,513 INFO  SwAddin.cs: 294 - Assembly export called for file Main
2025-09-14 21:47:40,513 INFO  SwAddin.cs: 299 - Save is required
2025-09-14 21:47:40,513 INFO  SwAddin.cs: 313 - Saving assembly
2025-09-14 21:47:41,093 INFO  SwAddin.cs: 316 - Opening property manager
2025-09-14 21:47:41,093 INFO  ExportHelperExtension.cs: 1125 - Retrieving features of type [CoordSys] from Main
2025-09-14 21:47:41,093 INFO  ExportHelperExtension.cs: 1136 - Found 88 in Main
2025-09-14 21:47:41,093 INFO  ExportHelperExtension.cs: 1145 - Found 0 features of type [CoordSys] in Main
2025-09-14 21:47:41,093 INFO  ExportHelperExtension.cs: 1148 - Proceeding through assembly components
2025-09-14 21:47:41,093 INFO  ExportHelperExtension.cs: 1160 - 19 components to check
2025-09-14 21:47:41,093 INFO  ExportHelperExtension.cs: 1125 - Retrieving features of type [CoordSys] from base_plate-1
2025-09-14 21:47:41,093 INFO  ExportHelperExtension.cs: 1136 - Found 30 in base_plate-1
2025-09-14 21:47:41,093 INFO  ExportHelperExtension.cs: 1145 - Found 0 features of type [CoordSys] in base_plate-1
2025-09-14 21:47:41,093 INFO  ExportHelperExtension.cs: 1125 - Retrieving features of type [CoordSys] from link-1
2025-09-14 21:47:41,093 INFO  ExportHelperExtension.cs: 1136 - Found 33 in link-1
2025-09-14 21:47:41,093 INFO  ExportHelperExtension.cs: 1145 - Found 0 features of type [CoordSys] in link-1
2025-09-14 21:47:41,093 INFO  ExportHelperExtension.cs: 1125 - Retrieving features of type [CoordSys] from Nema24 24CS22C-400.step-2
2025-09-14 21:47:41,093 INFO  ExportHelperExtension.cs: 1136 - Found 36 in Nema24 24CS22C-400.step-2
2025-09-14 21:47:41,093 INFO  ExportHelperExtension.cs: 1145 - Found 0 features of type [CoordSys] in Nema24 24CS22C-400.step-2
2025-09-14 21:47:41,093 INFO  ExportHelperExtension.cs: 1125 - Retrieving features of type [CoordSys] from Part8-2
2025-09-14 21:47:41,093 INFO  ExportHelperExtension.cs: 1136 - Found 25 in Part8-2
2025-09-14 21:47:41,093 INFO  ExportHelperExtension.cs: 1145 - Found 0 features of type [CoordSys] in Part8-2
2025-09-14 21:47:41,093 INFO  ExportHelperExtension.cs: 1125 - Retrieving features of type [CoordSys] from 6000rulman-4
2025-09-14 21:47:41,101 INFO  ExportHelperExtension.cs: 1136 - Found 38 in 6000rulman-4
2025-09-14 21:47:41,101 INFO  ExportHelperExtension.cs: 1145 - Found 0 features of type [CoordSys] in 6000rulman-4
2025-09-14 21:47:41,101 INFO  ExportHelperExtension.cs: 1125 - Retrieving features of type [CoordSys] from link-3
2025-09-14 21:47:41,101 INFO  ExportHelperExtension.cs: 1136 - Found 33 in link-3
2025-09-14 21:47:41,101 INFO  ExportHelperExtension.cs: 1145 - Found 0 features of type [CoordSys] in link-3
2025-09-14 21:47:41,101 INFO  ExportHelperExtension.cs: 1125 - Retrieving features of type [CoordSys] from 6000rulman-2
2025-09-14 21:47:41,101 INFO  ExportHelperExtension.cs: 1136 - Found 38 in 6000rulman-2
2025-09-14 21:47:41,104 INFO  ExportHelperExtension.cs: 1145 - Found 0 features of type [CoordSys] in 6000rulman-2
2025-09-14 21:47:41,104 INFO  ExportHelperExtension.cs: 1125 - Retrieving features of type [CoordSys] from 6000rulman-3
2025-09-14 21:47:41,104 INFO  ExportHelperExtension.cs: 1136 - Found 38 in 6000rulman-3
2025-09-14 21:47:41,104 INFO  ExportHelperExtension.cs: 1145 - Found 0 features of type [CoordSys] in 6000rulman-3
2025-09-14 21:47:41,104 INFO  ExportHelperExtension.cs: 1125 - Retrieving features of type [CoordSys] from Part11-1
2025-09-14 21:47:41,104 INFO  ExportHelperExtension.cs: 1136 - Found 25 in Part11-1
2025-09-14 21:47:41,104 INFO  ExportHelperExtension.cs: 1145 - Found 0 features of type [CoordSys] in Part11-1
2025-09-14 21:47:41,104 INFO  ExportHelperExtension.cs: 1125 - Retrieving features of type [CoordSys] from Part8-1
2025-09-14 21:47:41,104 INFO  ExportHelperExtension.cs: 1136 - Found 25 in Part8-1
2025-09-14 21:47:41,104 INFO  ExportHelperExtension.cs: 1145 - Found 0 features of type [CoordSys] in Part8-1
2025-09-14 21:47:41,104 INFO  ExportHelperExtension.cs: 1125 - Retrieving features of type [CoordSys] from Part10-1
2025-09-14 21:47:41,104 INFO  ExportHelperExtension.cs: 1136 - Found 23 in Part10-1
2025-09-14 21:47:41,109 INFO  ExportHelperExtension.cs: 1145 - Found 0 features of type [CoordSys] in Part10-1
2025-09-14 21:47:41,111 INFO  ExportHelperExtension.cs: 1125 - Retrieving features of type [CoordSys] from link-4
2025-09-14 21:47:41,144 INFO  ExportHelperExtension.cs: 1136 - Found 33 in link-4
2025-09-14 21:47:41,144 INFO  ExportHelperExtension.cs: 1145 - Found 0 features of type [CoordSys] in link-4
2025-09-14 21:47:41,144 INFO  ExportHelperExtension.cs: 1125 - Retrieving features of type [CoordSys] from 6000rulman-6
2025-09-14 21:47:41,144 INFO  ExportHelperExtension.cs: 1136 - Found 38 in 6000rulman-6
2025-09-14 21:47:41,144 INFO  ExportHelperExtension.cs: 1145 - Found 0 features of type [CoordSys] in 6000rulman-6
2025-09-14 21:47:41,144 INFO  ExportHelperExtension.cs: 1125 - Retrieving features of type [CoordSys] from 6000rulman-5
2025-09-14 21:47:41,144 INFO  ExportHelperExtension.cs: 1136 - Found 38 in 6000rulman-5
2025-09-14 21:47:41,144 INFO  ExportHelperExtension.cs: 1145 - Found 0 features of type [CoordSys] in 6000rulman-5
2025-09-14 21:47:41,144 INFO  ExportHelperExtension.cs: 1125 - Retrieving features of type [CoordSys] from Part11-3
2025-09-14 21:47:41,144 INFO  ExportHelperExtension.cs: 1136 - Found 25 in Part11-3
2025-09-14 21:47:41,144 INFO  ExportHelperExtension.cs: 1145 - Found 0 features of type [CoordSys] in Part11-3
2025-09-14 21:47:41,144 INFO  ExportHelperExtension.cs: 1125 - Retrieving features of type [CoordSys] from 6000rulman-7
2025-09-14 21:47:41,144 INFO  ExportHelperExtension.cs: 1136 - Found 38 in 6000rulman-7
2025-09-14 21:47:41,151 INFO  ExportHelperExtension.cs: 1145 - Found 0 features of type [CoordSys] in 6000rulman-7
2025-09-14 21:47:41,151 INFO  ExportHelperExtension.cs: 1125 - Retrieving features of type [CoordSys] from link-5
2025-09-14 21:47:41,151 INFO  ExportHelperExtension.cs: 1136 - Found 33 in link-5
2025-09-14 21:47:41,151 INFO  ExportHelperExtension.cs: 1145 - Found 0 features of type [CoordSys] in link-5
2025-09-14 21:47:41,151 INFO  ExportHelperExtension.cs: 1125 - Retrieving features of type [CoordSys] from Part11-2
2025-09-14 21:47:41,151 INFO  ExportHelperExtension.cs: 1136 - Found 25 in Part11-2
2025-09-14 21:47:41,151 INFO  ExportHelperExtension.cs: 1145 - Found 0 features of type [CoordSys] in Part11-2
2025-09-14 21:47:41,151 INFO  ExportHelperExtension.cs: 1125 - Retrieving features of type [CoordSys] from Nema24 24CS22C-400.step-5
2025-09-14 21:47:41,151 INFO  ExportHelperExtension.cs: 1136 - Found 36 in Nema24 24CS22C-400.step-5
2025-09-14 21:47:41,151 INFO  ExportHelperExtension.cs: 1145 - Found 0 features of type [CoordSys] in Nema24 24CS22C-400.step-5
2025-09-14 21:47:41,151 INFO  ExportHelperExtension.cs: 1125 - Retrieving features of type [RefAxis] from Main
2025-09-14 21:47:41,151 INFO  ExportHelperExtension.cs: 1136 - Found 88 in Main
2025-09-14 21:47:41,151 INFO  ExportHelperExtension.cs: 1145 - Found 0 features of type [RefAxis] in Main
2025-09-14 21:47:41,151 INFO  ExportHelperExtension.cs: 1148 - Proceeding through assembly components
2025-09-14 21:47:41,151 INFO  ExportHelperExtension.cs: 1160 - 19 components to check
2025-09-14 21:47:41,151 INFO  ExportHelperExtension.cs: 1125 - Retrieving features of type [RefAxis] from base_plate-1
2025-09-14 21:47:41,151 INFO  ExportHelperExtension.cs: 1136 - Found 30 in base_plate-1
2025-09-14 21:47:41,157 INFO  ExportHelperExtension.cs: 1145 - Found 0 features of type [RefAxis] in base_plate-1
2025-09-14 21:47:41,157 INFO  ExportHelperExtension.cs: 1125 - Retrieving features of type [RefAxis] from link-1
2025-09-14 21:47:41,157 INFO  ExportHelperExtension.cs: 1136 - Found 33 in link-1
2025-09-14 21:47:41,157 INFO  ExportHelperExtension.cs: 1145 - Found 0 features of type [RefAxis] in link-1
2025-09-14 21:47:41,157 INFO  ExportHelperExtension.cs: 1125 - Retrieving features of type [RefAxis] from Nema24 24CS22C-400.step-2
2025-09-14 21:47:41,157 INFO  ExportHelperExtension.cs: 1136 - Found 36 in Nema24 24CS22C-400.step-2
2025-09-14 21:47:41,157 INFO  ExportHelperExtension.cs: 1145 - Found 0 features of type [RefAxis] in Nema24 24CS22C-400.step-2
2025-09-14 21:47:41,157 INFO  ExportHelperExtension.cs: 1125 - Retrieving features of type [RefAxis] from Part8-2
2025-09-14 21:47:41,157 INFO  ExportHelperExtension.cs: 1136 - Found 25 in Part8-2
2025-09-14 21:47:41,157 INFO  ExportHelperExtension.cs: 1145 - Found 0 features of type [RefAxis] in Part8-2
2025-09-14 21:47:41,157 INFO  ExportHelperExtension.cs: 1125 - Retrieving features of type [RefAxis] from 6000rulman-4
2025-09-14 21:47:41,157 INFO  ExportHelperExtension.cs: 1136 - Found 38 in 6000rulman-4
2025-09-14 21:47:41,157 INFO  ExportHelperExtension.cs: 1145 - Found 0 features of type [RefAxis] in 6000rulman-4
2025-09-14 21:47:41,157 INFO  ExportHelperExtension.cs: 1125 - Retrieving features of type [RefAxis] from link-3
2025-09-14 21:47:41,157 INFO  ExportHelperExtension.cs: 1136 - Found 33 in link-3
2025-09-14 21:47:41,161 INFO  ExportHelperExtension.cs: 1145 - Found 0 features of type [RefAxis] in link-3
2025-09-14 21:47:41,161 INFO  ExportHelperExtension.cs: 1125 - Retrieving features of type [RefAxis] from 6000rulman-2
2025-09-14 21:47:41,161 INFO  ExportHelperExtension.cs: 1136 - Found 38 in 6000rulman-2
2025-09-14 21:47:41,161 INFO  ExportHelperExtension.cs: 1145 - Found 0 features of type [RefAxis] in 6000rulman-2
2025-09-14 21:47:41,161 INFO  ExportHelperExtension.cs: 1125 - Retrieving features of type [RefAxis] from 6000rulman-3
2025-09-14 21:47:41,161 INFO  ExportHelperExtension.cs: 1136 - Found 38 in 6000rulman-3
2025-09-14 21:47:41,161 INFO  ExportHelperExtension.cs: 1145 - Found 0 features of type [RefAxis] in 6000rulman-3
2025-09-14 21:47:41,161 INFO  ExportHelperExtension.cs: 1125 - Retrieving features of type [RefAxis] from Part11-1
2025-09-14 21:47:41,164 INFO  ExportHelperExtension.cs: 1136 - Found 25 in Part11-1
2025-09-14 21:47:41,164 INFO  ExportHelperExtension.cs: 1145 - Found 0 features of type [RefAxis] in Part11-1
2025-09-14 21:47:41,164 INFO  ExportHelperExtension.cs: 1125 - Retrieving features of type [RefAxis] from Part8-1
2025-09-14 21:47:41,164 INFO  ExportHelperExtension.cs: 1136 - Found 25 in Part8-1
2025-09-14 21:47:41,164 INFO  ExportHelperExtension.cs: 1145 - Found 0 features of type [RefAxis] in Part8-1
2025-09-14 21:47:41,164 INFO  ExportHelperExtension.cs: 1125 - Retrieving features of type [RefAxis] from Part10-1
2025-09-14 21:47:41,164 INFO  ExportHelperExtension.cs: 1136 - Found 23 in Part10-1
2025-09-14 21:47:41,164 INFO  ExportHelperExtension.cs: 1145 - Found 0 features of type [RefAxis] in Part10-1
2025-09-14 21:47:41,164 INFO  ExportHelperExtension.cs: 1125 - Retrieving features of type [RefAxis] from link-4
2025-09-14 21:47:41,164 INFO  ExportHelperExtension.cs: 1136 - Found 33 in link-4
2025-09-14 21:47:41,164 INFO  ExportHelperExtension.cs: 1145 - Found 0 features of type [RefAxis] in link-4
2025-09-14 21:47:41,164 INFO  ExportHelperExtension.cs: 1125 - Retrieving features of type [RefAxis] from 6000rulman-6
2025-09-14 21:47:41,164 INFO  ExportHelperExtension.cs: 1136 - Found 38 in 6000rulman-6
2025-09-14 21:47:41,164 INFO  ExportHelperExtension.cs: 1145 - Found 0 features of type [RefAxis] in 6000rulman-6
2025-09-14 21:47:41,164 INFO  ExportHelperExtension.cs: 1125 - Retrieving features of type [RefAxis] from 6000rulman-5
2025-09-14 21:47:41,164 INFO  ExportHelperExtension.cs: 1136 - Found 38 in 6000rulman-5
2025-09-14 21:47:41,164 INFO  ExportHelperExtension.cs: 1145 - Found 0 features of type [RefAxis] in 6000rulman-5
2025-09-14 21:47:41,164 INFO  ExportHelperExtension.cs: 1125 - Retrieving features of type [RefAxis] from Part11-3
2025-09-14 21:47:41,164 INFO  ExportHelperExtension.cs: 1136 - Found 25 in Part11-3
2025-09-14 21:47:41,164 INFO  ExportHelperExtension.cs: 1145 - Found 0 features of type [RefAxis] in Part11-3
2025-09-14 21:47:41,164 INFO  ExportHelperExtension.cs: 1125 - Retrieving features of type [RefAxis] from 6000rulman-7
2025-09-14 21:47:41,164 INFO  ExportHelperExtension.cs: 1136 - Found 38 in 6000rulman-7
2025-09-14 21:47:41,164 INFO  ExportHelperExtension.cs: 1145 - Found 0 features of type [RefAxis] in 6000rulman-7
2025-09-14 21:47:41,164 INFO  ExportHelperExtension.cs: 1125 - Retrieving features of type [RefAxis] from link-5
2025-09-14 21:47:41,164 INFO  ExportHelperExtension.cs: 1136 - Found 33 in link-5
2025-09-14 21:47:41,171 INFO  ExportHelperExtension.cs: 1145 - Found 0 features of type [RefAxis] in link-5
2025-09-14 21:47:41,171 INFO  ExportHelperExtension.cs: 1125 - Retrieving features of type [RefAxis] from Part11-2
2025-09-14 21:47:41,171 INFO  ExportHelperExtension.cs: 1136 - Found 25 in Part11-2
2025-09-14 21:47:41,171 INFO  ExportHelperExtension.cs: 1145 - Found 0 features of type [RefAxis] in Part11-2
2025-09-14 21:47:41,171 INFO  ExportHelperExtension.cs: 1125 - Retrieving features of type [RefAxis] from Nema24 24CS22C-400.step-5
2025-09-14 21:47:41,171 INFO  ExportHelperExtension.cs: 1136 - Found 36 in Nema24 24CS22C-400.step-5
2025-09-14 21:47:41,173 INFO  ExportHelperExtension.cs: 1145 - Found 0 features of type [RefAxis] in Nema24 24CS22C-400.step-5
2025-09-14 21:47:41,206 INFO  SwAddin.cs: 339 - Loading config tree
2025-09-14 21:47:41,206 INFO  ExportPropertyManagerExtension.cs: 520 - Starting new configuration
2025-09-14 21:47:41,211 INFO  SwAddin.cs: 344 - Showing property manager
2025-09-14 21:47:50,152 INFO  ExportPropertyManager.cs: 1136 - OnNumberBoxTrackingCompleted called. This method no longer throws an Exception. It just silently does nothing. Ok, except for this logging message
2025-09-14 21:48:41,897 INFO  ExportPropertyManager.cs: 1136 - OnNumberBoxTrackingCompleted called. This method no longer throws an Exception. It just silently does nothing. Ok, except for this logging message
2025-09-14 21:49:06,255 INFO  ExportPropertyManager.cs: 1036 - OnListboxSelectionChanged called. This method no longer throws an Exception. It just silently does nothing. Ok, except for this logging message
2025-09-14 21:49:37,824 INFO  ExportPropertyManager.cs: 1136 - OnNumberBoxTrackingCompleted called. This method no longer throws an Exception. It just silently does nothing. Ok, except for this logging message
2025-09-14 21:50:14,365 INFO  ExportPropertyManager.cs: 1136 - OnNumberBoxTrackingCompleted called. This method no longer throws an Exception. It just silently does nothing. Ok, except for this logging message
2025-09-14 21:51:20,317 INFO  ExportPropertyManager.cs: 422 - Configuration saved
2025-09-14 21:51:20,449 INFO  ExportPropertyManager.cs: 1142 - AfterClose called. This method no longer throws an Exception. It just silently does nothing. Ok, except for this logging message
2025-09-14 21:53:18,854 INFO  SwAddin.cs: 294 - Assembly export called for file Main
2025-09-14 21:53:18,854 INFO  SwAddin.cs: 299 - Save is required
2025-09-14 21:53:18,854 INFO  SwAddin.cs: 313 - Saving assembly
2025-09-14 21:53:19,380 INFO  SwAddin.cs: 316 - Opening property manager
2025-09-14 21:53:19,380 INFO  ExportHelperExtension.cs: 1125 - Retrieving features of type [CoordSys] from Main
2025-09-14 21:53:19,380 INFO  ExportHelperExtension.cs: 1136 - Found 88 in Main
2025-09-14 21:53:19,380 INFO  ExportHelperExtension.cs: 1145 - Found 0 features of type [CoordSys] in Main
2025-09-14 21:53:19,380 INFO  ExportHelperExtension.cs: 1148 - Proceeding through assembly components
2025-09-14 21:53:19,380 INFO  ExportHelperExtension.cs: 1160 - 19 components to check
2025-09-14 21:53:19,380 INFO  ExportHelperExtension.cs: 1125 - Retrieving features of type [CoordSys] from base_plate-1
2025-09-14 21:53:19,380 INFO  ExportHelperExtension.cs: 1136 - Found 30 in base_plate-1
2025-09-14 21:53:19,380 INFO  ExportHelperExtension.cs: 1145 - Found 0 features of type [CoordSys] in base_plate-1
2025-09-14 21:53:19,380 INFO  ExportHelperExtension.cs: 1125 - Retrieving features of type [CoordSys] from link-1
2025-09-14 21:53:19,380 INFO  ExportHelperExtension.cs: 1136 - Found 33 in link-1
2025-09-14 21:53:19,380 INFO  ExportHelperExtension.cs: 1145 - Found 0 features of type [CoordSys] in link-1
2025-09-14 21:53:19,380 INFO  ExportHelperExtension.cs: 1125 - Retrieving features of type [CoordSys] from Nema24 24CS22C-400.step-2
2025-09-14 21:53:19,380 INFO  ExportHelperExtension.cs: 1136 - Found 36 in Nema24 24CS22C-400.step-2
2025-09-14 21:53:19,380 INFO  ExportHelperExtension.cs: 1145 - Found 0 features of type [CoordSys] in Nema24 24CS22C-400.step-2
2025-09-14 21:53:19,380 INFO  ExportHelperExtension.cs: 1125 - Retrieving features of type [CoordSys] from Part8-2
2025-09-14 21:53:19,380 INFO  ExportHelperExtension.cs: 1136 - Found 25 in Part8-2
2025-09-14 21:53:19,380 INFO  ExportHelperExtension.cs: 1145 - Found 0 features of type [CoordSys] in Part8-2
2025-09-14 21:53:19,380 INFO  ExportHelperExtension.cs: 1125 - Retrieving features of type [CoordSys] from 6000rulman-4
2025-09-14 21:53:19,389 INFO  ExportHelperExtension.cs: 1136 - Found 38 in 6000rulman-4
2025-09-14 21:53:19,389 INFO  ExportHelperExtension.cs: 1145 - Found 0 features of type [CoordSys] in 6000rulman-4
2025-09-14 21:53:19,389 INFO  ExportHelperExtension.cs: 1125 - Retrieving features of type [CoordSys] from link-3
2025-09-14 21:53:19,390 INFO  ExportHelperExtension.cs: 1136 - Found 33 in link-3
2025-09-14 21:53:19,390 INFO  ExportHelperExtension.cs: 1145 - Found 0 features of type [CoordSys] in link-3
2025-09-14 21:53:19,390 INFO  ExportHelperExtension.cs: 1125 - Retrieving features of type [CoordSys] from 6000rulman-2
2025-09-14 21:53:19,390 INFO  ExportHelperExtension.cs: 1136 - Found 38 in 6000rulman-2
2025-09-14 21:53:19,390 INFO  ExportHelperExtension.cs: 1145 - Found 0 features of type [CoordSys] in 6000rulman-2
2025-09-14 21:53:19,390 INFO  ExportHelperExtension.cs: 1125 - Retrieving features of type [CoordSys] from 6000rulman-3
2025-09-14 21:53:19,390 INFO  ExportHelperExtension.cs: 1136 - Found 38 in 6000rulman-3
2025-09-14 21:53:19,390 INFO  ExportHelperExtension.cs: 1145 - Found 0 features of type [CoordSys] in 6000rulman-3
2025-09-14 21:53:19,390 INFO  ExportHelperExtension.cs: 1125 - Retrieving features of type [CoordSys] from Part11-1
2025-09-14 21:53:19,390 INFO  ExportHelperExtension.cs: 1136 - Found 25 in Part11-1
2025-09-14 21:53:19,390 INFO  ExportHelperExtension.cs: 1145 - Found 0 features of type [CoordSys] in Part11-1
2025-09-14 21:53:19,390 INFO  ExportHelperExtension.cs: 1125 - Retrieving features of type [CoordSys] from Part8-1
2025-09-14 21:53:19,390 INFO  ExportHelperExtension.cs: 1136 - Found 25 in Part8-1
2025-09-14 21:53:19,390 INFO  ExportHelperExtension.cs: 1145 - Found 0 features of type [CoordSys] in Part8-1
2025-09-14 21:53:19,390 INFO  ExportHelperExtension.cs: 1125 - Retrieving features of type [CoordSys] from Part10-1
2025-09-14 21:53:19,390 INFO  ExportHelperExtension.cs: 1136 - Found 23 in Part10-1
2025-09-14 21:53:19,390 INFO  ExportHelperExtension.cs: 1145 - Found 0 features of type [CoordSys] in Part10-1
2025-09-14 21:53:19,390 INFO  ExportHelperExtension.cs: 1125 - Retrieving features of type [CoordSys] from link-4
2025-09-14 21:53:19,390 INFO  ExportHelperExtension.cs: 1136 - Found 33 in link-4
2025-09-14 21:53:19,390 INFO  ExportHelperExtension.cs: 1145 - Found 0 features of type [CoordSys] in link-4
2025-09-14 21:53:19,390 INFO  ExportHelperExtension.cs: 1125 - Retrieving features of type [CoordSys] from 6000rulman-6
2025-09-14 21:53:19,390 INFO  ExportHelperExtension.cs: 1136 - Found 38 in 6000rulman-6
2025-09-14 21:53:19,390 INFO  ExportHelperExtension.cs: 1145 - Found 0 features of type [CoordSys] in 6000rulman-6
2025-09-14 21:53:19,390 INFO  ExportHelperExtension.cs: 1125 - Retrieving features of type [CoordSys] from 6000rulman-5
2025-09-14 21:53:19,390 INFO  ExportHelperExtension.cs: 1136 - Found 38 in 6000rulman-5
2025-09-14 21:53:19,390 INFO  ExportHelperExtension.cs: 1145 - Found 0 features of type [CoordSys] in 6000rulman-5
2025-09-14 21:53:19,400 INFO  ExportHelperExtension.cs: 1125 - Retrieving features of type [CoordSys] from Part11-3
2025-09-14 21:53:19,400 INFO  ExportHelperExtension.cs: 1136 - Found 25 in Part11-3
2025-09-14 21:53:19,400 INFO  ExportHelperExtension.cs: 1145 - Found 0 features of type [CoordSys] in Part11-3
2025-09-14 21:53:19,400 INFO  ExportHelperExtension.cs: 1125 - Retrieving features of type [CoordSys] from 6000rulman-7
2025-09-14 21:53:19,400 INFO  ExportHelperExtension.cs: 1136 - Found 38 in 6000rulman-7
2025-09-14 21:53:19,400 INFO  ExportHelperExtension.cs: 1145 - Found 0 features of type [CoordSys] in 6000rulman-7
2025-09-14 21:53:19,400 INFO  ExportHelperExtension.cs: 1125 - Retrieving features of type [CoordSys] from link-5
2025-09-14 21:53:19,406 INFO  ExportHelperExtension.cs: 1136 - Found 33 in link-5
2025-09-14 21:53:19,406 INFO  ExportHelperExtension.cs: 1145 - Found 0 features of type [CoordSys] in link-5
2025-09-14 21:53:19,406 INFO  ExportHelperExtension.cs: 1125 - Retrieving features of type [CoordSys] from Part11-2
2025-09-14 21:53:19,406 INFO  ExportHelperExtension.cs: 1136 - Found 25 in Part11-2
2025-09-14 21:53:19,406 INFO  ExportHelperExtension.cs: 1145 - Found 0 features of type [CoordSys] in Part11-2
2025-09-14 21:53:19,406 INFO  ExportHelperExtension.cs: 1125 - Retrieving features of type [CoordSys] from Nema24 24CS22C-400.step-5
2025-09-14 21:53:19,406 INFO  ExportHelperExtension.cs: 1136 - Found 36 in Nema24 24CS22C-400.step-5
2025-09-14 21:53:19,406 INFO  ExportHelperExtension.cs: 1145 - Found 0 features of type [CoordSys] in Nema24 24CS22C-400.step-5
2025-09-14 21:53:19,406 INFO  ExportHelperExtension.cs: 1125 - Retrieving features of type [RefAxis] from Main
2025-09-14 21:53:19,410 INFO  ExportHelperExtension.cs: 1136 - Found 88 in Main
2025-09-14 21:53:19,410 INFO  ExportHelperExtension.cs: 1145 - Found 0 features of type [RefAxis] in Main
2025-09-14 21:53:19,410 INFO  ExportHelperExtension.cs: 1148 - Proceeding through assembly components
2025-09-14 21:53:19,410 INFO  ExportHelperExtension.cs: 1160 - 19 components to check
2025-09-14 21:53:19,410 INFO  ExportHelperExtension.cs: 1125 - Retrieving features of type [RefAxis] from base_plate-1
2025-09-14 21:53:19,410 INFO  ExportHelperExtension.cs: 1136 - Found 30 in base_plate-1
2025-09-14 21:53:19,410 INFO  ExportHelperExtension.cs: 1145 - Found 0 features of type [RefAxis] in base_plate-1
2025-09-14 21:53:19,410 INFO  ExportHelperExtension.cs: 1125 - Retrieving features of type [RefAxis] from link-1
2025-09-14 21:53:19,410 INFO  ExportHelperExtension.cs: 1136 - Found 33 in link-1
2025-09-14 21:53:19,410 INFO  ExportHelperExtension.cs: 1145 - Found 0 features of type [RefAxis] in link-1
2025-09-14 21:53:19,410 INFO  ExportHelperExtension.cs: 1125 - Retrieving features of type [RefAxis] from Nema24 24CS22C-400.step-2
2025-09-14 21:53:19,410 INFO  ExportHelperExtension.cs: 1136 - Found 36 in Nema24 24CS22C-400.step-2
2025-09-14 21:53:19,410 INFO  ExportHelperExtension.cs: 1145 - Found 0 features of type [RefAxis] in Nema24 24CS22C-400.step-2
2025-09-14 21:53:19,410 INFO  ExportHelperExtension.cs: 1125 - Retrieving features of type [RefAxis] from Part8-2
2025-09-14 21:53:19,410 INFO  ExportHelperExtension.cs: 1136 - Found 25 in Part8-2
2025-09-14 21:53:19,410 INFO  ExportHelperExtension.cs: 1145 - Found 0 features of type [RefAxis] in Part8-2
2025-09-14 21:53:19,410 INFO  ExportHelperExtension.cs: 1125 - Retrieving features of type [RefAxis] from 6000rulman-4
2025-09-14 21:53:19,410 INFO  ExportHelperExtension.cs: 1136 - Found 38 in 6000rulman-4
2025-09-14 21:53:19,410 INFO  ExportHelperExtension.cs: 1145 - Found 0 features of type [RefAxis] in 6000rulman-4
2025-09-14 21:53:19,410 INFO  ExportHelperExtension.cs: 1125 - Retrieving features of type [RefAxis] from link-3
2025-09-14 21:53:19,410 INFO  ExportHelperExtension.cs: 1136 - Found 33 in link-3
2025-09-14 21:53:19,417 INFO  ExportHelperExtension.cs: 1145 - Found 0 features of type [RefAxis] in link-3
2025-09-14 21:53:19,417 INFO  ExportHelperExtension.cs: 1125 - Retrieving features of type [RefAxis] from 6000rulman-2
2025-09-14 21:53:19,417 INFO  ExportHelperExtension.cs: 1136 - Found 38 in 6000rulman-2
2025-09-14 21:53:19,417 INFO  ExportHelperExtension.cs: 1145 - Found 0 features of type [RefAxis] in 6000rulman-2
2025-09-14 21:53:19,417 INFO  ExportHelperExtension.cs: 1125 - Retrieving features of type [RefAxis] from 6000rulman-3
2025-09-14 21:53:19,417 INFO  ExportHelperExtension.cs: 1136 - Found 38 in 6000rulman-3
2025-09-14 21:53:19,417 INFO  ExportHelperExtension.cs: 1145 - Found 0 features of type [RefAxis] in 6000rulman-3
2025-09-14 21:53:19,417 INFO  ExportHelperExtension.cs: 1125 - Retrieving features of type [RefAxis] from Part11-1
2025-09-14 21:53:19,417 INFO  ExportHelperExtension.cs: 1136 - Found 25 in Part11-1
2025-09-14 21:53:19,417 INFO  ExportHelperExtension.cs: 1145 - Found 0 features of type [RefAxis] in Part11-1
2025-09-14 21:53:19,420 INFO  ExportHelperExtension.cs: 1125 - Retrieving features of type [RefAxis] from Part8-1
2025-09-14 21:53:19,420 INFO  ExportHelperExtension.cs: 1136 - Found 25 in Part8-1
2025-09-14 21:53:19,420 INFO  ExportHelperExtension.cs: 1145 - Found 0 features of type [RefAxis] in Part8-1
2025-09-14 21:53:19,420 INFO  ExportHelperExtension.cs: 1125 - Retrieving features of type [RefAxis] from Part10-1
2025-09-14 21:53:19,420 INFO  ExportHelperExtension.cs: 1136 - Found 23 in Part10-1
2025-09-14 21:53:19,420 INFO  ExportHelperExtension.cs: 1145 - Found 0 features of type [RefAxis] in Part10-1
2025-09-14 21:53:19,420 INFO  ExportHelperExtension.cs: 1125 - Retrieving features of type [RefAxis] from link-4
2025-09-14 21:53:19,422 INFO  ExportHelperExtension.cs: 1136 - Found 33 in link-4
2025-09-14 21:53:19,422 INFO  ExportHelperExtension.cs: 1145 - Found 0 features of type [RefAxis] in link-4
2025-09-14 21:53:19,422 INFO  ExportHelperExtension.cs: 1125 - Retrieving features of type [RefAxis] from 6000rulman-6
2025-09-14 21:53:19,422 INFO  ExportHelperExtension.cs: 1136 - Found 38 in 6000rulman-6
2025-09-14 21:53:19,422 INFO  ExportHelperExtension.cs: 1145 - Found 0 features of type [RefAxis] in 6000rulman-6
2025-09-14 21:53:19,422 INFO  ExportHelperExtension.cs: 1125 - Retrieving features of type [RefAxis] from 6000rulman-5
2025-09-14 21:53:19,422 INFO  ExportHelperExtension.cs: 1136 - Found 38 in 6000rulman-5
2025-09-14 21:53:19,422 INFO  ExportHelperExtension.cs: 1145 - Found 0 features of type [RefAxis] in 6000rulman-5
2025-09-14 21:53:19,422 INFO  ExportHelperExtension.cs: 1125 - Retrieving features of type [RefAxis] from Part11-3
2025-09-14 21:53:19,422 INFO  ExportHelperExtension.cs: 1136 - Found 25 in Part11-3
2025-09-14 21:53:19,422 INFO  ExportHelperExtension.cs: 1145 - Found 0 features of type [RefAxis] in Part11-3
2025-09-14 21:53:19,422 INFO  ExportHelperExtension.cs: 1125 - Retrieving features of type [RefAxis] from 6000rulman-7
2025-09-14 21:53:19,422 INFO  ExportHelperExtension.cs: 1136 - Found 38 in 6000rulman-7
2025-09-14 21:53:19,422 INFO  ExportHelperExtension.cs: 1145 - Found 0 features of type [RefAxis] in 6000rulman-7
2025-09-14 21:53:19,422 INFO  ExportHelperExtension.cs: 1125 - Retrieving features of type [RefAxis] from link-5
2025-09-14 21:53:19,422 INFO  ExportHelperExtension.cs: 1136 - Found 33 in link-5
2025-09-14 21:53:19,422 INFO  ExportHelperExtension.cs: 1145 - Found 0 features of type [RefAxis] in link-5
2025-09-14 21:53:19,422 INFO  ExportHelperExtension.cs: 1125 - Retrieving features of type [RefAxis] from Part11-2
2025-09-14 21:53:19,422 INFO  ExportHelperExtension.cs: 1136 - Found 25 in Part11-2
2025-09-14 21:53:19,422 INFO  ExportHelperExtension.cs: 1145 - Found 0 features of type [RefAxis] in Part11-2
2025-09-14 21:53:19,422 INFO  ExportHelperExtension.cs: 1125 - Retrieving features of type [RefAxis] from Nema24 24CS22C-400.step-5
2025-09-14 21:53:19,422 INFO  ExportHelperExtension.cs: 1136 - Found 36 in Nema24 24CS22C-400.step-5
2025-09-14 21:53:19,422 INFO  ExportHelperExtension.cs: 1145 - Found 0 features of type [RefAxis] in Nema24 24CS22C-400.step-5
2025-09-14 21:53:19,742 INFO  SwAddin.cs: 339 - Loading config tree
2025-09-14 21:53:19,744 INFO  ExportPropertyManagerExtension.cs: 520 - Starting new configuration
2025-09-14 21:53:19,744 INFO  SwAddin.cs: 344 - Showing property manager
2025-09-14 21:53:42,001 INFO  ExportPropertyManager.cs: 1136 - OnNumberBoxTrackingCompleted called. This method no longer throws an Exception. It just silently does nothing. Ok, except for this logging message
2025-09-14 21:53:52,980 INFO  ExportPropertyManager.cs: 1018 - OnComboboxSelectionChanged called. This method no longer throws an Exception. It just silently does nothing. Ok, except for this logging message
2025-09-14 21:54:12,391 INFO  ExportPropertyManager.cs: 1136 - OnNumberBoxTrackingCompleted called. This method no longer throws an Exception. It just silently does nothing. Ok, except for this logging message
2025-09-14 21:54:20,573 INFO  ExportPropertyManager.cs: 1018 - OnComboboxSelectionChanged called. This method no longer throws an Exception. It just silently does nothing. Ok, except for this logging message
2025-09-14 21:55:10,802 INFO  ExportPropertyManager.cs: 1136 - OnNumberBoxTrackingCompleted called. This method no longer throws an Exception. It just silently does nothing. Ok, except for this logging message
2025-09-14 21:55:37,231 INFO  ExportPropertyManager.cs: 1136 - OnNumberBoxTrackingCompleted called. This method no longer throws an Exception. It just silently does nothing. Ok, except for this logging message
2025-09-14 21:55:49,786 INFO  ExportPropertyManager.cs: 1018 - OnComboboxSelectionChanged called. This method no longer throws an Exception. It just silently does nothing. Ok, except for this logging message
2025-09-14 21:56:14,476 INFO  ExportPropertyManager.cs: 1018 - OnComboboxSelectionChanged called. This method no longer throws an Exception. It just silently does nothing. Ok, except for this logging message
2025-09-14 21:57:18,748 INFO  ExportPropertyManager.cs: 1136 - OnNumberBoxTrackingCompleted called. This method no longer throws an Exception. It just silently does nothing. Ok, except for this logging message
2025-09-14 21:57:51,778 INFO  ExportPropertyManager.cs: 1018 - OnComboboxSelectionChanged called. This method no longer throws an Exception. It just silently does nothing. Ok, except for this logging message
2025-09-14 21:58:41,817 INFO  ExportPropertyManager.cs: 422 - Configuration saved
2025-09-14 21:58:47,230 INFO  ExportHelperExtension.cs: 347 - Creating joint L1
2025-09-14 21:58:47,238 INFO  ExportHelperExtension.cs: 1397 - Fixing components for base_link
2025-09-14 21:58:47,240 INFO  ExportHelperExtension.cs: 1402 - Fixing 25
2025-09-14 21:58:47,240 INFO  ExportHelperExtension.cs: 1402 - Fixing 29
2025-09-14 21:58:47,240 INFO  ExportHelperExtension.cs: 1402 - Fixing 191
2025-09-14 21:58:47,240 INFO  ExportHelperExtension.cs: 1402 - Fixing 94
2025-09-14 21:58:47,240 INFO  ExportHelperExtension.cs: 1402 - Fixing 108
2025-09-14 21:58:48,241 INFO  ExportHelperExtension.cs: 832 - R1: 0, 0
2025-09-14 21:58:48,248 INFO  ExportHelperExtension.cs: 841 - R2: 0, 0
2025-09-14 21:58:48,248 INFO  ExportHelperExtension.cs: 849 - L1: 0
2025-09-14 21:58:48,248 INFO  ExportHelperExtension.cs: 857 - L2: 0
2025-09-14 21:58:49,111 INFO  ExportHelperExtension.cs: 1247 - Parent SW Component: base_plate-1
2025-09-14 21:58:49,111 INFO  ExportHelperExtension.cs: 1248 - Child SW Component: link-1
2025-09-14 21:58:49,111 INFO  ExportHelperExtension.cs: 1253 - Determining limit mate eligibility 
2025-09-14 21:58:49,118 INFO  ExportHelperExtension.cs: 1259 - Adding component entity: link-1
2025-09-14 21:58:49,118 INFO  ExportHelperExtension.cs: 1259 - Adding component entity: link-4
2025-09-14 21:58:49,118 INFO  ExportHelperExtension.cs: 1352 - Unfixing component 25
2025-09-14 21:58:49,118 INFO  ExportHelperExtension.cs: 1352 - Unfixing component 29
2025-09-14 21:58:49,118 INFO  ExportHelperExtension.cs: 1352 - Unfixing component 191
2025-09-14 21:58:49,118 INFO  ExportHelperExtension.cs: 1352 - Unfixing component 94
2025-09-14 21:58:49,118 INFO  ExportHelperExtension.cs: 1352 - Unfixing component 108
2025-09-14 21:58:51,118 WARN  ExportHelperExtension.cs: 351 - Creating joint from parent base_link to child L1 failed
2025-09-14 21:58:51,120 INFO  ExportHelperExtension.cs: 347 - Creating joint L2
2025-09-14 21:58:51,120 INFO  ExportHelperExtension.cs: 1397 - Fixing components for L1
2025-09-14 21:58:51,120 INFO  ExportHelperExtension.cs: 1402 - Fixing 60
2025-09-14 21:58:51,120 INFO  ExportHelperExtension.cs: 1402 - Fixing 24
2025-09-14 21:58:51,120 INFO  ExportHelperExtension.cs: 1402 - Fixing 25
2025-09-14 21:58:51,120 INFO  ExportHelperExtension.cs: 1402 - Fixing 29
2025-09-14 21:58:51,120 INFO  ExportHelperExtension.cs: 1402 - Fixing 191
2025-09-14 21:58:51,120 INFO  ExportHelperExtension.cs: 1402 - Fixing 94
2025-09-14 21:58:51,120 INFO  ExportHelperExtension.cs: 1402 - Fixing 108
2025-09-14 21:58:51,640 INFO  ExportHelperExtension.cs: 832 - R1: 0, 0
2025-09-14 21:58:51,640 INFO  ExportHelperExtension.cs: 841 - R2: 0, 0
2025-09-14 21:58:51,640 INFO  ExportHelperExtension.cs: 849 - L1: 0
2025-09-14 21:58:51,643 INFO  ExportHelperExtension.cs: 857 - L2: 0
2025-09-14 21:58:51,643 INFO  ExportHelperExtension.cs: 1352 - Unfixing component 60
2025-09-14 21:58:51,643 INFO  ExportHelperExtension.cs: 1352 - Unfixing component 24
2025-09-14 21:58:51,643 INFO  ExportHelperExtension.cs: 1352 - Unfixing component 25
2025-09-14 21:58:51,643 INFO  ExportHelperExtension.cs: 1352 - Unfixing component 29
2025-09-14 21:58:51,643 INFO  ExportHelperExtension.cs: 1352 - Unfixing component 191
2025-09-14 21:58:51,643 INFO  ExportHelperExtension.cs: 1352 - Unfixing component 94
2025-09-14 21:58:51,643 INFO  ExportHelperExtension.cs: 1352 - Unfixing component 108
2025-09-14 21:58:53,738 WARN  ExportHelperExtension.cs: 351 - Creating joint from parent L1 to child L2 failed
2025-09-14 21:58:53,748 INFO  ExportHelperExtension.cs: 347 - Creating joint L3
2025-09-14 21:58:53,749 INFO  ExportHelperExtension.cs: 1397 - Fixing components for L2
2025-09-14 21:58:53,749 INFO  ExportHelperExtension.cs: 1402 - Fixing 25
2025-09-14 21:58:53,749 INFO  ExportHelperExtension.cs: 1402 - Fixing 136
2025-09-14 21:58:53,749 INFO  ExportHelperExtension.cs: 1402 - Fixing 142
2025-09-14 21:58:53,749 INFO  ExportHelperExtension.cs: 1402 - Fixing 148
2025-09-14 21:58:53,749 INFO  ExportHelperExtension.cs: 1402 - Fixing 24
2025-09-14 21:58:53,749 INFO  ExportHelperExtension.cs: 1402 - Fixing 60
2025-09-14 21:58:53,749 INFO  ExportHelperExtension.cs: 1402 - Fixing 24
2025-09-14 21:58:53,749 INFO  ExportHelperExtension.cs: 1402 - Fixing 25
2025-09-14 21:58:53,749 INFO  ExportHelperExtension.cs: 1402 - Fixing 29
2025-09-14 21:58:53,749 INFO  ExportHelperExtension.cs: 1402 - Fixing 191
2025-09-14 21:58:53,749 INFO  ExportHelperExtension.cs: 1402 - Fixing 94
2025-09-14 21:58:53,749 INFO  ExportHelperExtension.cs: 1402 - Fixing 108
2025-09-14 21:58:54,401 INFO  ExportHelperExtension.cs: 832 - R1: 0, 0
2025-09-14 21:58:54,401 INFO  ExportHelperExtension.cs: 841 - R2: 0, 0
2025-09-14 21:58:54,401 INFO  ExportHelperExtension.cs: 849 - L1: 0
2025-09-14 21:58:54,401 INFO  ExportHelperExtension.cs: 857 - L2: 0
2025-09-14 21:58:54,401 INFO  ExportHelperExtension.cs: 1352 - Unfixing component 25
2025-09-14 21:58:54,401 INFO  ExportHelperExtension.cs: 1352 - Unfixing component 136
2025-09-14 21:58:54,401 INFO  ExportHelperExtension.cs: 1352 - Unfixing component 142
2025-09-14 21:58:54,401 INFO  ExportHelperExtension.cs: 1352 - Unfixing component 148
2025-09-14 21:58:54,401 INFO  ExportHelperExtension.cs: 1352 - Unfixing component 24
2025-09-14 21:58:54,401 INFO  ExportHelperExtension.cs: 1352 - Unfixing component 60
2025-09-14 21:58:54,401 INFO  ExportHelperExtension.cs: 1352 - Unfixing component 24
2025-09-14 21:58:54,401 INFO  ExportHelperExtension.cs: 1352 - Unfixing component 25
2025-09-14 21:58:54,401 INFO  ExportHelperExtension.cs: 1352 - Unfixing component 29
2025-09-14 21:58:54,401 INFO  ExportHelperExtension.cs: 1352 - Unfixing component 191
2025-09-14 21:58:54,401 INFO  ExportHelperExtension.cs: 1352 - Unfixing component 94
2025-09-14 21:58:54,401 INFO  ExportHelperExtension.cs: 1352 - Unfixing component 108
2025-09-14 21:58:56,620 WARN  ExportHelperExtension.cs: 351 - Creating joint from parent L2 to child L3 failed
2025-09-14 21:58:56,629 INFO  ExportHelperExtension.cs: 347 - Creating joint L4
2025-09-14 21:58:56,629 INFO  ExportHelperExtension.cs: 1397 - Fixing components for L3
2025-09-14 21:58:56,629 INFO  ExportHelperExtension.cs: 1402 - Fixing 25
2025-09-14 21:58:56,629 INFO  ExportHelperExtension.cs: 1402 - Fixing 166
2025-09-14 21:58:56,629 INFO  ExportHelperExtension.cs: 1402 - Fixing 175
2025-09-14 21:58:56,629 INFO  ExportHelperExtension.cs: 1402 - Fixing 171
2025-09-14 21:58:56,629 INFO  ExportHelperExtension.cs: 1402 - Fixing 24
2025-09-14 21:58:56,629 INFO  ExportHelperExtension.cs: 1402 - Fixing 25
2025-09-14 21:58:56,629 INFO  ExportHelperExtension.cs: 1402 - Fixing 136
2025-09-14 21:58:56,638 INFO  ExportHelperExtension.cs: 1402 - Fixing 142
2025-09-14 21:58:56,638 INFO  ExportHelperExtension.cs: 1402 - Fixing 148
2025-09-14 21:58:56,638 INFO  ExportHelperExtension.cs: 1402 - Fixing 24
2025-09-14 21:58:56,638 INFO  ExportHelperExtension.cs: 1402 - Fixing 60
2025-09-14 21:58:56,638 INFO  ExportHelperExtension.cs: 1402 - Fixing 24
2025-09-14 21:58:56,638 INFO  ExportHelperExtension.cs: 1402 - Fixing 25
2025-09-14 21:58:56,638 INFO  ExportHelperExtension.cs: 1402 - Fixing 29
2025-09-14 21:58:56,638 INFO  ExportHelperExtension.cs: 1402 - Fixing 191
2025-09-14 21:58:56,638 INFO  ExportHelperExtension.cs: 1402 - Fixing 94
2025-09-14 21:58:56,638 INFO  ExportHelperExtension.cs: 1402 - Fixing 108
2025-09-14 21:58:57,510 INFO  ExportHelperExtension.cs: 832 - R1: 0, 0
2025-09-14 21:58:57,510 INFO  ExportHelperExtension.cs: 841 - R2: 0, 0
2025-09-14 21:58:57,510 INFO  ExportHelperExtension.cs: 849 - L1: 0
2025-09-14 21:58:57,510 INFO  ExportHelperExtension.cs: 857 - L2: 0
2025-09-14 21:58:57,510 INFO  ExportHelperExtension.cs: 1352 - Unfixing component 25
2025-09-14 21:58:57,510 INFO  ExportHelperExtension.cs: 1352 - Unfixing component 166
2025-09-14 21:58:57,510 INFO  ExportHelperExtension.cs: 1352 - Unfixing component 175
2025-09-14 21:58:57,510 INFO  ExportHelperExtension.cs: 1352 - Unfixing component 171
2025-09-14 21:58:57,510 INFO  ExportHelperExtension.cs: 1352 - Unfixing component 24
2025-09-14 21:58:57,517 INFO  ExportHelperExtension.cs: 1352 - Unfixing component 25
2025-09-14 21:58:57,517 INFO  ExportHelperExtension.cs: 1352 - Unfixing component 136
2025-09-14 21:58:57,517 INFO  ExportHelperExtension.cs: 1352 - Unfixing component 142
2025-09-14 21:58:57,517 INFO  ExportHelperExtension.cs: 1352 - Unfixing component 148
2025-09-14 21:58:57,517 INFO  ExportHelperExtension.cs: 1352 - Unfixing component 24
2025-09-14 21:58:57,517 INFO  ExportHelperExtension.cs: 1352 - Unfixing component 60
2025-09-14 21:58:57,517 INFO  ExportHelperExtension.cs: 1352 - Unfixing component 24
2025-09-14 21:58:57,517 INFO  ExportHelperExtension.cs: 1352 - Unfixing component 25
2025-09-14 21:58:57,517 INFO  ExportHelperExtension.cs: 1352 - Unfixing component 29
2025-09-14 21:58:57,517 INFO  ExportHelperExtension.cs: 1352 - Unfixing component 191
2025-09-14 21:58:57,517 INFO  ExportHelperExtension.cs: 1352 - Unfixing component 94
2025-09-14 21:58:57,517 INFO  ExportHelperExtension.cs: 1352 - Unfixing component 108
2025-09-14 21:59:00,010 WARN  ExportHelperExtension.cs: 351 - Creating joint from parent L3 to child L4 failed
2025-09-14 21:59:00,121 INFO  ExportHelperExtension.cs: 1125 - Retrieving features of type [CoordSys] from Main
2025-09-14 21:59:00,128 INFO  ExportHelperExtension.cs: 1136 - Found 95 in Main
2025-09-14 21:59:00,128 INFO  ExportHelperExtension.cs: 1145 - Found 5 features of type [CoordSys] in Main
2025-09-14 21:59:00,128 INFO  ExportHelperExtension.cs: 1148 - Proceeding through assembly components
2025-09-14 21:59:00,128 INFO  ExportHelperExtension.cs: 1160 - 19 components to check
2025-09-14 21:59:00,130 INFO  ExportHelperExtension.cs: 1125 - Retrieving features of type [CoordSys] from base_plate-1
2025-09-14 21:59:00,130 INFO  ExportHelperExtension.cs: 1136 - Found 30 in base_plate-1
2025-09-14 21:59:00,130 INFO  ExportHelperExtension.cs: 1145 - Found 0 features of type [CoordSys] in base_plate-1
2025-09-14 21:59:00,130 INFO  ExportHelperExtension.cs: 1125 - Retrieving features of type [CoordSys] from link-1
2025-09-14 21:59:00,130 INFO  ExportHelperExtension.cs: 1136 - Found 33 in link-1
2025-09-14 21:59:00,130 INFO  ExportHelperExtension.cs: 1145 - Found 0 features of type [CoordSys] in link-1
2025-09-14 21:59:00,130 INFO  ExportHelperExtension.cs: 1125 - Retrieving features of type [CoordSys] from Nema24 24CS22C-400.step-2
2025-09-14 21:59:00,130 INFO  ExportHelperExtension.cs: 1136 - Found 36 in Nema24 24CS22C-400.step-2
2025-09-14 21:59:00,130 INFO  ExportHelperExtension.cs: 1145 - Found 0 features of type [CoordSys] in Nema24 24CS22C-400.step-2
2025-09-14 21:59:00,130 INFO  ExportHelperExtension.cs: 1125 - Retrieving features of type [CoordSys] from Part8-2
2025-09-14 21:59:00,130 INFO  ExportHelperExtension.cs: 1136 - Found 25 in Part8-2
2025-09-14 21:59:00,130 INFO  ExportHelperExtension.cs: 1145 - Found 0 features of type [CoordSys] in Part8-2
2025-09-14 21:59:00,130 INFO  ExportHelperExtension.cs: 1125 - Retrieving features of type [CoordSys] from 6000rulman-4
2025-09-14 21:59:00,130 INFO  ExportHelperExtension.cs: 1136 - Found 38 in 6000rulman-4
2025-09-14 21:59:00,130 INFO  ExportHelperExtension.cs: 1145 - Found 0 features of type [CoordSys] in 6000rulman-4
2025-09-14 21:59:00,130 INFO  ExportHelperExtension.cs: 1125 - Retrieving features of type [CoordSys] from link-3
2025-09-14 21:59:00,130 INFO  ExportHelperExtension.cs: 1136 - Found 33 in link-3
2025-09-14 21:59:00,130 INFO  ExportHelperExtension.cs: 1145 - Found 0 features of type [CoordSys] in link-3
2025-09-14 21:59:00,130 INFO  ExportHelperExtension.cs: 1125 - Retrieving features of type [CoordSys] from 6000rulman-2
2025-09-14 21:59:00,130 INFO  ExportHelperExtension.cs: 1136 - Found 38 in 6000rulman-2
2025-09-14 21:59:00,130 INFO  ExportHelperExtension.cs: 1145 - Found 0 features of type [CoordSys] in 6000rulman-2
2025-09-14 21:59:00,130 INFO  ExportHelperExtension.cs: 1125 - Retrieving features of type [CoordSys] from 6000rulman-3
2025-09-14 21:59:00,130 INFO  ExportHelperExtension.cs: 1136 - Found 38 in 6000rulman-3
2025-09-14 21:59:00,137 INFO  ExportHelperExtension.cs: 1145 - Found 0 features of type [CoordSys] in 6000rulman-3
2025-09-14 21:59:00,138 INFO  ExportHelperExtension.cs: 1125 - Retrieving features of type [CoordSys] from Part11-1
2025-09-14 21:59:00,138 INFO  ExportHelperExtension.cs: 1136 - Found 25 in Part11-1
2025-09-14 21:59:00,138 INFO  ExportHelperExtension.cs: 1145 - Found 0 features of type [CoordSys] in Part11-1
2025-09-14 21:59:00,138 INFO  ExportHelperExtension.cs: 1125 - Retrieving features of type [CoordSys] from Part8-1
2025-09-14 21:59:00,138 INFO  ExportHelperExtension.cs: 1136 - Found 25 in Part8-1
2025-09-14 21:59:00,138 INFO  ExportHelperExtension.cs: 1145 - Found 0 features of type [CoordSys] in Part8-1
2025-09-14 21:59:00,138 INFO  ExportHelperExtension.cs: 1125 - Retrieving features of type [CoordSys] from Part10-1
2025-09-14 21:59:00,140 INFO  ExportHelperExtension.cs: 1136 - Found 23 in Part10-1
2025-09-14 21:59:00,140 INFO  ExportHelperExtension.cs: 1145 - Found 0 features of type [CoordSys] in Part10-1
2025-09-14 21:59:00,140 INFO  ExportHelperExtension.cs: 1125 - Retrieving features of type [CoordSys] from link-4
2025-09-14 21:59:00,140 INFO  ExportHelperExtension.cs: 1136 - Found 33 in link-4
2025-09-14 21:59:00,140 INFO  ExportHelperExtension.cs: 1145 - Found 0 features of type [CoordSys] in link-4
2025-09-14 21:59:00,140 INFO  ExportHelperExtension.cs: 1125 - Retrieving features of type [CoordSys] from 6000rulman-6
2025-09-14 21:59:00,140 INFO  ExportHelperExtension.cs: 1136 - Found 38 in 6000rulman-6
2025-09-14 21:59:00,140 INFO  ExportHelperExtension.cs: 1145 - Found 0 features of type [CoordSys] in 6000rulman-6
2025-09-14 21:59:00,140 INFO  ExportHelperExtension.cs: 1125 - Retrieving features of type [CoordSys] from 6000rulman-5
2025-09-14 21:59:00,140 INFO  ExportHelperExtension.cs: 1136 - Found 38 in 6000rulman-5
2025-09-14 21:59:00,140 INFO  ExportHelperExtension.cs: 1145 - Found 0 features of type [CoordSys] in 6000rulman-5
2025-09-14 21:59:00,140 INFO  ExportHelperExtension.cs: 1125 - Retrieving features of type [CoordSys] from Part11-3
2025-09-14 21:59:00,140 INFO  ExportHelperExtension.cs: 1136 - Found 25 in Part11-3
2025-09-14 21:59:00,140 INFO  ExportHelperExtension.cs: 1145 - Found 0 features of type [CoordSys] in Part11-3
2025-09-14 21:59:00,140 INFO  ExportHelperExtension.cs: 1125 - Retrieving features of type [CoordSys] from 6000rulman-7
2025-09-14 21:59:00,140 INFO  ExportHelperExtension.cs: 1136 - Found 38 in 6000rulman-7
2025-09-14 21:59:00,140 INFO  ExportHelperExtension.cs: 1145 - Found 0 features of type [CoordSys] in 6000rulman-7
2025-09-14 21:59:00,140 INFO  ExportHelperExtension.cs: 1125 - Retrieving features of type [CoordSys] from link-5
2025-09-14 21:59:00,140 INFO  ExportHelperExtension.cs: 1136 - Found 33 in link-5
2025-09-14 21:59:00,140 INFO  ExportHelperExtension.cs: 1145 - Found 0 features of type [CoordSys] in link-5
2025-09-14 21:59:00,140 INFO  ExportHelperExtension.cs: 1125 - Retrieving features of type [CoordSys] from Part11-2
2025-09-14 21:59:00,140 INFO  ExportHelperExtension.cs: 1136 - Found 25 in Part11-2
2025-09-14 21:59:00,140 INFO  ExportHelperExtension.cs: 1145 - Found 0 features of type [CoordSys] in Part11-2
2025-09-14 21:59:00,140 INFO  ExportHelperExtension.cs: 1125 - Retrieving features of type [CoordSys] from Nema24 24CS22C-400.step-5
2025-09-14 21:59:00,140 INFO  ExportHelperExtension.cs: 1136 - Found 36 in Nema24 24CS22C-400.step-5
2025-09-14 21:59:00,148 INFO  ExportHelperExtension.cs: 1145 - Found 0 features of type [CoordSys] in Nema24 24CS22C-400.step-5
2025-09-14 21:59:00,148 INFO  ExportHelperExtension.cs: 1125 - Retrieving features of type [RefAxis] from Main
2025-09-14 21:59:00,148 INFO  ExportHelperExtension.cs: 1136 - Found 95 in Main
2025-09-14 21:59:00,148 INFO  ExportHelperExtension.cs: 1145 - Found 0 features of type [RefAxis] in Main
2025-09-14 21:59:00,148 INFO  ExportHelperExtension.cs: 1148 - Proceeding through assembly components
2025-09-14 21:59:00,148 INFO  ExportHelperExtension.cs: 1160 - 19 components to check
2025-09-14 21:59:00,148 INFO  ExportHelperExtension.cs: 1125 - Retrieving features of type [RefAxis] from base_plate-1
2025-09-14 21:59:00,148 INFO  ExportHelperExtension.cs: 1136 - Found 30 in base_plate-1
2025-09-14 21:59:00,150 INFO  ExportHelperExtension.cs: 1145 - Found 0 features of type [RefAxis] in base_plate-1
2025-09-14 21:59:00,150 INFO  ExportHelperExtension.cs: 1125 - Retrieving features of type [RefAxis] from link-1
2025-09-14 21:59:00,150 INFO  ExportHelperExtension.cs: 1136 - Found 33 in link-1
2025-09-14 21:59:00,150 INFO  ExportHelperExtension.cs: 1145 - Found 0 features of type [RefAxis] in link-1
2025-09-14 21:59:00,150 INFO  ExportHelperExtension.cs: 1125 - Retrieving features of type [RefAxis] from Nema24 24CS22C-400.step-2
2025-09-14 21:59:00,150 INFO  ExportHelperExtension.cs: 1136 - Found 36 in Nema24 24CS22C-400.step-2
2025-09-14 21:59:00,150 INFO  ExportHelperExtension.cs: 1145 - Found 0 features of type [RefAxis] in Nema24 24CS22C-400.step-2
2025-09-14 21:59:00,150 INFO  ExportHelperExtension.cs: 1125 - Retrieving features of type [RefAxis] from Part8-2
2025-09-14 21:59:00,153 INFO  ExportHelperExtension.cs: 1136 - Found 25 in Part8-2
2025-09-14 21:59:00,153 INFO  ExportHelperExtension.cs: 1145 - Found 0 features of type [RefAxis] in Part8-2
2025-09-14 21:59:00,153 INFO  ExportHelperExtension.cs: 1125 - Retrieving features of type [RefAxis] from 6000rulman-4
2025-09-14 21:59:00,153 INFO  ExportHelperExtension.cs: 1136 - Found 38 in 6000rulman-4
2025-09-14 21:59:00,153 INFO  ExportHelperExtension.cs: 1145 - Found 0 features of type [RefAxis] in 6000rulman-4
2025-09-14 21:59:00,153 INFO  ExportHelperExtension.cs: 1125 - Retrieving features of type [RefAxis] from link-3
2025-09-14 21:59:00,220 INFO  ExportHelperExtension.cs: 1136 - Found 33 in link-3
2025-09-14 21:59:00,220 INFO  ExportHelperExtension.cs: 1145 - Found 0 features of type [RefAxis] in link-3
2025-09-14 21:59:00,220 INFO  ExportHelperExtension.cs: 1125 - Retrieving features of type [RefAxis] from 6000rulman-2
2025-09-14 21:59:00,220 INFO  ExportHelperExtension.cs: 1136 - Found 38 in 6000rulman-2
2025-09-14 21:59:00,220 INFO  ExportHelperExtension.cs: 1145 - Found 0 features of type [RefAxis] in 6000rulman-2
2025-09-14 21:59:00,220 INFO  ExportHelperExtension.cs: 1125 - Retrieving features of type [RefAxis] from 6000rulman-3
2025-09-14 21:59:00,227 INFO  ExportHelperExtension.cs: 1136 - Found 38 in 6000rulman-3
2025-09-14 21:59:00,227 INFO  ExportHelperExtension.cs: 1145 - Found 0 features of type [RefAxis] in 6000rulman-3
2025-09-14 21:59:00,227 INFO  ExportHelperExtension.cs: 1125 - Retrieving features of type [RefAxis] from Part11-1
2025-09-14 21:59:00,227 INFO  ExportHelperExtension.cs: 1136 - Found 25 in Part11-1
2025-09-14 21:59:00,227 INFO  ExportHelperExtension.cs: 1145 - Found 0 features of type [RefAxis] in Part11-1
2025-09-14 21:59:00,227 INFO  ExportHelperExtension.cs: 1125 - Retrieving features of type [RefAxis] from Part8-1
2025-09-14 21:59:00,227 INFO  ExportHelperExtension.cs: 1136 - Found 25 in Part8-1
2025-09-14 21:59:00,227 INFO  ExportHelperExtension.cs: 1145 - Found 0 features of type [RefAxis] in Part8-1
2025-09-14 21:59:00,227 INFO  ExportHelperExtension.cs: 1125 - Retrieving features of type [RefAxis] from Part10-1
2025-09-14 21:59:00,227 INFO  ExportHelperExtension.cs: 1136 - Found 23 in Part10-1
2025-09-14 21:59:00,227 INFO  ExportHelperExtension.cs: 1145 - Found 0 features of type [RefAxis] in Part10-1
2025-09-14 21:59:00,227 INFO  ExportHelperExtension.cs: 1125 - Retrieving features of type [RefAxis] from link-4
2025-09-14 21:59:00,227 INFO  ExportHelperExtension.cs: 1136 - Found 33 in link-4
2025-09-14 21:59:00,227 INFO  ExportHelperExtension.cs: 1145 - Found 0 features of type [RefAxis] in link-4
2025-09-14 21:59:00,232 INFO  ExportHelperExtension.cs: 1125 - Retrieving features of type [RefAxis] from 6000rulman-6
2025-09-14 21:59:00,232 INFO  ExportHelperExtension.cs: 1136 - Found 38 in 6000rulman-6
2025-09-14 21:59:00,232 INFO  ExportHelperExtension.cs: 1145 - Found 0 features of type [RefAxis] in 6000rulman-6
2025-09-14 21:59:00,232 INFO  ExportHelperExtension.cs: 1125 - Retrieving features of type [RefAxis] from 6000rulman-5
2025-09-14 21:59:00,232 INFO  ExportHelperExtension.cs: 1136 - Found 38 in 6000rulman-5
2025-09-14 21:59:00,232 INFO  ExportHelperExtension.cs: 1145 - Found 0 features of type [RefAxis] in 6000rulman-5
2025-09-14 21:59:00,232 INFO  ExportHelperExtension.cs: 1125 - Retrieving features of type [RefAxis] from Part11-3
2025-09-14 21:59:00,232 INFO  ExportHelperExtension.cs: 1136 - Found 25 in Part11-3
2025-09-14 21:59:00,232 INFO  ExportHelperExtension.cs: 1145 - Found 0 features of type [RefAxis] in Part11-3
2025-09-14 21:59:00,232 INFO  ExportHelperExtension.cs: 1125 - Retrieving features of type [RefAxis] from 6000rulman-7
2025-09-14 21:59:00,232 INFO  ExportHelperExtension.cs: 1136 - Found 38 in 6000rulman-7
2025-09-14 21:59:00,232 INFO  ExportHelperExtension.cs: 1145 - Found 0 features of type [RefAxis] in 6000rulman-7
2025-09-14 21:59:00,232 INFO  ExportHelperExtension.cs: 1125 - Retrieving features of type [RefAxis] from link-5
2025-09-14 21:59:00,232 INFO  ExportHelperExtension.cs: 1136 - Found 33 in link-5
2025-09-14 21:59:00,232 INFO  ExportHelperExtension.cs: 1145 - Found 0 features of type [RefAxis] in link-5
2025-09-14 21:59:00,232 INFO  ExportHelperExtension.cs: 1125 - Retrieving features of type [RefAxis] from Part11-2
2025-09-14 21:59:00,232 INFO  ExportHelperExtension.cs: 1136 - Found 25 in Part11-2
2025-09-14 21:59:00,232 INFO  ExportHelperExtension.cs: 1145 - Found 0 features of type [RefAxis] in Part11-2
2025-09-14 21:59:00,232 INFO  ExportHelperExtension.cs: 1125 - Retrieving features of type [RefAxis] from Nema24 24CS22C-400.step-5
2025-09-14 21:59:00,238 INFO  ExportHelperExtension.cs: 1136 - Found 36 in Nema24 24CS22C-400.step-5
2025-09-14 21:59:00,238 INFO  ExportHelperExtension.cs: 1145 - Found 0 features of type [RefAxis] in Nema24 24CS22C-400.step-5
2025-09-14 21:59:00,290 INFO  ExportPropertyManager.cs: 1142 - AfterClose called. This method no longer throws an Exception. It just silently does nothing. Ok, except for this logging message
2025-09-14 22:00:10,059 INFO  AssemblyExportForm.cs: 253 - Completing URDF export
2025-09-14 22:00:10,062 INFO  ConfigurationSerialization.cs: 276 - URDF Configuration found
<Link z:Id="i1" xmlns="http://schemas.datacontract.org/2004/07/SW2URDF" xmlns:i="http://www.w3.org/2001/XMLSchema-instance" xmlns:z="http://schemas.microsoft.com/2003/10/Serialization/"><Attributes><Attribute z:Id="i2"><AttributeType>name</AttributeType><IsRequired>true</IsRequired><Value i:type="a:string" xmlns:a="http://www.w3.org/2001/XMLSchema">base_link</Value></Attribute></Attributes><ChildElements><URDFElement z:Id="i3" i:type="Inertial"><Attributes/><ChildElements><URDFElement z:Id="i4" i:type="Origin"><Attributes><Attribute z:Id="i5"><AttributeType>xyz</AttributeType><IsRequired>true</IsRequired><Value i:type="a:ArrayOfdouble" xmlns:a="http://schemas.microsoft.com/2003/10/Serialization/Arrays"><a:double>0</a:double><a:double>0</a:double><a:double>0</a:double></Value></Attribute><Attribute z:Id="i6"><AttributeType>rpy</AttributeType><IsRequired>true</IsRequired><Value i:type="a:ArrayOfdouble" xmlns:a="http://schemas.microsoft.com/2003/10/Serialization/Arrays"><a:double>0</a:double><a:double>0</a:double><a:double>0</a:double></Value></Attribute></Attributes><ChildElements/><ElementName>origin</ElementName><required>false</required><RPYAttribute z:Ref="i6"/><XYZAttribute z:Ref="i5"/><isCustomized>false</isCustomized></URDFElement><URDFElement z:Id="i7" i:type="Mass"><Attributes><Attribute z:Id="i8"><AttributeType>value</AttributeType><IsRequired>true</IsRequired><Value i:type="a:double" xmlns:a="http://www.w3.org/2001/XMLSchema">0</Value></Attribute></Attributes><ChildElements/><ElementName>mass</ElementName><required>false</required><ValueAttribute z:Ref="i8"/></URDFElement><URDFElement z:Id="i9" i:type="Inertia"><Attributes><Attribute z:Id="i10"><AttributeType>ixx</AttributeType><IsRequired>true</IsRequired><Value i:type="a:double" xmlns:a="http://www.w3.org/2001/XMLSchema">0</Value></Attribute><Attribute z:Id="i11"><AttributeType>ixy</AttributeType><IsRequired>true</IsRequired><Value i:type="a:double" xmlns:a="http://www.w3.org/2001/XMLSchema">0</Value></Attribute><Attribute z:Id="i12"><AttributeType>ixz</AttributeType><IsRequired>true</IsRequired><Value i:type="a:double" xmlns:a="http://www.w3.org/2001/XMLSchema">0</Value></Attribute><Attribute z:Id="i13"><AttributeType>iyy</AttributeType><IsRequired>true</IsRequired><Value i:type="a:double" xmlns:a="http://www.w3.org/2001/XMLSchema">0</Value></Attribute><Attribute z:Id="i14"><AttributeType>iyz</AttributeType><IsRequired>true</IsRequired><Value i:type="a:double" xmlns:a="http://www.w3.org/2001/XMLSchema">0</Value></Attribute><Attribute z:Id="i15"><AttributeType>izz</AttributeType><IsRequired>true</IsRequired><Value i:type="a:double" xmlns:a="http://www.w3.org/2001/XMLSchema">0</Value></Attribute></Attributes><ChildElements/><ElementName>inertia</ElementName><required>false</required><IxxAttribute z:Ref="i10"/><IxyAttribute z:Ref="i11"/><IxzAttribute z:Ref="i12"/><IyyAttribute z:Ref="i13"/><IyzAttribute z:Ref="i14"/><IzzAttribute z:Ref="i15"/></URDFElement></ChildElements><ElementName>inertial</ElementName><required>false</required><Inertia z:Ref="i9"/><Mass z:Ref="i7"/><Origin z:Ref="i4"/></URDFElement><URDFElement z:Id="i16" i:type="Visual"><Attributes/><ChildElements><URDFElement z:Id="i17" i:type="Origin"><Attributes><Attribute z:Id="i18"><AttributeType>xyz</AttributeType><IsRequired>true</IsRequired><Value i:type="a:ArrayOfdouble" xmlns:a="http://schemas.microsoft.com/2003/10/Serialization/Arrays"><a:double>0</a:double><a:double>0</a:double><a:double>0</a:double></Value></Attribute><Attribute z:Id="i19"><AttributeType>rpy</AttributeType><IsRequired>true</IsRequired><Value i:type="a:ArrayOfdouble" xmlns:a="http://schemas.microsoft.com/2003/10/Serialization/Arrays"><a:double>0</a:double><a:double>0</a:double><a:double>0</a:double></Value></Attribute></Attributes><ChildElements/><ElementName>origin</ElementName><required>false</required><RPYAttribute z:Ref="i19"/><XYZAttribute z:Ref="i18"/><isCustomized>false</isCustomized></URDFElement><URDFElement z:Id="i20" i:type="Geometry"><Attributes/><ChildElements><URDFElement z:Id="i21" i:type="Mesh"><Attributes><Attribute z:Id="i22"><AttributeType>filename</AttributeType><IsRequired>true</IsRequired><Value i:nil="true"/></Attribute></Attributes><ChildElements/><ElementName>mesh</ElementName><required>false</required><FilenameAttribute z:Ref="i22"/></URDFElement></ChildElements><ElementName>geometry</ElementName><required>true</required><Mesh z:Ref="i21"/></URDFElement><URDFElement z:Id="i23" i:type="Material"><Attributes><Attribute z:Id="i24"><AttributeType>name</AttributeType><IsRequired>true</IsRequired><Value i:type="a:string" xmlns:a="http://www.w3.org/2001/XMLSchema"/></Attribute></Attributes><ChildElements><URDFElement z:Id="i25" i:type="Color"><Attributes><Attribute z:Id="i26"><AttributeType>rgba</AttributeType><IsRequired>true</IsRequired><Value i:type="a:ArrayOfdouble" xmlns:a="http://schemas.microsoft.com/2003/10/Serialization/Arrays"><a:double>1</a:double><a:double>1</a:double><a:double>1</a:double><a:double>1</a:double></Value></Attribute></Attributes><ChildElements/><ElementName>color</ElementName><required>false</required><RGBAAttribute z:Ref="i26"/></URDFElement><URDFElement z:Id="i27" i:type="Texture"><Attributes><Attribute z:Id="i28"><AttributeType>filename</AttributeType><IsRequired>true</IsRequired><Value i:nil="true"/></Attribute></Attributes><ChildElements/><ElementName>texture</ElementName><required>false</required><FilenameAttribute z:Ref="i28"/><wFilename/></URDFElement></ChildElements><ElementName>material</ElementName><required>false</required><Color z:Ref="i25"/><NameAttribute z:Ref="i24"/><Texture z:Ref="i27"/></URDFElement></ChildElements><ElementName>visual</ElementName><required>false</required><Geometry z:Ref="i20"/><Material z:Ref="i23"/><Origin z:Ref="i17"/></URDFElement><URDFElement z:Id="i29" i:type="Collision"><Attributes/><ChildElements><URDFElement z:Id="i30" i:type="Origin"><Attributes><Attribute z:Id="i31"><AttributeType>xyz</AttributeType><IsRequired>true</IsRequired><Value i:type="a:ArrayOfdouble" xmlns:a="http://schemas.microsoft.com/2003/10/Serialization/Arrays"><a:double>0</a:double><a:double>0</a:double><a:double>0</a:double></Value></Attribute><Attribute z:Id="i32"><AttributeType>rpy</AttributeType><IsRequired>true</IsRequired><Value i:type="a:ArrayOfdouble" xmlns:a="http://schemas.microsoft.com/2003/10/Serialization/Arrays"><a:double>0</a:double><a:double>0</a:double><a:double>0</a:double></Value></Attribute></Attributes><ChildElements/><ElementName>origin</ElementName><required>false</required><RPYAttribute z:Ref="i32"/><XYZAttribute z:Ref="i31"/><isCustomized>false</isCustomized></URDFElement><URDFElement z:Id="i33" i:type="Geometry"><Attributes/><ChildElements><URDFElement z:Id="i34" i:type="Mesh"><Attributes><Attribute z:Id="i35"><AttributeType>filename</AttributeType><IsRequired>true</IsRequired><Value i:nil="true"/></Attribute></Attributes><ChildElements/><ElementName>mesh</ElementName><required>false</required><FilenameAttribute z:Ref="i35"/></URDFElement></ChildElements><ElementName>geometry</ElementName><required>true</required><Mesh z:Ref="i34"/></URDFElement></ChildElements><ElementName>collision</ElementName><required>false</required><Geometry z:Ref="i33"/><Origin z:Ref="i30"/></URDFElement><URDFElement z:Id="i36" i:type="Joint"><Attributes><Attribute z:Id="i37"><AttributeType>name</AttributeType><IsRequired>true</IsRequired><Value i:type="a:string" xmlns:a="http://www.w3.org/2001/XMLSchema"/></Attribute><Attribute z:Id="i38"><AttributeType>type</AttributeType><IsRequired>true</IsRequired><Value i:type="a:string" xmlns:a="http://www.w3.org/2001/XMLSchema"/></Attribute></Attributes><ChildElements><URDFElement z:Id="i39" i:type="Origin"><Attributes><Attribute z:Id="i40"><AttributeType>xyz</AttributeType><IsRequired>true</IsRequired><Value i:type="a:ArrayOfdouble" xmlns:a="http://schemas.microsoft.com/2003/10/Serialization/Arrays"><a:double>0</a:double><a:double>0</a:double><a:double>0</a:double></Value></Attribute><Attribute z:Id="i41"><AttributeType>rpy</AttributeType><IsRequired>true</IsRequired><Value i:type="a:ArrayOfdouble" xmlns:a="http://schemas.microsoft.com/2003/10/Serialization/Arrays"><a:double>0</a:double><a:double>0</a:double><a:double>0</a:double></Value></Attribute></Attributes><ChildElements/><ElementName>origin</ElementName><required>false</required><RPYAttribute z:Ref="i41"/><XYZAttribute z:Ref="i40"/><isCustomized>false</isCustomized></URDFElement><URDFElement z:Id="i42" i:type="ParentLink"><Attributes><Attribute z:Id="i43"><AttributeType>link</AttributeType><IsRequired>true</IsRequired><Value i:type="a:string" xmlns:a="http://www.w3.org/2001/XMLSchema"/></Attribute></Attributes><ChildElements/><ElementName>parent</ElementName><required>true</required><NameAttribute z:Ref="i43"/></URDFElement><URDFElement z:Id="i44" i:type="ChildLink"><Attributes><Attribute z:Id="i45"><AttributeType>link</AttributeType><IsRequired>true</IsRequired><Value i:type="a:string" xmlns:a="http://www.w3.org/2001/XMLSchema"/></Attribute></Attributes><ChildElements/><ElementName>child</ElementName><required>true</required><NameAttribute z:Ref="i45"/></URDFElement><URDFElement z:Id="i46" i:type="Axis"><Attributes><Attribute z:Id="i47"><AttributeType>xyz</AttributeType><IsRequired>true</IsRequired><Value i:type="a:ArrayOfdouble" xmlns:a="http://schemas.microsoft.com/2003/10/Serialization/Arrays"><a:double>0</a:double><a:double>0</a:double><a:double>0</a:double></Value></Attribute></Attributes><ChildElements/><ElementName>axis</ElementName><required>false</required><XYZAttribute z:Ref="i47"/></URDFElement><URDFElement z:Id="i48" i:type="Limit"><Attributes><Attribute z:Id="i49"><AttributeType>lower</AttributeType><IsRequired>false</IsRequired><Value i:nil="true"/></Attribute><Attribute z:Id="i50"><AttributeType>upper</AttributeType><IsRequired>false</IsRequired><Value i:nil="true"/></Attribute><Attribute z:Id="i51"><AttributeType>effort</AttributeType><IsRequired>true</IsRequired><Value i:nil="true"/></Attribute><Attribute z:Id="i52"><AttributeType>velocity</AttributeType><IsRequired>true</IsRequired><Value i:nil="true"/></Attribute></Attributes><ChildElements/><ElementName>limit</ElementName><required>false</required><EffortAttribute z:Ref="i51"/><LowerAttribute z:Ref="i49"/><UpperAttribute z:Ref="i50"/><VelocityAttribute z:Ref="i52"/></URDFElement><URDFElement z:Id="i53" i:type="Calibration"><Attributes><Attribute z:Id="i54"><AttributeType>rising</AttributeType><IsRequired>false</IsRequired><Value i:nil="true"/></Attribute><Attribute z:Id="i55"><AttributeType>falling</AttributeType><IsRequired>false</IsRequired><Value i:nil="true"/></Attribute></Attributes><ChildElements/><ElementName>calibration</ElementName><required>false</required><FallingAttribute z:Ref="i55"/><RisingAttribute z:Ref="i54"/></URDFElement><URDFElement z:Id="i56" i:type="Dynamics"><Attributes><Attribute z:Id="i57"><AttributeType>damping</AttributeType><IsRequired>false</IsRequired><Value i:nil="true"/></Attribute><Attribute z:Id="i58"><AttributeType>friction</AttributeType><IsRequired>false</IsRequired><Value i:nil="true"/></Attribute></Attributes><ChildElements/><ElementName>dynamics</ElementName><required>false</required><DampingAttribute z:Ref="i57"/><FrictionAttribute z:Ref="i58"/></URDFElement><URDFElement z:Id="i59" i:type="SafetyController"><Attributes><Attribute z:Id="i60"><AttributeType>soft_upper_limit</AttributeType><IsRequired>false</IsRequired><Value i:nil="true"/></Attribute><Attribute z:Id="i61"><AttributeType>soft_lower_limit</AttributeType><IsRequired>false</IsRequired><Value i:nil="true"/></Attribute><Attribute z:Id="i62"><AttributeType>k_position</AttributeType><IsRequired>false</IsRequired><Value i:nil="true"/></Attribute><Attribute z:Id="i63"><AttributeType>k_velocity</AttributeType><IsRequired>true</IsRequired><Value i:nil="true"/></Attribute></Attributes><ChildElements/><ElementName>safety_controller</ElementName><required>false</required><KPositionAttribute z:Ref="i62"/><KVelocityAttribute z:Ref="i63"/><SoftLowerAttribute z:Ref="i61"/><SoftUpperAttribute z:Ref="i60"/></URDFElement><URDFElement z:Id="i64" i:type="Mimic"><Attributes><Attribute z:Id="i65"><AttributeType>joint</AttributeType><IsRequired>true</IsRequired><Value i:nil="true"/></Attribute><Attribute z:Id="i66"><AttributeType>multiplier</AttributeType><IsRequired>false</IsRequired><Value i:nil="true"/></Attribute><Attribute z:Id="i67"><AttributeType>offset</AttributeType><IsRequired>false</IsRequired><Value i:nil="true"/></Attribute></Attributes><ChildElements/><ElementName>mimic</ElementName><required>false</required><JointNameAttribute z:Ref="i65"/><MultiplierAttribute z:Ref="i66"/><OffsetAttribute z:Ref="i67"/></URDFElement></ChildElements><ElementName>joint</ElementName><required>false</required><Axis z:Ref="i46"/><AxisName/><Calibration z:Ref="i53"/><Child z:Ref="i44"/><CoordinateSystemName>Automatically Generate</CoordinateSystemName><Dynamics z:Ref="i56"/><Limit z:Ref="i48"/><Mimic z:Ref="i64"/><NameAttribute z:Ref="i37"/><Origin z:Ref="i39"/><Parent z:Ref="i42"/><Safety z:Ref="i59"/><TypeAttribute z:Ref="i38"/></URDFElement></ChildElements><ElementName>link</ElementName><required>true</required><Children><Link z:Id="i68"><Attributes><Attribute z:Id="i69"><AttributeType>name</AttributeType><IsRequired>true</IsRequired><Value i:type="a:string" xmlns:a="http://www.w3.org/2001/XMLSchema">L1</Value></Attribute></Attributes><ChildElements><URDFElement z:Id="i70" i:type="Inertial"><Attributes/><ChildElements><URDFElement z:Id="i71" i:type="Origin"><Attributes><Attribute z:Id="i72"><AttributeType>xyz</AttributeType><IsRequired>true</IsRequired><Value i:type="a:ArrayOfdouble" xmlns:a="http://schemas.microsoft.com/2003/10/Serialization/Arrays"><a:double>0</a:double><a:double>0</a:double><a:double>0</a:double></Value></Attribute><Attribute z:Id="i73"><AttributeType>rpy</AttributeType><IsRequired>true</IsRequired><Value i:type="a:ArrayOfdouble" xmlns:a="http://schemas.microsoft.com/2003/10/Serialization/Arrays"><a:double>0</a:double><a:double>0</a:double><a:double>0</a:double></Value></Attribute></Attributes><ChildElements/><ElementName>origin</ElementName><required>false</required><RPYAttribute z:Ref="i73"/><XYZAttribute z:Ref="i72"/><isCustomized>false</isCustomized></URDFElement><URDFElement z:Id="i74" i:type="Mass"><Attributes><Attribute z:Id="i75"><AttributeType>value</AttributeType><IsRequired>true</IsRequired><Value i:type="a:double" xmlns:a="http://www.w3.org/2001/XMLSchema">0</Value></Attribute></Attributes><ChildElements/><ElementName>mass</ElementName><required>false</required><ValueAttribute z:Ref="i75"/></URDFElement><URDFElement z:Id="i76" i:type="Inertia"><Attributes><Attribute z:Id="i77"><AttributeType>ixx</AttributeType><IsRequired>true</IsRequired><Value i:type="a:double" xmlns:a="http://www.w3.org/2001/XMLSchema">0</Value></Attribute><Attribute z:Id="i78"><AttributeType>ixy</AttributeType><IsRequired>true</IsRequired><Value i:type="a:double" xmlns:a="http://www.w3.org/2001/XMLSchema">0</Value></Attribute><Attribute z:Id="i79"><AttributeType>ixz</AttributeType><IsRequired>true</IsRequired><Value i:type="a:double" xmlns:a="http://www.w3.org/2001/XMLSchema">0</Value></Attribute><Attribute z:Id="i80"><AttributeType>iyy</AttributeType><IsRequired>true</IsRequired><Value i:type="a:double" xmlns:a="http://www.w3.org/2001/XMLSchema">0</Value></Attribute><Attribute z:Id="i81"><AttributeType>iyz</AttributeType><IsRequired>true</IsRequired><Value i:type="a:double" xmlns:a="http://www.w3.org/2001/XMLSchema">0</Value></Attribute><Attribute z:Id="i82"><AttributeType>izz</AttributeType><IsRequired>true</IsRequired><Value i:type="a:double" xmlns:a="http://www.w3.org/2001/XMLSchema">0</Value></Attribute></Attributes><ChildElements/><ElementName>inertia</ElementName><required>false</required><IxxAttribute z:Ref="i77"/><IxyAttribute z:Ref="i78"/><IxzAttribute z:Ref="i79"/><IyyAttribute z:Ref="i80"/><IyzAttribute z:Ref="i81"/><IzzAttribute z:Ref="i82"/></URDFElement></ChildElements><ElementName>inertial</ElementName><required>false</required><Inertia z:Ref="i76"/><Mass z:Ref="i74"/><Origin z:Ref="i71"/></URDFElement><URDFElement z:Id="i83" i:type="Visual"><Attributes/><ChildElements><URDFElement z:Id="i84" i:type="Origin"><Attributes><Attribute z:Id="i85"><AttributeType>xyz</AttributeType><IsRequired>true</IsRequired><Value i:type="a:ArrayOfdouble" xmlns:a="http://schemas.microsoft.com/2003/10/Serialization/Arrays"><a:double>0</a:double><a:double>0</a:double><a:double>0</a:double></Value></Attribute><Attribute z:Id="i86"><AttributeType>rpy</AttributeType><IsRequired>true</IsRequired><Value i:type="a:ArrayOfdouble" xmlns:a="http://schemas.microsoft.com/2003/10/Serialization/Arrays"><a:double>0</a:double><a:double>0</a:double><a:double>0</a:double></Value></Attribute></Attributes><ChildElements/><ElementName>origin</ElementName><required>false</required><RPYAttribute z:Ref="i86"/><XYZAttribute z:Ref="i85"/><isCustomized>false</isCustomized></URDFElement><URDFElement z:Id="i87" i:type="Geometry"><Attributes/><ChildElements><URDFElement z:Id="i88" i:type="Mesh"><Attributes><Attribute z:Id="i89"><AttributeType>filename</AttributeType><IsRequired>true</IsRequired><Value i:nil="true"/></Attribute></Attributes><ChildElements/><ElementName>mesh</ElementName><required>false</required><FilenameAttribute z:Ref="i89"/></URDFElement></ChildElements><ElementName>geometry</ElementName><required>true</required><Mesh z:Ref="i88"/></URDFElement><URDFElement z:Id="i90" i:type="Material"><Attributes><Attribute z:Id="i91"><AttributeType>name</AttributeType><IsRequired>true</IsRequired><Value i:type="a:string" xmlns:a="http://www.w3.org/2001/XMLSchema"/></Attribute></Attributes><ChildElements><URDFElement z:Id="i92" i:type="Color"><Attributes><Attribute z:Id="i93"><AttributeType>rgba</AttributeType><IsRequired>true</IsRequired><Value i:type="a:ArrayOfdouble" xmlns:a="http://schemas.microsoft.com/2003/10/Serialization/Arrays"><a:double>1</a:double><a:double>1</a:double><a:double>1</a:double><a:double>1</a:double></Value></Attribute></Attributes><ChildElements/><ElementName>color</ElementName><required>false</required><RGBAAttribute z:Ref="i93"/></URDFElement><URDFElement z:Id="i94" i:type="Texture"><Attributes><Attribute z:Id="i95"><AttributeType>filename</AttributeType><IsRequired>true</IsRequired><Value i:nil="true"/></Attribute></Attributes><ChildElements/><ElementName>texture</ElementName><required>false</required><FilenameAttribute z:Ref="i95"/><wFilename/></URDFElement></ChildElements><ElementName>material</ElementName><required>false</required><Color z:Ref="i92"/><NameAttribute z:Ref="i91"/><Texture z:Ref="i94"/></URDFElement></ChildElements><ElementName>visual</ElementName><required>false</required><Geometry z:Ref="i87"/><Material z:Ref="i90"/><Origin z:Ref="i84"/></URDFElement><URDFElement z:Id="i96" i:type="Collision"><Attributes/><ChildElements><URDFElement z:Id="i97" i:type="Origin"><Attributes><Attribute z:Id="i98"><AttributeType>xyz</AttributeType><IsRequired>true</IsRequired><Value i:type="a:ArrayOfdouble" xmlns:a="http://schemas.microsoft.com/2003/10/Serialization/Arrays"><a:double>0</a:double><a:double>0</a:double><a:double>0</a:double></Value></Attribute><Attribute z:Id="i99"><AttributeType>rpy</AttributeType><IsRequired>true</IsRequired><Value i:type="a:ArrayOfdouble" xmlns:a="http://schemas.microsoft.com/2003/10/Serialization/Arrays"><a:double>0</a:double><a:double>0</a:double><a:double>0</a:double></Value></Attribute></Attributes><ChildElements/><ElementName>origin</ElementName><required>false</required><RPYAttribute z:Ref="i99"/><XYZAttribute z:Ref="i98"/><isCustomized>false</isCustomized></URDFElement><URDFElement z:Id="i100" i:type="Geometry"><Attributes/><ChildElements><URDFElement z:Id="i101" i:type="Mesh"><Attributes><Attribute z:Id="i102"><AttributeType>filename</AttributeType><IsRequired>true</IsRequired><Value i:nil="true"/></Attribute></Attributes><ChildElements/><ElementName>mesh</ElementName><required>false</required><FilenameAttribute z:Ref="i102"/></URDFElement></ChildElements><ElementName>geometry</ElementName><required>true</required><Mesh z:Ref="i101"/></URDFElement></ChildElements><ElementName>collision</ElementName><required>false</required><Geometry z:Ref="i100"/><Origin z:Ref="i97"/></URDFElement><URDFElement z:Id="i103" i:type="Joint"><Attributes><Attribute z:Id="i104"><AttributeType>name</AttributeType><IsRequired>true</IsRequired><Value i:type="a:string" xmlns:a="http://www.w3.org/2001/XMLSchema">J!</Value></Attribute><Attribute z:Id="i105"><AttributeType>type</AttributeType><IsRequired>true</IsRequired><Value i:type="a:string" xmlns:a="http://www.w3.org/2001/XMLSchema">revolute</Value></Attribute></Attributes><ChildElements><URDFElement z:Id="i106" i:type="Origin"><Attributes><Attribute z:Id="i107"><AttributeType>xyz</AttributeType><IsRequired>true</IsRequired><Value i:type="a:ArrayOfdouble" xmlns:a="http://schemas.microsoft.com/2003/10/Serialization/Arrays"><a:double>0</a:double><a:double>0</a:double><a:double>0</a:double></Value></Attribute><Attribute z:Id="i108"><AttributeType>rpy</AttributeType><IsRequired>true</IsRequired><Value i:type="a:ArrayOfdouble" xmlns:a="http://schemas.microsoft.com/2003/10/Serialization/Arrays"><a:double>0</a:double><a:double>0</a:double><a:double>0</a:double></Value></Attribute></Attributes><ChildElements/><ElementName>origin</ElementName><required>false</required><RPYAttribute z:Ref="i108"/><XYZAttribute z:Ref="i107"/><isCustomized>false</isCustomized></URDFElement><URDFElement z:Id="i109" i:type="ParentLink"><Attributes><Attribute z:Id="i110"><AttributeType>link</AttributeType><IsRequired>true</IsRequired><Value i:type="a:string" xmlns:a="http://www.w3.org/2001/XMLSchema"/></Attribute></Attributes><ChildElements/><ElementName>parent</ElementName><required>true</required><NameAttribute z:Ref="i110"/></URDFElement><URDFElement z:Id="i111" i:type="ChildLink"><Attributes><Attribute z:Id="i112"><AttributeType>link</AttributeType><IsRequired>true</IsRequired><Value i:type="a:string" xmlns:a="http://www.w3.org/2001/XMLSchema"/></Attribute></Attributes><ChildElements/><ElementName>child</ElementName><required>true</required><NameAttribute z:Ref="i112"/></URDFElement><URDFElement z:Id="i113" i:type="Axis"><Attributes><Attribute z:Id="i114"><AttributeType>xyz</AttributeType><IsRequired>true</IsRequired><Value i:type="a:ArrayOfdouble" xmlns:a="http://schemas.microsoft.com/2003/10/Serialization/Arrays"><a:double>0</a:double><a:double>0</a:double><a:double>0</a:double></Value></Attribute></Attributes><ChildElements/><ElementName>axis</ElementName><required>false</required><XYZAttribute z:Ref="i114"/></URDFElement><URDFElement z:Id="i115" i:type="Limit"><Attributes><Attribute z:Id="i116"><AttributeType>lower</AttributeType><IsRequired>false</IsRequired><Value i:nil="true"/></Attribute><Attribute z:Id="i117"><AttributeType>upper</AttributeType><IsRequired>false</IsRequired><Value i:nil="true"/></Attribute><Attribute z:Id="i118"><AttributeType>effort</AttributeType><IsRequired>true</IsRequired><Value i:nil="true"/></Attribute><Attribute z:Id="i119"><AttributeType>velocity</AttributeType><IsRequired>true</IsRequired><Value i:nil="true"/></Attribute></Attributes><ChildElements/><ElementName>limit</ElementName><required>false</required><EffortAttribute z:Ref="i118"/><LowerAttribute z:Ref="i116"/><UpperAttribute z:Ref="i117"/><VelocityAttribute z:Ref="i119"/></URDFElement><URDFElement z:Id="i120" i:type="Calibration"><Attributes><Attribute z:Id="i121"><AttributeType>rising</AttributeType><IsRequired>false</IsRequired><Value i:nil="true"/></Attribute><Attribute z:Id="i122"><AttributeType>falling</AttributeType><IsRequired>false</IsRequired><Value i:nil="true"/></Attribute></Attributes><ChildElements/><ElementName>calibration</ElementName><required>false</required><FallingAttribute z:Ref="i122"/><RisingAttribute z:Ref="i121"/></URDFElement><URDFElement z:Id="i123" i:type="Dynamics"><Attributes><Attribute z:Id="i124"><AttributeType>damping</AttributeType><IsRequired>false</IsRequired><Value i:nil="true"/></Attribute><Attribute z:Id="i125"><AttributeType>friction</AttributeType><IsRequired>false</IsRequired><Value i:nil="true"/></Attribute></Attributes><ChildElements/><ElementName>dynamics</ElementName><required>false</required><DampingAttribute z:Ref="i124"/><FrictionAttribute z:Ref="i125"/></URDFElement><URDFElement z:Id="i126" i:type="SafetyController"><Attributes><Attribute z:Id="i127"><AttributeType>soft_upper_limit</AttributeType><IsRequired>false</IsRequired><Value i:nil="true"/></Attribute><Attribute z:Id="i128"><AttributeType>soft_lower_limit</AttributeType><IsRequired>false</IsRequired><Value i:nil="true"/></Attribute><Attribute z:Id="i129"><AttributeType>k_position</AttributeType><IsRequired>false</IsRequired><Value i:nil="true"/></Attribute><Attribute z:Id="i130"><AttributeType>k_velocity</AttributeType><IsRequired>true</IsRequired><Value i:nil="true"/></Attribute></Attributes><ChildElements/><ElementName>safety_controller</ElementName><required>false</required><KPositionAttribute z:Ref="i129"/><KVelocityAttribute z:Ref="i130"/><SoftLowerAttribute z:Ref="i128"/><SoftUpperAttribute z:Ref="i127"/></URDFElement><URDFElement z:Id="i131" i:type="Mimic"><Attributes><Attribute z:Id="i132"><AttributeType>joint</AttributeType><IsRequired>true</IsRequired><Value i:nil="true"/></Attribute><Attribute z:Id="i133"><AttributeType>multiplier</AttributeType><IsRequired>false</IsRequired><Value i:nil="true"/></Attribute><Attribute z:Id="i134"><AttributeType>offset</AttributeType><IsRequired>false</IsRequired><Value i:nil="true"/></Attribute></Attributes><ChildElements/><ElementName>mimic</ElementName><required>false</required><JointNameAttribute z:Ref="i132"/><MultiplierAttribute z:Ref="i133"/><OffsetAttribute z:Ref="i134"/></URDFElement></ChildElements><ElementName>joint</ElementName><required>false</required><Axis z:Ref="i113"/><AxisName>Automatically Generate</AxisName><Calibration z:Ref="i120"/><Child z:Ref="i111"/><CoordinateSystemName>Automatically Generate</CoordinateSystemName><Dynamics z:Ref="i123"/><Limit z:Ref="i115"/><Mimic z:Ref="i131"/><NameAttribute z:Ref="i104"/><Origin z:Ref="i106"/><Parent z:Ref="i109"/><Safety z:Ref="i126"/><TypeAttribute z:Ref="i105"/></URDFElement></ChildElements><ElementName>link</ElementName><required>true</required><Children><Link z:Id="i135"><Attributes><Attribute z:Id="i136"><AttributeType>name</AttributeType><IsRequired>true</IsRequired><Value i:type="a:string" xmlns:a="http://www.w3.org/2001/XMLSchema">L2</Value></Attribute></Attributes><ChildElements><URDFElement z:Id="i137" i:type="Inertial"><Attributes/><ChildElements><URDFElement z:Id="i138" i:type="Origin"><Attributes><Attribute z:Id="i139"><AttributeType>xyz</AttributeType><IsRequired>true</IsRequired><Value i:type="a:ArrayOfdouble" xmlns:a="http://schemas.microsoft.com/2003/10/Serialization/Arrays"><a:double>0</a:double><a:double>0</a:double><a:double>0</a:double></Value></Attribute><Attribute z:Id="i140"><AttributeType>rpy</AttributeType><IsRequired>true</IsRequired><Value i:type="a:ArrayOfdouble" xmlns:a="http://schemas.microsoft.com/2003/10/Serialization/Arrays"><a:double>0</a:double><a:double>0</a:double><a:double>0</a:double></Value></Attribute></Attributes><ChildElements/><ElementName>origin</ElementName><required>false</required><RPYAttribute z:Ref="i140"/><XYZAttribute z:Ref="i139"/><isCustomized>false</isCustomized></URDFElement><URDFElement z:Id="i141" i:type="Mass"><Attributes><Attribute z:Id="i142"><AttributeType>value</AttributeType><IsRequired>true</IsRequired><Value i:type="a:double" xmlns:a="http://www.w3.org/2001/XMLSchema">0</Value></Attribute></Attributes><ChildElements/><ElementName>mass</ElementName><required>false</required><ValueAttribute z:Ref="i142"/></URDFElement><URDFElement z:Id="i143" i:type="Inertia"><Attributes><Attribute z:Id="i144"><AttributeType>ixx</AttributeType><IsRequired>true</IsRequired><Value i:type="a:double" xmlns:a="http://www.w3.org/2001/XMLSchema">0</Value></Attribute><Attribute z:Id="i145"><AttributeType>ixy</AttributeType><IsRequired>true</IsRequired><Value i:type="a:double" xmlns:a="http://www.w3.org/2001/XMLSchema">0</Value></Attribute><Attribute z:Id="i146"><AttributeType>ixz</AttributeType><IsRequired>true</IsRequired><Value i:type="a:double" xmlns:a="http://www.w3.org/2001/XMLSchema">0</Value></Attribute><Attribute z:Id="i147"><AttributeType>iyy</AttributeType><IsRequired>true</IsRequired><Value i:type="a:double" xmlns:a="http://www.w3.org/2001/XMLSchema">0</Value></Attribute><Attribute z:Id="i148"><AttributeType>iyz</AttributeType><IsRequired>true</IsRequired><Value i:type="a:double" xmlns:a="http://www.w3.org/2001/XMLSchema">0</Value></Attribute><Attribute z:Id="i149"><AttributeType>izz</AttributeType><IsRequired>true</IsRequired><Value i:type="a:double" xmlns:a="http://www.w3.org/2001/XMLSchema">0</Value></Attribute></Attributes><ChildElements/><ElementName>inertia</ElementName><required>false</required><IxxAttribute z:Ref="i144"/><IxyAttribute z:Ref="i145"/><IxzAttribute z:Ref="i146"/><IyyAttribute z:Ref="i147"/><IyzAttribute z:Ref="i148"/><IzzAttribute z:Ref="i149"/></URDFElement></ChildElements><ElementName>inertial</ElementName><required>false</required><Inertia z:Ref="i143"/><Mass z:Ref="i141"/><Origin z:Ref="i138"/></URDFElement><URDFElement z:Id="i150" i:type="Visual"><Attributes/><ChildElements><URDFElement z:Id="i151" i:type="Origin"><Attributes><Attribute z:Id="i152"><AttributeType>xyz</AttributeType><IsRequired>true</IsRequired><Value i:type="a:ArrayOfdouble" xmlns:a="http://schemas.microsoft.com/2003/10/Serialization/Arrays"><a:double>0</a:double><a:double>0</a:double><a:double>0</a:double></Value></Attribute><Attribute z:Id="i153"><AttributeType>rpy</AttributeType><IsRequired>true</IsRequired><Value i:type="a:ArrayOfdouble" xmlns:a="http://schemas.microsoft.com/2003/10/Serialization/Arrays"><a:double>0</a:double><a:double>0</a:double><a:double>0</a:double></Value></Attribute></Attributes><ChildElements/><ElementName>origin</ElementName><required>false</required><RPYAttribute z:Ref="i153"/><XYZAttribute z:Ref="i152"/><isCustomized>false</isCustomized></URDFElement><URDFElement z:Id="i154" i:type="Geometry"><Attributes/><ChildElements><URDFElement z:Id="i155" i:type="Mesh"><Attributes><Attribute z:Id="i156"><AttributeType>filename</AttributeType><IsRequired>true</IsRequired><Value i:nil="true"/></Attribute></Attributes><ChildElements/><ElementName>mesh</ElementName><required>false</required><FilenameAttribute z:Ref="i156"/></URDFElement></ChildElements><ElementName>geometry</ElementName><required>true</required><Mesh z:Ref="i155"/></URDFElement><URDFElement z:Id="i157" i:type="Material"><Attributes><Attribute z:Id="i158"><AttributeType>name</AttributeType><IsRequired>true</IsRequired><Value i:type="a:string" xmlns:a="http://www.w3.org/2001/XMLSchema"/></Attribute></Attributes><ChildElements><URDFElement z:Id="i159" i:type="Color"><Attributes><Attribute z:Id="i160"><AttributeType>rgba</AttributeType><IsRequired>true</IsRequired><Value i:type="a:ArrayOfdouble" xmlns:a="http://schemas.microsoft.com/2003/10/Serialization/Arrays"><a:double>1</a:double><a:double>1</a:double><a:double>1</a:double><a:double>1</a:double></Value></Attribute></Attributes><ChildElements/><ElementName>color</ElementName><required>false</required><RGBAAttribute z:Ref="i160"/></URDFElement><URDFElement z:Id="i161" i:type="Texture"><Attributes><Attribute z:Id="i162"><AttributeType>filename</AttributeType><IsRequired>true</IsRequired><Value i:nil="true"/></Attribute></Attributes><ChildElements/><ElementName>texture</ElementName><required>false</required><FilenameAttribute z:Ref="i162"/><wFilename/></URDFElement></ChildElements><ElementName>material</ElementName><required>false</required><Color z:Ref="i159"/><NameAttribute z:Ref="i158"/><Texture z:Ref="i161"/></URDFElement></ChildElements><ElementName>visual</ElementName><required>false</required><Geometry z:Ref="i154"/><Material z:Ref="i157"/><Origin z:Ref="i151"/></URDFElement><URDFElement z:Id="i163" i:type="Collision"><Attributes/><ChildElements><URDFElement z:Id="i164" i:type="Origin"><Attributes><Attribute z:Id="i165"><AttributeType>xyz</AttributeType><IsRequired>true</IsRequired><Value i:type="a:ArrayOfdouble" xmlns:a="http://schemas.microsoft.com/2003/10/Serialization/Arrays"><a:double>0</a:double><a:double>0</a:double><a:double>0</a:double></Value></Attribute><Attribute z:Id="i166"><AttributeType>rpy</AttributeType><IsRequired>true</IsRequired><Value i:type="a:ArrayOfdouble" xmlns:a="http://schemas.microsoft.com/2003/10/Serialization/Arrays"><a:double>0</a:double><a:double>0</a:double><a:double>0</a:double></Value></Attribute></Attributes><ChildElements/><ElementName>origin</ElementName><required>false</required><RPYAttribute z:Ref="i166"/><XYZAttribute z:Ref="i165"/><isCustomized>false</isCustomized></URDFElement><URDFElement z:Id="i167" i:type="Geometry"><Attributes/><ChildElements><URDFElement z:Id="i168" i:type="Mesh"><Attributes><Attribute z:Id="i169"><AttributeType>filename</AttributeType><IsRequired>true</IsRequired><Value i:nil="true"/></Attribute></Attributes><ChildElements/><ElementName>mesh</ElementName><required>false</required><FilenameAttribute z:Ref="i169"/></URDFElement></ChildElements><ElementName>geometry</ElementName><required>true</required><Mesh z:Ref="i168"/></URDFElement></ChildElements><ElementName>collision</ElementName><required>false</required><Geometry z:Ref="i167"/><Origin z:Ref="i164"/></URDFElement><URDFElement z:Id="i170" i:type="Joint"><Attributes><Attribute z:Id="i171"><AttributeType>name</AttributeType><IsRequired>true</IsRequired><Value i:type="a:string" xmlns:a="http://www.w3.org/2001/XMLSchema">J2</Value></Attribute><Attribute z:Id="i172"><AttributeType>type</AttributeType><IsRequired>true</IsRequired><Value i:type="a:string" xmlns:a="http://www.w3.org/2001/XMLSchema">revolute</Value></Attribute></Attributes><ChildElements><URDFElement z:Id="i173" i:type="Origin"><Attributes><Attribute z:Id="i174"><AttributeType>xyz</AttributeType><IsRequired>true</IsRequired><Value i:type="a:ArrayOfdouble" xmlns:a="http://schemas.microsoft.com/2003/10/Serialization/Arrays"><a:double>0</a:double><a:double>0</a:double><a:double>0</a:double></Value></Attribute><Attribute z:Id="i175"><AttributeType>rpy</AttributeType><IsRequired>true</IsRequired><Value i:type="a:ArrayOfdouble" xmlns:a="http://schemas.microsoft.com/2003/10/Serialization/Arrays"><a:double>0</a:double><a:double>0</a:double><a:double>0</a:double></Value></Attribute></Attributes><ChildElements/><ElementName>origin</ElementName><required>false</required><RPYAttribute z:Ref="i175"/><XYZAttribute z:Ref="i174"/><isCustomized>false</isCustomized></URDFElement><URDFElement z:Id="i176" i:type="ParentLink"><Attributes><Attribute z:Id="i177"><AttributeType>link</AttributeType><IsRequired>true</IsRequired><Value i:type="a:string" xmlns:a="http://www.w3.org/2001/XMLSchema"/></Attribute></Attributes><ChildElements/><ElementName>parent</ElementName><required>true</required><NameAttribute z:Ref="i177"/></URDFElement><URDFElement z:Id="i178" i:type="ChildLink"><Attributes><Attribute z:Id="i179"><AttributeType>link</AttributeType><IsRequired>true</IsRequired><Value i:type="a:string" xmlns:a="http://www.w3.org/2001/XMLSchema"/></Attribute></Attributes><ChildElements/><ElementName>child</ElementName><required>true</required><NameAttribute z:Ref="i179"/></URDFElement><URDFElement z:Id="i180" i:type="Axis"><Attributes><Attribute z:Id="i181"><AttributeType>xyz</AttributeType><IsRequired>true</IsRequired><Value i:type="a:ArrayOfdouble" xmlns:a="http://schemas.microsoft.com/2003/10/Serialization/Arrays"><a:double>0</a:double><a:double>0</a:double><a:double>0</a:double></Value></Attribute></Attributes><ChildElements/><ElementName>axis</ElementName><required>false</required><XYZAttribute z:Ref="i181"/></URDFElement><URDFElement z:Id="i182" i:type="Limit"><Attributes><Attribute z:Id="i183"><AttributeType>lower</AttributeType><IsRequired>false</IsRequired><Value i:nil="true"/></Attribute><Attribute z:Id="i184"><AttributeType>upper</AttributeType><IsRequired>false</IsRequired><Value i:nil="true"/></Attribute><Attribute z:Id="i185"><AttributeType>effort</AttributeType><IsRequired>true</IsRequired><Value i:nil="true"/></Attribute><Attribute z:Id="i186"><AttributeType>velocity</AttributeType><IsRequired>true</IsRequired><Value i:nil="true"/></Attribute></Attributes><ChildElements/><ElementName>limit</ElementName><required>false</required><EffortAttribute z:Ref="i185"/><LowerAttribute z:Ref="i183"/><UpperAttribute z:Ref="i184"/><VelocityAttribute z:Ref="i186"/></URDFElement><URDFElement z:Id="i187" i:type="Calibration"><Attributes><Attribute z:Id="i188"><AttributeType>rising</AttributeType><IsRequired>false</IsRequired><Value i:nil="true"/></Attribute><Attribute z:Id="i189"><AttributeType>falling</AttributeType><IsRequired>false</IsRequired><Value i:nil="true"/></Attribute></Attributes><ChildElements/><ElementName>calibration</ElementName><required>false</required><FallingAttribute z:Ref="i189"/><RisingAttribute z:Ref="i188"/></URDFElement><URDFElement z:Id="i190" i:type="Dynamics"><Attributes><Attribute z:Id="i191"><AttributeType>damping</AttributeType><IsRequired>false</IsRequired><Value i:nil="true"/></Attribute><Attribute z:Id="i192"><AttributeType>friction</AttributeType><IsRequired>false</IsRequired><Value i:nil="true"/></Attribute></Attributes><ChildElements/><ElementName>dynamics</ElementName><required>false</required><DampingAttribute z:Ref="i191"/><FrictionAttribute z:Ref="i192"/></URDFElement><URDFElement z:Id="i193" i:type="SafetyController"><Attributes><Attribute z:Id="i194"><AttributeType>soft_upper_limit</AttributeType><IsRequired>false</IsRequired><Value i:nil="true"/></Attribute><Attribute z:Id="i195"><AttributeType>soft_lower_limit</AttributeType><IsRequired>false</IsRequired><Value i:nil="true"/></Attribute><Attribute z:Id="i196"><AttributeType>k_position</AttributeType><IsRequired>false</IsRequired><Value i:nil="true"/></Attribute><Attribute z:Id="i197"><AttributeType>k_velocity</AttributeType><IsRequired>true</IsRequired><Value i:nil="true"/></Attribute></Attributes><ChildElements/><ElementName>safety_controller</ElementName><required>false</required><KPositionAttribute z:Ref="i196"/><KVelocityAttribute z:Ref="i197"/><SoftLowerAttribute z:Ref="i195"/><SoftUpperAttribute z:Ref="i194"/></URDFElement><URDFElement z:Id="i198" i:type="Mimic"><Attributes><Attribute z:Id="i199"><AttributeType>joint</AttributeType><IsRequired>true</IsRequired><Value i:nil="true"/></Attribute><Attribute z:Id="i200"><AttributeType>multiplier</AttributeType><IsRequired>false</IsRequired><Value i:nil="true"/></Attribute><Attribute z:Id="i201"><AttributeType>offset</AttributeType><IsRequired>false</IsRequired><Value i:nil="true"/></Attribute></Attributes><ChildElements/><ElementName>mimic</ElementName><required>false</required><JointNameAttribute z:Ref="i199"/><MultiplierAttribute z:Ref="i200"/><OffsetAttribute z:Ref="i201"/></URDFElement></ChildElements><ElementName>joint</ElementName><required>false</required><Axis z:Ref="i180"/><AxisName>Automatically Generate</AxisName><Calibration z:Ref="i187"/><Child z:Ref="i178"/><CoordinateSystemName>Automatically Generate</CoordinateSystemName><Dynamics z:Ref="i190"/><Limit z:Ref="i182"/><Mimic z:Ref="i198"/><NameAttribute z:Ref="i171"/><Origin z:Ref="i173"/><Parent z:Ref="i176"/><Safety z:Ref="i193"/><TypeAttribute z:Ref="i172"/></URDFElement></ChildElements><ElementName>link</ElementName><required>true</required><Children><Link z:Id="i202"><Attributes><Attribute z:Id="i203"><AttributeType>name</AttributeType><IsRequired>true</IsRequired><Value i:type="a:string" xmlns:a="http://www.w3.org/2001/XMLSchema">L3</Value></Attribute></Attributes><ChildElements><URDFElement z:Id="i204" i:type="Inertial"><Attributes/><ChildElements><URDFElement z:Id="i205" i:type="Origin"><Attributes><Attribute z:Id="i206"><AttributeType>xyz</AttributeType><IsRequired>true</IsRequired><Value i:type="a:ArrayOfdouble" xmlns:a="http://schemas.microsoft.com/2003/10/Serialization/Arrays"><a:double>0</a:double><a:double>0</a:double><a:double>0</a:double></Value></Attribute><Attribute z:Id="i207"><AttributeType>rpy</AttributeType><IsRequired>true</IsRequired><Value i:type="a:ArrayOfdouble" xmlns:a="http://schemas.microsoft.com/2003/10/Serialization/Arrays"><a:double>0</a:double><a:double>0</a:double><a:double>0</a:double></Value></Attribute></Attributes><ChildElements/><ElementName>origin</ElementName><required>false</required><RPYAttribute z:Ref="i207"/><XYZAttribute z:Ref="i206"/><isCustomized>false</isCustomized></URDFElement><URDFElement z:Id="i208" i:type="Mass"><Attributes><Attribute z:Id="i209"><AttributeType>value</AttributeType><IsRequired>true</IsRequired><Value i:type="a:double" xmlns:a="http://www.w3.org/2001/XMLSchema">0</Value></Attribute></Attributes><ChildElements/><ElementName>mass</ElementName><required>false</required><ValueAttribute z:Ref="i209"/></URDFElement><URDFElement z:Id="i210" i:type="Inertia"><Attributes><Attribute z:Id="i211"><AttributeType>ixx</AttributeType><IsRequired>true</IsRequired><Value i:type="a:double" xmlns:a="http://www.w3.org/2001/XMLSchema">0</Value></Attribute><Attribute z:Id="i212"><AttributeType>ixy</AttributeType><IsRequired>true</IsRequired><Value i:type="a:double" xmlns:a="http://www.w3.org/2001/XMLSchema">0</Value></Attribute><Attribute z:Id="i213"><AttributeType>ixz</AttributeType><IsRequired>true</IsRequired><Value i:type="a:double" xmlns:a="http://www.w3.org/2001/XMLSchema">0</Value></Attribute><Attribute z:Id="i214"><AttributeType>iyy</AttributeType><IsRequired>true</IsRequired><Value i:type="a:double" xmlns:a="http://www.w3.org/2001/XMLSchema">0</Value></Attribute><Attribute z:Id="i215"><AttributeType>iyz</AttributeType><IsRequired>true</IsRequired><Value i:type="a:double" xmlns:a="http://www.w3.org/2001/XMLSchema">0</Value></Attribute><Attribute z:Id="i216"><AttributeType>izz</AttributeType><IsRequired>true</IsRequired><Value i:type="a:double" xmlns:a="http://www.w3.org/2001/XMLSchema">0</Value></Attribute></Attributes><ChildElements/><ElementName>inertia</ElementName><required>false</required><IxxAttribute z:Ref="i211"/><IxyAttribute z:Ref="i212"/><IxzAttribute z:Ref="i213"/><IyyAttribute z:Ref="i214"/><IyzAttribute z:Ref="i215"/><IzzAttribute z:Ref="i216"/></URDFElement></ChildElements><ElementName>inertial</ElementName><required>false</required><Inertia z:Ref="i210"/><Mass z:Ref="i208"/><Origin z:Ref="i205"/></URDFElement><URDFElement z:Id="i217" i:type="Visual"><Attributes/><ChildElements><URDFElement z:Id="i218" i:type="Origin"><Attributes><Attribute z:Id="i219"><AttributeType>xyz</AttributeType><IsRequired>true</IsRequired><Value i:type="a:ArrayOfdouble" xmlns:a="http://schemas.microsoft.com/2003/10/Serialization/Arrays"><a:double>0</a:double><a:double>0</a:double><a:double>0</a:double></Value></Attribute><Attribute z:Id="i220"><AttributeType>rpy</AttributeType><IsRequired>true</IsRequired><Value i:type="a:ArrayOfdouble" xmlns:a="http://schemas.microsoft.com/2003/10/Serialization/Arrays"><a:double>0</a:double><a:double>0</a:double><a:double>0</a:double></Value></Attribute></Attributes><ChildElements/><ElementName>origin</ElementName><required>false</required><RPYAttribute z:Ref="i220"/><XYZAttribute z:Ref="i219"/><isCustomized>false</isCustomized></URDFElement><URDFElement z:Id="i221" i:type="Geometry"><Attributes/><ChildElements><URDFElement z:Id="i222" i:type="Mesh"><Attributes><Attribute z:Id="i223"><AttributeType>filename</AttributeType><IsRequired>true</IsRequired><Value i:nil="true"/></Attribute></Attributes><ChildElements/><ElementName>mesh</ElementName><required>false</required><FilenameAttribute z:Ref="i223"/></URDFElement></ChildElements><ElementName>geometry</ElementName><required>true</required><Mesh z:Ref="i222"/></URDFElement><URDFElement z:Id="i224" i:type="Material"><Attributes><Attribute z:Id="i225"><AttributeType>name</AttributeType><IsRequired>true</IsRequired><Value i:type="a:string" xmlns:a="http://www.w3.org/2001/XMLSchema"/></Attribute></Attributes><ChildElements><URDFElement z:Id="i226" i:type="Color"><Attributes><Attribute z:Id="i227"><AttributeType>rgba</AttributeType><IsRequired>true</IsRequired><Value i:type="a:ArrayOfdouble" xmlns:a="http://schemas.microsoft.com/2003/10/Serialization/Arrays"><a:double>1</a:double><a:double>1</a:double><a:double>1</a:double><a:double>1</a:double></Value></Attribute></Attributes><ChildElements/><ElementName>color</ElementName><required>false</required><RGBAAttribute z:Ref="i227"/></URDFElement><URDFElement z:Id="i228" i:type="Texture"><Attributes><Attribute z:Id="i229"><AttributeType>filename</AttributeType><IsRequired>true</IsRequired><Value i:nil="true"/></Attribute></Attributes><ChildElements/><ElementName>texture</ElementName><required>false</required><FilenameAttribute z:Ref="i229"/><wFilename/></URDFElement></ChildElements><ElementName>material</ElementName><required>false</required><Color z:Ref="i226"/><NameAttribute z:Ref="i225"/><Texture z:Ref="i228"/></URDFElement></ChildElements><ElementName>visual</ElementName><required>false</required><Geometry z:Ref="i221"/><Material z:Ref="i224"/><Origin z:Ref="i218"/></URDFElement><URDFElement z:Id="i230" i:type="Collision"><Attributes/><ChildElements><URDFElement z:Id="i231" i:type="Origin"><Attributes><Attribute z:Id="i232"><AttributeType>xyz</AttributeType><IsRequired>true</IsRequired><Value i:type="a:ArrayOfdouble" xmlns:a="http://schemas.microsoft.com/2003/10/Serialization/Arrays"><a:double>0</a:double><a:double>0</a:double><a:double>0</a:double></Value></Attribute><Attribute z:Id="i233"><AttributeType>rpy</AttributeType><IsRequired>true</IsRequired><Value i:type="a:ArrayOfdouble" xmlns:a="http://schemas.microsoft.com/2003/10/Serialization/Arrays"><a:double>0</a:double><a:double>0</a:double><a:double>0</a:double></Value></Attribute></Attributes><ChildElements/><ElementName>origin</ElementName><required>false</required><RPYAttribute z:Ref="i233"/><XYZAttribute z:Ref="i232"/><isCustomized>false</isCustomized></URDFElement><URDFElement z:Id="i234" i:type="Geometry"><Attributes/><ChildElements><URDFElement z:Id="i235" i:type="Mesh"><Attributes><Attribute z:Id="i236"><AttributeType>filename</AttributeType><IsRequired>true</IsRequired><Value i:nil="true"/></Attribute></Attributes><ChildElements/><ElementName>mesh</ElementName><required>false</required><FilenameAttribute z:Ref="i236"/></URDFElement></ChildElements><ElementName>geometry</ElementName><required>true</required><Mesh z:Ref="i235"/></URDFElement></ChildElements><ElementName>collision</ElementName><required>false</required><Geometry z:Ref="i234"/><Origin z:Ref="i231"/></URDFElement><URDFElement z:Id="i237" i:type="Joint"><Attributes><Attribute z:Id="i238"><AttributeType>name</AttributeType><IsRequired>true</IsRequired><Value i:type="a:string" xmlns:a="http://www.w3.org/2001/XMLSchema">J3</Value></Attribute><Attribute z:Id="i239"><AttributeType>type</AttributeType><IsRequired>true</IsRequired><Value i:type="a:string" xmlns:a="http://www.w3.org/2001/XMLSchema">revolute</Value></Attribute></Attributes><ChildElements><URDFElement z:Id="i240" i:type="Origin"><Attributes><Attribute z:Id="i241"><AttributeType>xyz</AttributeType><IsRequired>true</IsRequired><Value i:type="a:ArrayOfdouble" xmlns:a="http://schemas.microsoft.com/2003/10/Serialization/Arrays"><a:double>0</a:double><a:double>0</a:double><a:double>0</a:double></Value></Attribute><Attribute z:Id="i242"><AttributeType>rpy</AttributeType><IsRequired>true</IsRequired><Value i:type="a:ArrayOfdouble" xmlns:a="http://schemas.microsoft.com/2003/10/Serialization/Arrays"><a:double>0</a:double><a:double>0</a:double><a:double>0</a:double></Value></Attribute></Attributes><ChildElements/><ElementName>origin</ElementName><required>false</required><RPYAttribute z:Ref="i242"/><XYZAttribute z:Ref="i241"/><isCustomized>false</isCustomized></URDFElement><URDFElement z:Id="i243" i:type="ParentLink"><Attributes><Attribute z:Id="i244"><AttributeType>link</AttributeType><IsRequired>true</IsRequired><Value i:type="a:string" xmlns:a="http://www.w3.org/2001/XMLSchema"/></Attribute></Attributes><ChildElements/><ElementName>parent</ElementName><required>true</required><NameAttribute z:Ref="i244"/></URDFElement><URDFElement z:Id="i245" i:type="ChildLink"><Attributes><Attribute z:Id="i246"><AttributeType>link</AttributeType><IsRequired>true</IsRequired><Value i:type="a:string" xmlns:a="http://www.w3.org/2001/XMLSchema"/></Attribute></Attributes><ChildElements/><ElementName>child</ElementName><required>true</required><NameAttribute z:Ref="i246"/></URDFElement><URDFElement z:Id="i247" i:type="Axis"><Attributes><Attribute z:Id="i248"><AttributeType>xyz</AttributeType><IsRequired>true</IsRequired><Value i:type="a:ArrayOfdouble" xmlns:a="http://schemas.microsoft.com/2003/10/Serialization/Arrays"><a:double>0</a:double><a:double>0</a:double><a:double>0</a:double></Value></Attribute></Attributes><ChildElements/><ElementName>axis</ElementName><required>false</required><XYZAttribute z:Ref="i248"/></URDFElement><URDFElement z:Id="i249" i:type="Limit"><Attributes><Attribute z:Id="i250"><AttributeType>lower</AttributeType><IsRequired>false</IsRequired><Value i:nil="true"/></Attribute><Attribute z:Id="i251"><AttributeType>upper</AttributeType><IsRequired>false</IsRequired><Value i:nil="true"/></Attribute><Attribute z:Id="i252"><AttributeType>effort</AttributeType><IsRequired>true</IsRequired><Value i:nil="true"/></Attribute><Attribute z:Id="i253"><AttributeType>velocity</AttributeType><IsRequired>true</IsRequired><Value i:nil="true"/></Attribute></Attributes><ChildElements/><ElementName>limit</ElementName><required>false</required><EffortAttribute z:Ref="i252"/><LowerAttribute z:Ref="i250"/><UpperAttribute z:Ref="i251"/><VelocityAttribute z:Ref="i253"/></URDFElement><URDFElement z:Id="i254" i:type="Calibration"><Attributes><Attribute z:Id="i255"><AttributeType>rising</AttributeType><IsRequired>false</IsRequired><Value i:nil="true"/></Attribute><Attribute z:Id="i256"><AttributeType>falling</AttributeType><IsRequired>false</IsRequired><Value i:nil="true"/></Attribute></Attributes><ChildElements/><ElementName>calibration</ElementName><required>false</required><FallingAttribute z:Ref="i256"/><RisingAttribute z:Ref="i255"/></URDFElement><URDFElement z:Id="i257" i:type="Dynamics"><Attributes><Attribute z:Id="i258"><AttributeType>damping</AttributeType><IsRequired>false</IsRequired><Value i:nil="true"/></Attribute><Attribute z:Id="i259"><AttributeType>friction</AttributeType><IsRequired>false</IsRequired><Value i:nil="true"/></Attribute></Attributes><ChildElements/><ElementName>dynamics</ElementName><required>false</required><DampingAttribute z:Ref="i258"/><FrictionAttribute z:Ref="i259"/></URDFElement><URDFElement z:Id="i260" i:type="SafetyController"><Attributes><Attribute z:Id="i261"><AttributeType>soft_upper_limit</AttributeType><IsRequired>false</IsRequired><Value i:nil="true"/></Attribute><Attribute z:Id="i262"><AttributeType>soft_lower_limit</AttributeType><IsRequired>false</IsRequired><Value i:nil="true"/></Attribute><Attribute z:Id="i263"><AttributeType>k_position</AttributeType><IsRequired>false</IsRequired><Value i:nil="true"/></Attribute><Attribute z:Id="i264"><AttributeType>k_velocity</AttributeType><IsRequired>true</IsRequired><Value i:nil="true"/></Attribute></Attributes><ChildElements/><ElementName>safety_controller</ElementName><required>false</required><KPositionAttribute z:Ref="i263"/><KVelocityAttribute z:Ref="i264"/><SoftLowerAttribute z:Ref="i262"/><SoftUpperAttribute z:Ref="i261"/></URDFElement><URDFElement z:Id="i265" i:type="Mimic"><Attributes><Attribute z:Id="i266"><AttributeType>joint</AttributeType><IsRequired>true</IsRequired><Value i:nil="true"/></Attribute><Attribute z:Id="i267"><AttributeType>multiplier</AttributeType><IsRequired>false</IsRequired><Value i:nil="true"/></Attribute><Attribute z:Id="i268"><AttributeType>offset</AttributeType><IsRequired>false</IsRequired><Value i:nil="true"/></Attribute></Attributes><ChildElements/><ElementName>mimic</ElementName><required>false</required><JointNameAttribute z:Ref="i266"/><MultiplierAttribute z:Ref="i267"/><OffsetAttribute z:Ref="i268"/></URDFElement></ChildElements><ElementName>joint</ElementName><required>false</required><Axis z:Ref="i247"/><AxisName>Automatically Generate</AxisName><Calibration z:Ref="i254"/><Child z:Ref="i245"/><CoordinateSystemName>Automatically Generate</CoordinateSystemName><Dynamics z:Ref="i257"/><Limit z:Ref="i249"/><Mimic z:Ref="i265"/><NameAttribute z:Ref="i238"/><Origin z:Ref="i240"/><Parent z:Ref="i243"/><Safety z:Ref="i260"/><TypeAttribute z:Ref="i239"/></URDFElement></ChildElements><ElementName>link</ElementName><required>true</required><Children><Link z:Id="i269"><Attributes><Attribute z:Id="i270"><AttributeType>name</AttributeType><IsRequired>true</IsRequired><Value i:type="a:string" xmlns:a="http://www.w3.org/2001/XMLSchema">L4</Value></Attribute></Attributes><ChildElements><URDFElement z:Id="i271" i:type="Inertial"><Attributes/><ChildElements><URDFElement z:Id="i272" i:type="Origin"><Attributes><Attribute z:Id="i273"><AttributeType>xyz</AttributeType><IsRequired>true</IsRequired><Value i:type="a:ArrayOfdouble" xmlns:a="http://schemas.microsoft.com/2003/10/Serialization/Arrays"><a:double>0</a:double><a:double>0</a:double><a:double>0</a:double></Value></Attribute><Attribute z:Id="i274"><AttributeType>rpy</AttributeType><IsRequired>true</IsRequired><Value i:type="a:ArrayOfdouble" xmlns:a="http://schemas.microsoft.com/2003/10/Serialization/Arrays"><a:double>0</a:double><a:double>0</a:double><a:double>0</a:double></Value></Attribute></Attributes><ChildElements/><ElementName>origin</ElementName><required>false</required><RPYAttribute z:Ref="i274"/><XYZAttribute z:Ref="i273"/><isCustomized>false</isCustomized></URDFElement><URDFElement z:Id="i275" i:type="Mass"><Attributes><Attribute z:Id="i276"><AttributeType>value</AttributeType><IsRequired>true</IsRequired><Value i:type="a:double" xmlns:a="http://www.w3.org/2001/XMLSchema">0</Value></Attribute></Attributes><ChildElements/><ElementName>mass</ElementName><required>false</required><ValueAttribute z:Ref="i276"/></URDFElement><URDFElement z:Id="i277" i:type="Inertia"><Attributes><Attribute z:Id="i278"><AttributeType>ixx</AttributeType><IsRequired>true</IsRequired><Value i:type="a:double" xmlns:a="http://www.w3.org/2001/XMLSchema">0</Value></Attribute><Attribute z:Id="i279"><AttributeType>ixy</AttributeType><IsRequired>true</IsRequired><Value i:type="a:double" xmlns:a="http://www.w3.org/2001/XMLSchema">0</Value></Attribute><Attribute z:Id="i280"><AttributeType>ixz</AttributeType><IsRequired>true</IsRequired><Value i:type="a:double" xmlns:a="http://www.w3.org/2001/XMLSchema">0</Value></Attribute><Attribute z:Id="i281"><AttributeType>iyy</AttributeType><IsRequired>true</IsRequired><Value i:type="a:double" xmlns:a="http://www.w3.org/2001/XMLSchema">0</Value></Attribute><Attribute z:Id="i282"><AttributeType>iyz</AttributeType><IsRequired>true</IsRequired><Value i:type="a:double" xmlns:a="http://www.w3.org/2001/XMLSchema">0</Value></Attribute><Attribute z:Id="i283"><AttributeType>izz</AttributeType><IsRequired>true</IsRequired><Value i:type="a:double" xmlns:a="http://www.w3.org/2001/XMLSchema">0</Value></Attribute></Attributes><ChildElements/><ElementName>inertia</ElementName><required>false</required><IxxAttribute z:Ref="i278"/><IxyAttribute z:Ref="i279"/><IxzAttribute z:Ref="i280"/><IyyAttribute z:Ref="i281"/><IyzAttribute z:Ref="i282"/><IzzAttribute z:Ref="i283"/></URDFElement></ChildElements><ElementName>inertial</ElementName><required>false</required><Inertia z:Ref="i277"/><Mass z:Ref="i275"/><Origin z:Ref="i272"/></URDFElement><URDFElement z:Id="i284" i:type="Visual"><Attributes/><ChildElements><URDFElement z:Id="i285" i:type="Origin"><Attributes><Attribute z:Id="i286"><AttributeType>xyz</AttributeType><IsRequired>true</IsRequired><Value i:type="a:ArrayOfdouble" xmlns:a="http://schemas.microsoft.com/2003/10/Serialization/Arrays"><a:double>0</a:double><a:double>0</a:double><a:double>0</a:double></Value></Attribute><Attribute z:Id="i287"><AttributeType>rpy</AttributeType><IsRequired>true</IsRequired><Value i:type="a:ArrayOfdouble" xmlns:a="http://schemas.microsoft.com/2003/10/Serialization/Arrays"><a:double>0</a:double><a:double>0</a:double><a:double>0</a:double></Value></Attribute></Attributes><ChildElements/><ElementName>origin</ElementName><required>false</required><RPYAttribute z:Ref="i287"/><XYZAttribute z:Ref="i286"/><isCustomized>false</isCustomized></URDFElement><URDFElement z:Id="i288" i:type="Geometry"><Attributes/><ChildElements><URDFElement z:Id="i289" i:type="Mesh"><Attributes><Attribute z:Id="i290"><AttributeType>filename</AttributeType><IsRequired>true</IsRequired><Value i:nil="true"/></Attribute></Attributes><ChildElements/><ElementName>mesh</ElementName><required>false</required><FilenameAttribute z:Ref="i290"/></URDFElement></ChildElements><ElementName>geometry</ElementName><required>true</required><Mesh z:Ref="i289"/></URDFElement><URDFElement z:Id="i291" i:type="Material"><Attributes><Attribute z:Id="i292"><AttributeType>name</AttributeType><IsRequired>true</IsRequired><Value i:type="a:string" xmlns:a="http://www.w3.org/2001/XMLSchema"/></Attribute></Attributes><ChildElements><URDFElement z:Id="i293" i:type="Color"><Attributes><Attribute z:Id="i294"><AttributeType>rgba</AttributeType><IsRequired>true</IsRequired><Value i:type="a:ArrayOfdouble" xmlns:a="http://schemas.microsoft.com/2003/10/Serialization/Arrays"><a:double>1</a:double><a:double>1</a:double><a:double>1</a:double><a:double>1</a:double></Value></Attribute></Attributes><ChildElements/><ElementName>color</ElementName><required>false</required><RGBAAttribute z:Ref="i294"/></URDFElement><URDFElement z:Id="i295" i:type="Texture"><Attributes><Attribute z:Id="i296"><AttributeType>filename</AttributeType><IsRequired>true</IsRequired><Value i:nil="true"/></Attribute></Attributes><ChildElements/><ElementName>texture</ElementName><required>false</required><FilenameAttribute z:Ref="i296"/><wFilename/></URDFElement></ChildElements><ElementName>material</ElementName><required>false</required><Color z:Ref="i293"/><NameAttribute z:Ref="i292"/><Texture z:Ref="i295"/></URDFElement></ChildElements><ElementName>visual</ElementName><required>false</required><Geometry z:Ref="i288"/><Material z:Ref="i291"/><Origin z:Ref="i285"/></URDFElement><URDFElement z:Id="i297" i:type="Collision"><Attributes/><ChildElements><URDFElement z:Id="i298" i:type="Origin"><Attributes><Attribute z:Id="i299"><AttributeType>xyz</AttributeType><IsRequired>true</IsRequired><Value i:type="a:ArrayOfdouble" xmlns:a="http://schemas.microsoft.com/2003/10/Serialization/Arrays"><a:double>0</a:double><a:double>0</a:double><a:double>0</a:double></Value></Attribute><Attribute z:Id="i300"><AttributeType>rpy</AttributeType><IsRequired>true</IsRequired><Value i:type="a:ArrayOfdouble" xmlns:a="http://schemas.microsoft.com/2003/10/Serialization/Arrays"><a:double>0</a:double><a:double>0</a:double><a:double>0</a:double></Value></Attribute></Attributes><ChildElements/><ElementName>origin</ElementName><required>false</required><RPYAttribute z:Ref="i300"/><XYZAttribute z:Ref="i299"/><isCustomized>false</isCustomized></URDFElement><URDFElement z:Id="i301" i:type="Geometry"><Attributes/><ChildElements><URDFElement z:Id="i302" i:type="Mesh"><Attributes><Attribute z:Id="i303"><AttributeType>filename</AttributeType><IsRequired>true</IsRequired><Value i:nil="true"/></Attribute></Attributes><ChildElements/><ElementName>mesh</ElementName><required>false</required><FilenameAttribute z:Ref="i303"/></URDFElement></ChildElements><ElementName>geometry</ElementName><required>true</required><Mesh z:Ref="i302"/></URDFElement></ChildElements><ElementName>collision</ElementName><required>false</required><Geometry z:Ref="i301"/><Origin z:Ref="i298"/></URDFElement><URDFElement z:Id="i304" i:type="Joint"><Attributes><Attribute z:Id="i305"><AttributeType>name</AttributeType><IsRequired>true</IsRequired><Value i:type="a:string" xmlns:a="http://www.w3.org/2001/XMLSchema">J4</Value></Attribute><Attribute z:Id="i306"><AttributeType>type</AttributeType><IsRequired>true</IsRequired><Value i:type="a:string" xmlns:a="http://www.w3.org/2001/XMLSchema">revolute</Value></Attribute></Attributes><ChildElements><URDFElement z:Id="i307" i:type="Origin"><Attributes><Attribute z:Id="i308"><AttributeType>xyz</AttributeType><IsRequired>true</IsRequired><Value i:type="a:ArrayOfdouble" xmlns:a="http://schemas.microsoft.com/2003/10/Serialization/Arrays"><a:double>0</a:double><a:double>0</a:double><a:double>0</a:double></Value></Attribute><Attribute z:Id="i309"><AttributeType>rpy</AttributeType><IsRequired>true</IsRequired><Value i:type="a:ArrayOfdouble" xmlns:a="http://schemas.microsoft.com/2003/10/Serialization/Arrays"><a:double>0</a:double><a:double>0</a:double><a:double>0</a:double></Value></Attribute></Attributes><ChildElements/><ElementName>origin</ElementName><required>false</required><RPYAttribute z:Ref="i309"/><XYZAttribute z:Ref="i308"/><isCustomized>false</isCustomized></URDFElement><URDFElement z:Id="i310" i:type="ParentLink"><Attributes><Attribute z:Id="i311"><AttributeType>link</AttributeType><IsRequired>true</IsRequired><Value i:type="a:string" xmlns:a="http://www.w3.org/2001/XMLSchema"/></Attribute></Attributes><ChildElements/><ElementName>parent</ElementName><required>true</required><NameAttribute z:Ref="i311"/></URDFElement><URDFElement z:Id="i312" i:type="ChildLink"><Attributes><Attribute z:Id="i313"><AttributeType>link</AttributeType><IsRequired>true</IsRequired><Value i:type="a:string" xmlns:a="http://www.w3.org/2001/XMLSchema"/></Attribute></Attributes><ChildElements/><ElementName>child</ElementName><required>true</required><NameAttribute z:Ref="i313"/></URDFElement><URDFElement z:Id="i314" i:type="Axis"><Attributes><Attribute z:Id="i315"><AttributeType>xyz</AttributeType><IsRequired>true</IsRequired><Value i:type="a:ArrayOfdouble" xmlns:a="http://schemas.microsoft.com/2003/10/Serialization/Arrays"><a:double>0</a:double><a:double>0</a:double><a:double>0</a:double></Value></Attribute></Attributes><ChildElements/><ElementName>axis</ElementName><required>false</required><XYZAttribute z:Ref="i315"/></URDFElement><URDFElement z:Id="i316" i:type="Limit"><Attributes><Attribute z:Id="i317"><AttributeType>lower</AttributeType><IsRequired>false</IsRequired><Value i:nil="true"/></Attribute><Attribute z:Id="i318"><AttributeType>upper</AttributeType><IsRequired>false</IsRequired><Value i:nil="true"/></Attribute><Attribute z:Id="i319"><AttributeType>effort</AttributeType><IsRequired>true</IsRequired><Value i:nil="true"/></Attribute><Attribute z:Id="i320"><AttributeType>velocity</AttributeType><IsRequired>true</IsRequired><Value i:nil="true"/></Attribute></Attributes><ChildElements/><ElementName>limit</ElementName><required>false</required><EffortAttribute z:Ref="i319"/><LowerAttribute z:Ref="i317"/><UpperAttribute z:Ref="i318"/><VelocityAttribute z:Ref="i320"/></URDFElement><URDFElement z:Id="i321" i:type="Calibration"><Attributes><Attribute z:Id="i322"><AttributeType>rising</AttributeType><IsRequired>false</IsRequired><Value i:nil="true"/></Attribute><Attribute z:Id="i323"><AttributeType>falling</AttributeType><IsRequired>false</IsRequired><Value i:nil="true"/></Attribute></Attributes><ChildElements/><ElementName>calibration</ElementName><required>false</required><FallingAttribute z:Ref="i323"/><RisingAttribute z:Ref="i322"/></URDFElement><URDFElement z:Id="i324" i:type="Dynamics"><Attributes><Attribute z:Id="i325"><AttributeType>damping</AttributeType><IsRequired>false</IsRequired><Value i:nil="true"/></Attribute><Attribute z:Id="i326"><AttributeType>friction</AttributeType><IsRequired>false</IsRequired><Value i:nil="true"/></Attribute></Attributes><ChildElements/><ElementName>dynamics</ElementName><required>false</required><DampingAttribute z:Ref="i325"/><FrictionAttribute z:Ref="i326"/></URDFElement><URDFElement z:Id="i327" i:type="SafetyController"><Attributes><Attribute z:Id="i328"><AttributeType>soft_upper_limit</AttributeType><IsRequired>false</IsRequired><Value i:nil="true"/></Attribute><Attribute z:Id="i329"><AttributeType>soft_lower_limit</AttributeType><IsRequired>false</IsRequired><Value i:nil="true"/></Attribute><Attribute z:Id="i330"><AttributeType>k_position</AttributeType><IsRequired>false</IsRequired><Value i:nil="true"/></Attribute><Attribute z:Id="i331"><AttributeType>k_velocity</AttributeType><IsRequired>true</IsRequired><Value i:nil="true"/></Attribute></Attributes><ChildElements/><ElementName>safety_controller</ElementName><required>false</required><KPositionAttribute z:Ref="i330"/><KVelocityAttribute z:Ref="i331"/><SoftLowerAttribute z:Ref="i329"/><SoftUpperAttribute z:Ref="i328"/></URDFElement><URDFElement z:Id="i332" i:type="Mimic"><Attributes><Attribute z:Id="i333"><AttributeType>joint</AttributeType><IsRequired>true</IsRequired><Value i:nil="true"/></Attribute><Attribute z:Id="i334"><AttributeType>multiplier</AttributeType><IsRequired>false</IsRequired><Value i:nil="true"/></Attribute><Attribute z:Id="i335"><AttributeType>offset</AttributeType><IsRequired>false</IsRequired><Value i:nil="true"/></Attribute></Attributes><ChildElements/><ElementName>mimic</ElementName><required>false</required><JointNameAttribute z:Ref="i333"/><MultiplierAttribute z:Ref="i334"/><OffsetAttribute z:Ref="i335"/></URDFElement></ChildElements><ElementName>joint</ElementName><required>false</required><Axis z:Ref="i314"/><AxisName>Automatically Generate</AxisName><Calibration z:Ref="i321"/><Child z:Ref="i312"/><CoordinateSystemName>Automatically Generate</CoordinateSystemName><Dynamics z:Ref="i324"/><Limit z:Ref="i316"/><Mimic z:Ref="i332"/><NameAttribute z:Ref="i305"/><Origin z:Ref="i307"/><Parent z:Ref="i310"/><Safety z:Ref="i327"/><TypeAttribute z:Ref="i306"/></URDFElement></ChildElements><ElementName>link</ElementName><required>true</required><Children/><Collision z:Ref="i297"/><Inertial z:Ref="i271"/><Joint z:Ref="i304"/><NameAttribute z:Ref="i270"/><Parent z:Ref="i202"/><STLQualityFine>false</STLQualityFine><SWComponentPIDs xmlns:a="http://schemas.microsoft.com/2003/10/Serialization/Arrays"><a:base64Binary>yDIAAAUAAAD//v8NUABhAHIAdAAxADEALQAyAEAATQBhAGkAbgAEAAAAEAAAAAEAAAABAAAAmAAAAA==</a:base64Binary><a:base64Binary>yDIAAAUAAAD//v8oNgAwADAAMAByAHUAbABtAGEAbgAtADcAQABNAGEAaQBuAC8AaQBjAGIAaQBsAGUAegBpAGsALQAxAEAANgAwADAAMAByAHUAbABtAGEAbgAEAAAAEAAAAAEAAAACAAAAtgAAABkAAAA=</a:base64Binary><a:base64Binary>yDIAAAUAAAD//v8RNgAwADAAMAByAHUAbABtAGEAbgAtADMAQABNAGEAaQBuAAQAAAAQAAAAAQAAAAEAAACDAAAA</a:base64Binary><a:base64Binary>yDIAAAUAAAD//v8LbABpAG4AawAtADMAQABNAGEAaQBuAAQAAAAQAAAAAQAAAAEAAAByAAAA</a:base64Binary></SWComponentPIDs><SWMainComponentPID i:nil="true"/><Visual z:Ref="i284"/><isFixedFrame>false</isFixedFrame><isIncomplete>false</isIncomplete></Link></Children><Collision z:Ref="i230"/><Inertial z:Ref="i204"/><Joint z:Ref="i237"/><NameAttribute z:Ref="i203"/><Parent z:Ref="i135"/><STLQualityFine>false</STLQualityFine><SWComponentPIDs xmlns:a="http://schemas.microsoft.com/2003/10/Serialization/Arrays"><a:base64Binary>yDIAAAUAAAD//v8oNgAwADAAMAByAHUAbABtAGEAbgAtADUAQABNAGEAaQBuAC8AaQBjAGIAaQBsAGUAegBpAGsALQAxAEAANgAwADAAMAByAHUAbABtAGEAbgAEAAAAEAAAAAEAAAACAAAAoAAAABkAAAA=</a:base64Binary><a:base64Binary>yDIAAAUAAAD//v8NUABhAHIAdAAxADEALQAzAEAATQBhAGkAbgAEAAAAEAAAAAEAAAABAAAApgAAAA==</a:base64Binary><a:base64Binary>yDIAAAUAAAD//v8RNgAwADAAMAByAHUAbABtAGEAbgAtADYAQABNAGEAaQBuAAQAAAAQAAAAAQAAAAEAAACvAAAA</a:base64Binary><a:base64Binary>yDIAAAUAAAD//v8LbABpAG4AawAtADUAQABNAGEAaQBuAAQAAAAQAAAAAQAAAAEAAACrAAAA</a:base64Binary><a:base64Binary>yDIAAAUAAAD//v8pNgAwADAAMAByAHUAbABtAGEAbgAtADcAQABNAGEAaQBuAC8AZABpAHMAYgBpAGwAZQB6AGkAawAtADEAQAA2ADAAMAAwAHIAdQBsAG0AYQBuAAQAAAAQAAAAAQAAAAIAAAC2AAAAGAAAAA==</a:base64Binary></SWComponentPIDs><SWMainComponentPID i:nil="true"/><Visual z:Ref="i217"/><isFixedFrame>false</isFixedFrame><isIncomplete>false</isIncomplete></Link></Children><Collision z:Ref="i163"/><Inertial z:Ref="i137"/><Joint z:Ref="i170"/><NameAttribute z:Ref="i136"/><Parent z:Ref="i68"/><STLQualityFine>false</STLQualityFine><SWComponentPIDs xmlns:a="http://schemas.microsoft.com/2003/10/Serialization/Arrays"><a:base64Binary>yDIAAAUAAAD//v8oNgAwADAAMAByAHUAbABtAGEAbgAtADIAQABNAGEAaQBuAC8AaQBjAGIAaQBsAGUAegBpAGsALQAxAEAANgAwADAAMAByAHUAbABtAGEAbgAEAAAAEAAAAAEAAAACAAAAewAAABkAAAA=</a:base64Binary><a:base64Binary>yDIAAAUAAAD//v8NUABhAHIAdAAxADEALQAxAEAATQBhAGkAbgAEAAAAEAAAAAEAAAABAAAAiAAAAA==</a:base64Binary><a:base64Binary>yDIAAAUAAAD//v8RNgAwADAAMAByAHUAbABtAGEAbgAtADQAQABNAGEAaQBuAAQAAAAQAAAAAQAAAAEAAACOAAAA</a:base64Binary><a:base64Binary>yDIAAAUAAAD//v8LbABpAG4AawAtADQAQABNAGEAaQBuAAQAAAAQAAAAAQAAAAEAAACUAAAA</a:base64Binary><a:base64Binary>yDIAAAUAAAD//v8pNgAwADAAMAByAHUAbABtAGEAbgAtADUAQABNAGEAaQBuAC8AZABpAHMAYgBpAGwAZQB6AGkAawAtADEAQAA2ADAAMAAwAHIAdQBsAG0AYQBuAAQAAAAQAAAAAQAAAAIAAACgAAAAGAAAAA==</a:base64Binary></SWComponentPIDs><SWMainComponentPID i:nil="true"/><Visual z:Ref="i150"/><isFixedFrame>false</isFixedFrame><isIncomplete>false</isIncomplete></Link></Children><Collision z:Ref="i96"/><Inertial z:Ref="i70"/><Joint z:Ref="i103"/><NameAttribute z:Ref="i69"/><Parent z:Ref="i1"/><STLQualityFine>false</STLQualityFine><SWComponentPIDs xmlns:a="http://schemas.microsoft.com/2003/10/Serialization/Arrays"><a:base64Binary>yDIAAAUAAAD//v8LbABpAG4AawAtADEAQABNAGEAaQBuAAQAAAAQAAAAAQAAAAEAAAA8AAAA</a:base64Binary><a:base64Binary>yDIAAAUAAAD//v8pNgAwADAAMAByAHUAbABtAGEAbgAtADIAQABNAGEAaQBuAC8AZABpAHMAYgBpAGwAZQB6AGkAawAtADEAQAA2ADAAMAAwAHIAdQBsAG0AYQBuAAQAAAAQAAAAAQAAAAIAAAB7AAAAGAAAAA==</a:base64Binary></SWComponentPIDs><SWMainComponentPID i:nil="true"/><Visual z:Ref="i83"/><isFixedFrame>false</isFixedFrame><isIncomplete>false</isIncomplete></Link></Children><Collision z:Ref="i29"/><Inertial z:Ref="i3"/><Joint z:Ref="i36"/><NameAttribute z:Ref="i2"/><Parent i:nil="true"/><STLQualityFine>false</STLQualityFine><SWComponentPIDs xmlns:a="http://schemas.microsoft.com/2003/10/Serialization/Arrays"><a:base64Binary>yDIAAAUAAAD//v8RYgBhAHMAZQBfAHAAbABhAHQAZQAtADEAQABNAGEAaQBuAAQAAAAQAAAAAQAAAAEAAAAZAAAA</a:base64Binary><a:base64Binary>yDIAAAUAAAD//v8eTgBlAG0AYQAyADQAIAAyADQAQwBTADIAMgBDAC0ANAAwADAALgBzAHQAZQBwAC0AMgBAAE0AYQBpAG4ABAAAABAAAAABAAAAAQAAAB0AAAA=</a:base64Binary><a:base64Binary>yDIAAAUAAAD//v8eTgBlAG0AYQAyADQAIAAyADQAQwBTADIAMgBDAC0ANAAwADAALgBzAHQAZQBwAC0ANQBAAE0AYQBpAG4ABAAAABAAAAABAAAAAQAAAL8AAAA=</a:base64Binary><a:base64Binary>yDIAAAUAAAD//v8MUABhAHIAdAA4AC0AMQBAAE0AYQBpAG4ABAAAABAAAAABAAAAAQAAAF4AAAA=</a:base64Binary><a:base64Binary>yDIAAAUAAAD//v8MUABhAHIAdAA4AC0AMgBAAE0AYQBpAG4ABAAAABAAAAABAAAAAQAAAGwAAAA=</a:base64Binary></SWComponentPIDs><SWMainComponentPID i:nil="true"/><Visual z:Ref="i16"/><isFixedFrame>false</isFixedFrame><isIncomplete>false</isIncomplete></Link>
2025-09-14 22:00:37,560 INFO  AssemblyExportForm.cs: 309 - Saving URDF package to C:\Users\SKY\Documents\main_5r
2025-09-14 22:00:37,563 INFO  ExportHelper.cs: 147 - Beginning the export process
2025-09-14 22:00:37,563 INFO  ExportHelper.cs: 153 - Creating package directories with name main_5r and save path C:\Users\SKY\Documents
2025-09-14 22:00:42,143 INFO  ExportHelper.cs: 162 - Creating CMakeLists.txt at C:\Users\SKY\Documents\main_5r\CMakeLists.txt
2025-09-14 22:00:42,143 INFO  ExportHelper.cs: 166 - Creating joint names config at C:\Users\SKY\Documents\main_5r\config\joint_names_main_5r.yaml
2025-09-14 22:00:42,149 INFO  ExportHelper.cs: 170 - Creating package.xml at C:\Users\SKY\Documents\main_5r\package.xml
2025-09-14 22:00:42,150 INFO  PackageXMLWriter.cs: 21 - Creating package.xml at C:\Users\SKY\Documents\main_5r\package.xml
2025-09-14 22:00:42,150 INFO  ExportHelper.cs: 177 - Creating RVIZ launch file in C:\Users\SKY\Documents\main_5r\launch\
2025-09-14 22:00:42,153 INFO  ExportHelper.cs: 182 - Creating Gazebo launch file in C:\Users\SKY\Documents\main_5r\launch\
2025-09-14 22:00:42,153 INFO  ExportHelper.cs: 187 - Saving existing STL preferences
2025-09-14 22:00:42,153 INFO  ExportHelper.cs: 450 - Saving users preferences
2025-09-14 22:00:42,156 INFO  ExportHelper.cs: 190 - Modifying STL preferences
2025-09-14 22:00:42,156 INFO  ExportHelper.cs: 464 - Setting STL preferences
2025-09-14 22:00:42,160 INFO  ExportHelper.cs: 196 - Found 0 hidden components 
2025-09-14 22:00:42,160 INFO  ExportHelper.cs: 197 - Hiding all components
2025-09-14 22:00:42,463 INFO  ExportHelper.cs: 204 - Beginning individual files export
2025-09-14 22:00:42,475 INFO  ExportHelper.cs: 270 - Exporting link: base_link
2025-09-14 22:00:42,475 INFO  ExportHelper.cs: 272 - Link base_link has 1 children
2025-09-14 22:00:42,475 INFO  ExportHelper.cs: 270 - Exporting link: L1
2025-09-14 22:00:42,480 INFO  ExportHelper.cs: 272 - Link L1 has 1 children
2025-09-14 22:00:42,480 INFO  ExportHelper.cs: 270 - Exporting link: L2
2025-09-14 22:00:42,481 INFO  ExportHelper.cs: 272 - Link L2 has 1 children
2025-09-14 22:00:42,481 INFO  ExportHelper.cs: 270 - Exporting link: L3
2025-09-14 22:00:42,481 INFO  ExportHelper.cs: 272 - Link L3 has 1 children
2025-09-14 22:00:42,483 INFO  ExportHelper.cs: 270 - Exporting link: L4
2025-09-14 22:00:42,483 INFO  ExportHelper.cs: 272 - Link L4 has 0 children
2025-09-14 22:00:42,484 INFO  ExportHelper.cs: 317 - L4: Exporting STL with coordinate frame Origin_J4
2025-09-14 22:00:42,485 INFO  ExportHelper.cs: 322 - L4: Reference geometry name 
2025-09-14 22:00:42,672 INFO  ExportHelper.cs: 330 - Saving STL to C:\Users\SKY\Documents\main_5r\meshes\L4.STL
2025-09-14 22:00:42,883 INFO  ExportHelper.cs: 405 - Removing SW header in STL file
2025-09-14 22:00:42,883 INFO  ExportHelper.cs: 317 - L3: Exporting STL with coordinate frame Origin_J3
2025-09-14 22:00:42,883 INFO  ExportHelper.cs: 322 - L3: Reference geometry name 
2025-09-14 22:00:43,042 INFO  ExportHelper.cs: 330 - Saving STL to C:\Users\SKY\Documents\main_5r\meshes\L3.STL
2025-09-14 22:00:43,300 INFO  ExportHelper.cs: 405 - Removing SW header in STL file
2025-09-14 22:00:43,300 INFO  ExportHelper.cs: 317 - L2: Exporting STL with coordinate frame Origin_J2
2025-09-14 22:00:43,300 INFO  ExportHelper.cs: 322 - L2: Reference geometry name 
2025-09-14 22:00:43,460 INFO  ExportHelper.cs: 330 - Saving STL to C:\Users\SKY\Documents\main_5r\meshes\L2.STL
2025-09-14 22:00:43,713 INFO  ExportHelper.cs: 405 - Removing SW header in STL file
2025-09-14 22:00:43,713 INFO  ExportHelper.cs: 317 - L1: Exporting STL with coordinate frame Origin_J!
2025-09-14 22:00:43,720 INFO  ExportHelper.cs: 322 - L1: Reference geometry name 
2025-09-14 22:00:43,822 INFO  ExportHelper.cs: 330 - Saving STL to C:\Users\SKY\Documents\main_5r\meshes\L1.STL
2025-09-14 22:00:43,921 INFO  ExportHelper.cs: 405 - Removing SW header in STL file
2025-09-14 22:00:43,921 INFO  ExportHelper.cs: 317 - base_link: Exporting STL with coordinate frame Origin_global
2025-09-14 22:00:43,921 INFO  ExportHelper.cs: 322 - base_link: Reference geometry name 
2025-09-14 22:00:44,120 INFO  ExportHelper.cs: 330 - Saving STL to C:\Users\SKY\Documents\main_5r\meshes\base_link.STL
2025-09-14 22:00:45,462 INFO  ExportHelper.cs: 405 - Removing SW header in STL file
2025-09-14 22:00:45,462 INFO  ExportHelper.cs: 145 - Showing all components except previously hidden components
2025-09-14 22:00:46,403 INFO  ExportHelper.cs: 145 - Resetting STL preferences
2025-09-14 22:00:46,403 INFO  ExportHelper.cs: 478 - Returning STL preferences to user preferences
2025-09-14 22:00:46,403 INFO  ExportHelper.cs: 228 - Writing URDF file to C:\Users\SKY\Documents\main_5r\urdf\main_5r.urdf
2025-09-14 22:00:46,470 INFO  CSVImportExport.cs: 32 - Writing CSV file C:\Users\SKY\Documents\main_5r\urdf\main_5r.csv
2025-09-14 22:00:46,486 ERROR CSVImportExport.cs: 130 - The following columns were not written to the CSV: Link.Joint.ChildLink.link,
2025-09-14 22:00:46,486 ERROR CSVImportExport.cs: 130 - The following columns were not written to the CSV: Link.Joint.ChildLink.link,
2025-09-14 22:00:46,490 ERROR CSVImportExport.cs: 130 - The following columns were not written to the CSV: Link.Joint.ChildLink.link,
2025-09-14 22:00:46,490 ERROR CSVImportExport.cs: 130 - The following columns were not written to the CSV: Link.Joint.ChildLink.link,
2025-09-14 22:00:46,490 ERROR CSVImportExport.cs: 130 - The following columns were not written to the CSV: Link.Joint.ChildLink.link,
2025-09-14 22:00:46,490 INFO  ExportHelper.cs: 234 - Copying log file
2025-09-14 22:00:46,490 INFO  ExportHelper.cs: 439 - Copying C:\Users\SKY\sw2urdf_logs\sw2urdf.log to C:\Users\SKY\Documents\main_5r\export.log
2025-09-14 22:00:46,490 INFO  ExportHelper.cs: 237 - Resetting STL preferences
2025-09-14 22:00:46,490 INFO  ExportHelper.cs: 478 - Returning STL preferences to user preferences
2025-09-14 22:07:08,472 INFO  SwAddin.cs: 294 - Assembly export called for file Main
2025-09-14 22:07:08,472 INFO  SwAddin.cs: 299 - Save is required
2025-09-14 22:07:08,472 INFO  SwAddin.cs: 313 - Saving assembly
2025-09-14 22:07:09,052 INFO  SwAddin.cs: 316 - Opening property manager
2025-09-14 22:07:09,055 INFO  ExportHelperExtension.cs: 1125 - Retrieving features of type [CoordSys] from Main
2025-09-14 22:07:09,056 INFO  ExportHelperExtension.cs: 1136 - Found 88 in Main
2025-09-14 22:07:09,056 INFO  ExportHelperExtension.cs: 1145 - Found 0 features of type [CoordSys] in Main
2025-09-14 22:07:09,057 INFO  ExportHelperExtension.cs: 1148 - Proceeding through assembly components
2025-09-14 22:07:09,057 INFO  ExportHelperExtension.cs: 1160 - 19 components to check
2025-09-14 22:07:09,057 INFO  ExportHelperExtension.cs: 1125 - Retrieving features of type [CoordSys] from base_plate-1
2025-09-14 22:07:09,058 INFO  ExportHelperExtension.cs: 1136 - Found 30 in base_plate-1
2025-09-14 22:07:09,058 INFO  ExportHelperExtension.cs: 1145 - Found 0 features of type [CoordSys] in base_plate-1
2025-09-14 22:07:09,058 INFO  ExportHelperExtension.cs: 1125 - Retrieving features of type [CoordSys] from link-1
2025-09-14 22:07:09,059 INFO  ExportHelperExtension.cs: 1136 - Found 33 in link-1
2025-09-14 22:07:09,060 INFO  ExportHelperExtension.cs: 1145 - Found 0 features of type [CoordSys] in link-1
2025-09-14 22:07:09,060 INFO  ExportHelperExtension.cs: 1125 - Retrieving features of type [CoordSys] from Nema24 24CS22C-400.step-2
2025-09-14 22:07:09,060 INFO  ExportHelperExtension.cs: 1136 - Found 36 in Nema24 24CS22C-400.step-2
2025-09-14 22:07:09,061 INFO  ExportHelperExtension.cs: 1145 - Found 0 features of type [CoordSys] in Nema24 24CS22C-400.step-2
2025-09-14 22:07:09,061 INFO  ExportHelperExtension.cs: 1125 - Retrieving features of type [CoordSys] from Part8-2
2025-09-14 22:07:09,061 INFO  ExportHelperExtension.cs: 1136 - Found 25 in Part8-2
2025-09-14 22:07:09,062 INFO  ExportHelperExtension.cs: 1145 - Found 0 features of type [CoordSys] in Part8-2
2025-09-14 22:07:09,062 INFO  ExportHelperExtension.cs: 1125 - Retrieving features of type [CoordSys] from 6000rulman-4
2025-09-14 22:07:09,062 INFO  ExportHelperExtension.cs: 1136 - Found 38 in 6000rulman-4
2025-09-14 22:07:09,063 INFO  ExportHelperExtension.cs: 1145 - Found 0 features of type [CoordSys] in 6000rulman-4
2025-09-14 22:07:09,063 INFO  ExportHelperExtension.cs: 1125 - Retrieving features of type [CoordSys] from link-3
2025-09-14 22:07:09,063 INFO  ExportHelperExtension.cs: 1136 - Found 33 in link-3
2025-09-14 22:07:09,064 INFO  ExportHelperExtension.cs: 1145 - Found 0 features of type [CoordSys] in link-3
2025-09-14 22:07:09,064 INFO  ExportHelperExtension.cs: 1125 - Retrieving features of type [CoordSys] from 6000rulman-2
2025-09-14 22:07:09,064 INFO  ExportHelperExtension.cs: 1136 - Found 38 in 6000rulman-2
2025-09-14 22:07:09,065 INFO  ExportHelperExtension.cs: 1145 - Found 0 features of type [CoordSys] in 6000rulman-2
2025-09-14 22:07:09,065 INFO  ExportHelperExtension.cs: 1125 - Retrieving features of type [CoordSys] from 6000rulman-3
2025-09-14 22:07:09,066 INFO  ExportHelperExtension.cs: 1136 - Found 38 in 6000rulman-3
2025-09-14 22:07:09,066 INFO  ExportHelperExtension.cs: 1145 - Found 0 features of type [CoordSys] in 6000rulman-3
2025-09-14 22:07:09,066 INFO  ExportHelperExtension.cs: 1125 - Retrieving features of type [CoordSys] from Part11-1
2025-09-14 22:07:09,067 INFO  ExportHelperExtension.cs: 1136 - Found 25 in Part11-1
2025-09-14 22:07:09,067 INFO  ExportHelperExtension.cs: 1145 - Found 0 features of type [CoordSys] in Part11-1
2025-09-14 22:07:09,067 INFO  ExportHelperExtension.cs: 1125 - Retrieving features of type [CoordSys] from Part8-1
2025-09-14 22:07:09,068 INFO  ExportHelperExtension.cs: 1136 - Found 25 in Part8-1
2025-09-14 22:07:09,068 INFO  ExportHelperExtension.cs: 1145 - Found 0 features of type [CoordSys] in Part8-1
2025-09-14 22:07:09,068 INFO  ExportHelperExtension.cs: 1125 - Retrieving features of type [CoordSys] from Part10-1
2025-09-14 22:07:09,069 INFO  ExportHelperExtension.cs: 1136 - Found 23 in Part10-1
2025-09-14 22:07:09,069 INFO  ExportHelperExtension.cs: 1145 - Found 0 features of type [CoordSys] in Part10-1
2025-09-14 22:07:09,069 INFO  ExportHelperExtension.cs: 1125 - Retrieving features of type [CoordSys] from link-4
2025-09-14 22:07:09,070 INFO  ExportHelperExtension.cs: 1136 - Found 33 in link-4
2025-09-14 22:07:09,070 INFO  ExportHelperExtension.cs: 1145 - Found 0 features of type [CoordSys] in link-4
2025-09-14 22:07:09,070 INFO  ExportHelperExtension.cs: 1125 - Retrieving features of type [CoordSys] from 6000rulman-6
2025-09-14 22:07:09,070 INFO  ExportHelperExtension.cs: 1136 - Found 38 in 6000rulman-6
2025-09-14 22:07:09,070 INFO  ExportHelperExtension.cs: 1145 - Found 0 features of type [CoordSys] in 6000rulman-6
2025-09-14 22:07:09,070 INFO  ExportHelperExtension.cs: 1125 - Retrieving features of type [CoordSys] from 6000rulman-5
2025-09-14 22:07:09,070 INFO  ExportHelperExtension.cs: 1136 - Found 38 in 6000rulman-5
2025-09-14 22:07:09,070 INFO  ExportHelperExtension.cs: 1145 - Found 0 features of type [CoordSys] in 6000rulman-5
2025-09-14 22:07:09,070 INFO  ExportHelperExtension.cs: 1125 - Retrieving features of type [CoordSys] from Part11-3
2025-09-14 22:07:09,070 INFO  ExportHelperExtension.cs: 1136 - Found 25 in Part11-3
2025-09-14 22:07:09,070 INFO  ExportHelperExtension.cs: 1145 - Found 0 features of type [CoordSys] in Part11-3
2025-09-14 22:07:09,070 INFO  ExportHelperExtension.cs: 1125 - Retrieving features of type [CoordSys] from 6000rulman-7
2025-09-14 22:07:09,070 INFO  ExportHelperExtension.cs: 1136 - Found 38 in 6000rulman-7
2025-09-14 22:07:09,070 INFO  ExportHelperExtension.cs: 1145 - Found 0 features of type [CoordSys] in 6000rulman-7
2025-09-14 22:07:09,070 INFO  ExportHelperExtension.cs: 1125 - Retrieving features of type [CoordSys] from link-5
2025-09-14 22:07:09,080 INFO  ExportHelperExtension.cs: 1136 - Found 33 in link-5
2025-09-14 22:07:09,080 INFO  ExportHelperExtension.cs: 1145 - Found 0 features of type [CoordSys] in link-5
2025-09-14 22:07:09,080 INFO  ExportHelperExtension.cs: 1125 - Retrieving features of type [CoordSys] from Part11-2
2025-09-14 22:07:09,080 INFO  ExportHelperExtension.cs: 1136 - Found 25 in Part11-2
2025-09-14 22:07:09,080 INFO  ExportHelperExtension.cs: 1145 - Found 0 features of type [CoordSys] in Part11-2
2025-09-14 22:07:09,080 INFO  ExportHelperExtension.cs: 1125 - Retrieving features of type [CoordSys] from Nema24 24CS22C-400.step-5
2025-09-14 22:07:09,080 INFO  ExportHelperExtension.cs: 1136 - Found 36 in Nema24 24CS22C-400.step-5
2025-09-14 22:07:09,080 INFO  ExportHelperExtension.cs: 1145 - Found 0 features of type [CoordSys] in Nema24 24CS22C-400.step-5
2025-09-14 22:07:09,080 INFO  ExportHelperExtension.cs: 1125 - Retrieving features of type [RefAxis] from Main
2025-09-14 22:07:09,080 INFO  ExportHelperExtension.cs: 1136 - Found 88 in Main
2025-09-14 22:07:09,080 INFO  ExportHelperExtension.cs: 1145 - Found 0 features of type [RefAxis] in Main
2025-09-14 22:07:09,080 INFO  ExportHelperExtension.cs: 1148 - Proceeding through assembly components
2025-09-14 22:07:09,084 INFO  ExportHelperExtension.cs: 1160 - 19 components to check
2025-09-14 22:07:09,084 INFO  ExportHelperExtension.cs: 1125 - Retrieving features of type [RefAxis] from base_plate-1
2025-09-14 22:07:09,084 INFO  ExportHelperExtension.cs: 1136 - Found 30 in base_plate-1
2025-09-14 22:07:09,084 INFO  ExportHelperExtension.cs: 1145 - Found 0 features of type [RefAxis] in base_plate-1
2025-09-14 22:07:09,084 INFO  ExportHelperExtension.cs: 1125 - Retrieving features of type [RefAxis] from link-1
2025-09-14 22:07:09,086 INFO  ExportHelperExtension.cs: 1136 - Found 33 in link-1
2025-09-14 22:07:09,086 INFO  ExportHelperExtension.cs: 1145 - Found 0 features of type [RefAxis] in link-1
2025-09-14 22:07:09,086 INFO  ExportHelperExtension.cs: 1125 - Retrieving features of type [RefAxis] from Nema24 24CS22C-400.step-2
2025-09-14 22:07:09,086 INFO  ExportHelperExtension.cs: 1136 - Found 36 in Nema24 24CS22C-400.step-2
2025-09-14 22:07:09,086 INFO  ExportHelperExtension.cs: 1145 - Found 0 features of type [RefAxis] in Nema24 24CS22C-400.step-2
2025-09-14 22:07:09,086 INFO  ExportHelperExtension.cs: 1125 - Retrieving features of type [RefAxis] from Part8-2
2025-09-14 22:07:09,088 INFO  ExportHelperExtension.cs: 1136 - Found 25 in Part8-2
2025-09-14 22:07:09,088 INFO  ExportHelperExtension.cs: 1145 - Found 0 features of type [RefAxis] in Part8-2
2025-09-14 22:07:09,088 INFO  ExportHelperExtension.cs: 1125 - Retrieving features of type [RefAxis] from 6000rulman-4
2025-09-14 22:07:09,088 INFO  ExportHelperExtension.cs: 1136 - Found 38 in 6000rulman-4
2025-09-14 22:07:09,088 INFO  ExportHelperExtension.cs: 1145 - Found 0 features of type [RefAxis] in 6000rulman-4
2025-09-14 22:07:09,090 INFO  ExportHelperExtension.cs: 1125 - Retrieving features of type [RefAxis] from link-3
2025-09-14 22:07:09,090 INFO  ExportHelperExtension.cs: 1136 - Found 33 in link-3
2025-09-14 22:07:09,090 INFO  ExportHelperExtension.cs: 1145 - Found 0 features of type [RefAxis] in link-3
2025-09-14 22:07:09,090 INFO  ExportHelperExtension.cs: 1125 - Retrieving features of type [RefAxis] from 6000rulman-2
2025-09-14 22:07:09,090 INFO  ExportHelperExtension.cs: 1136 - Found 38 in 6000rulman-2
2025-09-14 22:07:09,090 INFO  ExportHelperExtension.cs: 1145 - Found 0 features of type [RefAxis] in 6000rulman-2
2025-09-14 22:07:09,090 INFO  ExportHelperExtension.cs: 1125 - Retrieving features of type [RefAxis] from 6000rulman-3
2025-09-14 22:07:09,090 INFO  ExportHelperExtension.cs: 1136 - Found 38 in 6000rulman-3
2025-09-14 22:07:09,090 INFO  ExportHelperExtension.cs: 1145 - Found 0 features of type [RefAxis] in 6000rulman-3
2025-09-14 22:07:09,090 INFO  ExportHelperExtension.cs: 1125 - Retrieving features of type [RefAxis] from Part11-1
2025-09-14 22:07:09,090 INFO  ExportHelperExtension.cs: 1136 - Found 25 in Part11-1
2025-09-14 22:07:09,090 INFO  ExportHelperExtension.cs: 1145 - Found 0 features of type [RefAxis] in Part11-1
2025-09-14 22:07:09,090 INFO  ExportHelperExtension.cs: 1125 - Retrieving features of type [RefAxis] from Part8-1
2025-09-14 22:07:09,090 INFO  ExportHelperExtension.cs: 1136 - Found 25 in Part8-1
2025-09-14 22:07:09,090 INFO  ExportHelperExtension.cs: 1145 - Found 0 features of type [RefAxis] in Part8-1
2025-09-14 22:07:09,090 INFO  ExportHelperExtension.cs: 1125 - Retrieving features of type [RefAxis] from Part10-1
2025-09-14 22:07:09,090 INFO  ExportHelperExtension.cs: 1136 - Found 23 in Part10-1
2025-09-14 22:07:09,090 INFO  ExportHelperExtension.cs: 1145 - Found 0 features of type [RefAxis] in Part10-1
2025-09-14 22:07:09,090 INFO  ExportHelperExtension.cs: 1125 - Retrieving features of type [RefAxis] from link-4
2025-09-14 22:07:09,090 INFO  ExportHelperExtension.cs: 1136 - Found 33 in link-4
2025-09-14 22:07:09,090 INFO  ExportHelperExtension.cs: 1145 - Found 0 features of type [RefAxis] in link-4
2025-09-14 22:07:09,090 INFO  ExportHelperExtension.cs: 1125 - Retrieving features of type [RefAxis] from 6000rulman-6
2025-09-14 22:07:09,090 INFO  ExportHelperExtension.cs: 1136 - Found 38 in 6000rulman-6
2025-09-14 22:07:09,090 INFO  ExportHelperExtension.cs: 1145 - Found 0 features of type [RefAxis] in 6000rulman-6
2025-09-14 22:07:09,097 INFO  ExportHelperExtension.cs: 1125 - Retrieving features of type [RefAxis] from 6000rulman-5
2025-09-14 22:07:09,097 INFO  ExportHelperExtension.cs: 1136 - Found 38 in 6000rulman-5
2025-09-14 22:07:09,097 INFO  ExportHelperExtension.cs: 1145 - Found 0 features of type [RefAxis] in 6000rulman-5
2025-09-14 22:07:09,097 INFO  ExportHelperExtension.cs: 1125 - Retrieving features of type [RefAxis] from Part11-3
2025-09-14 22:07:09,097 INFO  ExportHelperExtension.cs: 1136 - Found 25 in Part11-3
2025-09-14 22:07:09,097 INFO  ExportHelperExtension.cs: 1145 - Found 0 features of type [RefAxis] in Part11-3
2025-09-14 22:07:09,097 INFO  ExportHelperExtension.cs: 1125 - Retrieving features of type [RefAxis] from 6000rulman-7
2025-09-14 22:07:09,097 INFO  ExportHelperExtension.cs: 1136 - Found 38 in 6000rulman-7
2025-09-14 22:07:09,097 INFO  ExportHelperExtension.cs: 1145 - Found 0 features of type [RefAxis] in 6000rulman-7
2025-09-14 22:07:09,100 INFO  ExportHelperExtension.cs: 1125 - Retrieving features of type [RefAxis] from link-5
2025-09-14 22:07:09,100 INFO  ExportHelperExtension.cs: 1136 - Found 33 in link-5
2025-09-14 22:07:09,100 INFO  ExportHelperExtension.cs: 1145 - Found 0 features of type [RefAxis] in link-5
2025-09-14 22:07:09,100 INFO  ExportHelperExtension.cs: 1125 - Retrieving features of type [RefAxis] from Part11-2
2025-09-14 22:07:09,100 INFO  ExportHelperExtension.cs: 1136 - Found 25 in Part11-2
2025-09-14 22:07:09,100 INFO  ExportHelperExtension.cs: 1145 - Found 0 features of type [RefAxis] in Part11-2
2025-09-14 22:07:09,100 INFO  ExportHelperExtension.cs: 1125 - Retrieving features of type [RefAxis] from Nema24 24CS22C-400.step-5
2025-09-14 22:07:09,102 INFO  ExportHelperExtension.cs: 1136 - Found 36 in Nema24 24CS22C-400.step-5
2025-09-14 22:07:09,102 INFO  ExportHelperExtension.cs: 1145 - Found 0 features of type [RefAxis] in Nema24 24CS22C-400.step-5
2025-09-14 22:07:09,430 INFO  SwAddin.cs: 339 - Loading config tree
2025-09-14 22:07:09,430 INFO  ExportPropertyManagerExtension.cs: 520 - Starting new configuration
2025-09-14 22:07:09,430 INFO  SwAddin.cs: 344 - Showing property manager
2025-09-14 22:07:14,120 INFO  ExportPropertyManager.cs: 1136 - OnNumberBoxTrackingCompleted called. This method no longer throws an Exception. It just silently does nothing. Ok, except for this logging message
2025-09-14 22:07:26,950 INFO  ExportPropertyManager.cs: 1136 - OnNumberBoxTrackingCompleted called. This method no longer throws an Exception. It just silently does nothing. Ok, except for this logging message
2025-09-14 22:07:36,430 INFO  ExportPropertyManager.cs: 1136 - OnNumberBoxTrackingCompleted called. This method no longer throws an Exception. It just silently does nothing. Ok, except for this logging message
2025-09-14 22:07:42,450 INFO  ExportPropertyManager.cs: 1136 - OnNumberBoxTrackingCompleted called. This method no longer throws an Exception. It just silently does nothing. Ok, except for this logging message
2025-09-14 22:09:36,795 INFO  ExportPropertyManager.cs: 422 - Configuration saved
2025-09-14 22:09:42,477 INFO  ExportHelperExtension.cs: 347 - Creating joint L1
2025-09-14 22:09:42,477 INFO  ExportHelperExtension.cs: 1397 - Fixing components for base_link
2025-09-14 22:09:42,477 INFO  ExportHelperExtension.cs: 1402 - Fixing 25
2025-09-14 22:09:42,477 INFO  ExportHelperExtension.cs: 1402 - Fixing 29
2025-09-14 22:09:42,477 INFO  ExportHelperExtension.cs: 1402 - Fixing 191
2025-09-14 22:09:42,477 INFO  ExportHelperExtension.cs: 1402 - Fixing 94
2025-09-14 22:09:42,477 INFO  ExportHelperExtension.cs: 1402 - Fixing 108
2025-09-14 22:09:43,637 INFO  ExportHelperExtension.cs: 832 - R1: 0, 0
2025-09-14 22:09:43,637 INFO  ExportHelperExtension.cs: 841 - R2: 0, 0
2025-09-14 22:09:43,637 INFO  ExportHelperExtension.cs: 849 - L1: 0
2025-09-14 22:09:43,637 INFO  ExportHelperExtension.cs: 857 - L2: 0
2025-09-14 22:09:44,549 INFO  ExportHelperExtension.cs: 1247 - Parent SW Component: base_plate-1
2025-09-14 22:09:44,551 INFO  ExportHelperExtension.cs: 1248 - Child SW Component: link-1
2025-09-14 22:09:44,551 INFO  ExportHelperExtension.cs: 1253 - Determining limit mate eligibility 
2025-09-14 22:09:44,551 INFO  ExportHelperExtension.cs: 1259 - Adding component entity: link-1
2025-09-14 22:09:44,552 INFO  ExportHelperExtension.cs: 1259 - Adding component entity: link-4
2025-09-14 22:09:44,552 INFO  ExportHelperExtension.cs: 1352 - Unfixing component 25
2025-09-14 22:09:44,552 INFO  ExportHelperExtension.cs: 1352 - Unfixing component 29
2025-09-14 22:09:44,552 INFO  ExportHelperExtension.cs: 1352 - Unfixing component 191
2025-09-14 22:09:44,552 INFO  ExportHelperExtension.cs: 1352 - Unfixing component 94
2025-09-14 22:09:44,552 INFO  ExportHelperExtension.cs: 1352 - Unfixing component 108
2025-09-14 22:09:46,785 WARN  ExportHelperExtension.cs: 351 - Creating joint from parent base_link to child L1 failed
2025-09-14 22:09:46,790 INFO  ExportHelperExtension.cs: 347 - Creating joint L2
2025-09-14 22:09:46,790 INFO  ExportHelperExtension.cs: 1397 - Fixing components for L1
2025-09-14 22:09:46,790 INFO  ExportHelperExtension.cs: 1402 - Fixing 60
2025-09-14 22:09:46,790 INFO  ExportHelperExtension.cs: 1402 - Fixing 123
2025-09-14 22:09:46,795 INFO  ExportHelperExtension.cs: 1402 - Fixing 25
2025-09-14 22:09:46,795 INFO  ExportHelperExtension.cs: 1402 - Fixing 29
2025-09-14 22:09:46,795 INFO  ExportHelperExtension.cs: 1402 - Fixing 191
2025-09-14 22:09:46,795 INFO  ExportHelperExtension.cs: 1402 - Fixing 94
2025-09-14 22:09:46,795 INFO  ExportHelperExtension.cs: 1402 - Fixing 108
2025-09-14 22:09:47,969 INFO  ExportHelperExtension.cs: 832 - R1: 0, 0
2025-09-14 22:09:47,975 INFO  ExportHelperExtension.cs: 841 - R2: 0, 0
2025-09-14 22:09:47,975 INFO  ExportHelperExtension.cs: 849 - L1: 0
2025-09-14 22:09:47,975 INFO  ExportHelperExtension.cs: 857 - L2: 0
2025-09-14 22:09:48,845 INFO  ExportHelperExtension.cs: 1247 - Parent SW Component: link-1
2025-09-14 22:09:48,845 INFO  ExportHelperExtension.cs: 1248 - Child SW Component: link-4
2025-09-14 22:09:48,845 INFO  ExportHelperExtension.cs: 1253 - Determining limit mate eligibility 
2025-09-14 22:09:48,845 INFO  ExportHelperExtension.cs: 1259 - Adding component entity: link-1
2025-09-14 22:09:48,845 INFO  ExportHelperExtension.cs: 1259 - Adding component entity: link-4
2025-09-14 22:09:48,845 INFO  ExportHelperExtension.cs: 1352 - Unfixing component 60
2025-09-14 22:09:48,845 INFO  ExportHelperExtension.cs: 1352 - Unfixing component 123
2025-09-14 22:09:48,845 INFO  ExportHelperExtension.cs: 1352 - Unfixing component 25
2025-09-14 22:09:48,845 INFO  ExportHelperExtension.cs: 1352 - Unfixing component 29
2025-09-14 22:09:48,845 INFO  ExportHelperExtension.cs: 1352 - Unfixing component 191
2025-09-14 22:09:48,845 INFO  ExportHelperExtension.cs: 1352 - Unfixing component 94
2025-09-14 22:09:48,845 INFO  ExportHelperExtension.cs: 1352 - Unfixing component 108
2025-09-14 22:09:51,165 WARN  ExportHelperExtension.cs: 351 - Creating joint from parent L1 to child L2 failed
2025-09-14 22:09:51,174 INFO  ExportHelperExtension.cs: 347 - Creating joint L3
2025-09-14 22:09:51,174 INFO  ExportHelperExtension.cs: 1397 - Fixing components for L2
2025-09-14 22:09:51,175 INFO  ExportHelperExtension.cs: 1402 - Fixing 148
2025-09-14 22:09:51,175 INFO  ExportHelperExtension.cs: 1402 - Fixing 142
2025-09-14 22:09:51,175 INFO  ExportHelperExtension.cs: 1402 - Fixing 60
2025-09-14 22:09:51,175 INFO  ExportHelperExtension.cs: 1402 - Fixing 123
2025-09-14 22:09:51,175 INFO  ExportHelperExtension.cs: 1402 - Fixing 25
2025-09-14 22:09:51,175 INFO  ExportHelperExtension.cs: 1402 - Fixing 29
2025-09-14 22:09:51,175 INFO  ExportHelperExtension.cs: 1402 - Fixing 191
2025-09-14 22:09:51,175 INFO  ExportHelperExtension.cs: 1402 - Fixing 94
2025-09-14 22:09:51,175 INFO  ExportHelperExtension.cs: 1402 - Fixing 108
2025-09-14 22:09:52,370 INFO  ExportHelperExtension.cs: 832 - R1: 0, 0
2025-09-14 22:09:52,370 INFO  ExportHelperExtension.cs: 841 - R2: 0, 0
2025-09-14 22:09:52,370 INFO  ExportHelperExtension.cs: 849 - L1: 0
2025-09-14 22:09:52,370 INFO  ExportHelperExtension.cs: 857 - L2: 0
2025-09-14 22:09:53,277 INFO  ExportHelperExtension.cs: 1247 - Parent SW Component: link-4
2025-09-14 22:09:53,277 INFO  ExportHelperExtension.cs: 1248 - Child SW Component: link-5
2025-09-14 22:09:53,277 INFO  ExportHelperExtension.cs: 1253 - Determining limit mate eligibility 
2025-09-14 22:09:53,277 INFO  ExportHelperExtension.cs: 1259 - Adding component entity: link-5
2025-09-14 22:09:53,285 INFO  ExportHelperExtension.cs: 1259 - Adding component entity: link-3
2025-09-14 22:09:53,285 INFO  ExportHelperExtension.cs: 1352 - Unfixing component 148
2025-09-14 22:09:53,285 INFO  ExportHelperExtension.cs: 1352 - Unfixing component 142
2025-09-14 22:09:53,285 INFO  ExportHelperExtension.cs: 1352 - Unfixing component 60
2025-09-14 22:09:53,285 INFO  ExportHelperExtension.cs: 1352 - Unfixing component 123
2025-09-14 22:09:53,286 INFO  ExportHelperExtension.cs: 1352 - Unfixing component 25
2025-09-14 22:09:53,286 INFO  ExportHelperExtension.cs: 1352 - Unfixing component 29
2025-09-14 22:09:53,286 INFO  ExportHelperExtension.cs: 1352 - Unfixing component 191
2025-09-14 22:09:53,286 INFO  ExportHelperExtension.cs: 1352 - Unfixing component 94
2025-09-14 22:09:53,286 INFO  ExportHelperExtension.cs: 1352 - Unfixing component 108
2025-09-14 22:09:55,720 WARN  ExportHelperExtension.cs: 351 - Creating joint from parent L2 to child L3 failed
2025-09-14 22:09:55,725 INFO  ExportHelperExtension.cs: 347 - Creating joint L4
2025-09-14 22:09:55,725 INFO  ExportHelperExtension.cs: 1397 - Fixing components for L3
2025-09-14 22:09:55,725 INFO  ExportHelperExtension.cs: 1402 - Fixing 171
2025-09-14 22:09:55,725 INFO  ExportHelperExtension.cs: 1402 - Fixing 175
2025-09-14 22:09:55,725 INFO  ExportHelperExtension.cs: 1402 - Fixing 148
2025-09-14 22:09:55,725 INFO  ExportHelperExtension.cs: 1402 - Fixing 142
2025-09-14 22:09:55,725 INFO  ExportHelperExtension.cs: 1402 - Fixing 60
2025-09-14 22:09:55,725 INFO  ExportHelperExtension.cs: 1402 - Fixing 123
2025-09-14 22:09:55,725 INFO  ExportHelperExtension.cs: 1402 - Fixing 25
2025-09-14 22:09:55,725 INFO  ExportHelperExtension.cs: 1402 - Fixing 29
2025-09-14 22:09:55,725 INFO  ExportHelperExtension.cs: 1402 - Fixing 191
2025-09-14 22:09:55,725 INFO  ExportHelperExtension.cs: 1402 - Fixing 94
2025-09-14 22:09:55,725 INFO  ExportHelperExtension.cs: 1402 - Fixing 108
2025-09-14 22:09:56,997 INFO  ExportHelperExtension.cs: 832 - R1: 0, 0
2025-09-14 22:09:56,997 INFO  ExportHelperExtension.cs: 841 - R2: 0, 0
2025-09-14 22:09:56,997 INFO  ExportHelperExtension.cs: 849 - L1: 0
2025-09-14 22:09:56,997 INFO  ExportHelperExtension.cs: 857 - L2: 0
2025-09-14 22:09:57,872 INFO  ExportHelperExtension.cs: 1247 - Parent SW Component: link-5
2025-09-14 22:09:57,872 INFO  ExportHelperExtension.cs: 1248 - Child SW Component: link-3
2025-09-14 22:09:57,872 INFO  ExportHelperExtension.cs: 1253 - Determining limit mate eligibility 
2025-09-14 22:09:57,877 INFO  ExportHelperExtension.cs: 1259 - Adding component entity: link-5
2025-09-14 22:09:57,877 INFO  ExportHelperExtension.cs: 1259 - Adding component entity: link-3
2025-09-14 22:09:57,877 INFO  ExportHelperExtension.cs: 1352 - Unfixing component 171
2025-09-14 22:09:57,877 INFO  ExportHelperExtension.cs: 1352 - Unfixing component 175
2025-09-14 22:09:57,877 INFO  ExportHelperExtension.cs: 1352 - Unfixing component 148
2025-09-14 22:09:57,877 INFO  ExportHelperExtension.cs: 1352 - Unfixing component 142
2025-09-14 22:09:57,877 INFO  ExportHelperExtension.cs: 1352 - Unfixing component 60
2025-09-14 22:09:57,877 INFO  ExportHelperExtension.cs: 1352 - Unfixing component 123
2025-09-14 22:09:57,877 INFO  ExportHelperExtension.cs: 1352 - Unfixing component 25
2025-09-14 22:09:57,877 INFO  ExportHelperExtension.cs: 1352 - Unfixing component 29
2025-09-14 22:09:57,877 INFO  ExportHelperExtension.cs: 1352 - Unfixing component 191
2025-09-14 22:09:57,877 INFO  ExportHelperExtension.cs: 1352 - Unfixing component 94
2025-09-14 22:09:57,877 INFO  ExportHelperExtension.cs: 1352 - Unfixing component 108
2025-09-14 22:10:00,307 WARN  ExportHelperExtension.cs: 351 - Creating joint from parent L3 to child L4 failed
2025-09-14 22:10:00,537 INFO  ExportHelperExtension.cs: 1125 - Retrieving features of type [CoordSys] from Main
2025-09-14 22:10:00,537 INFO  ExportHelperExtension.cs: 1136 - Found 95 in Main
2025-09-14 22:10:00,537 INFO  ExportHelperExtension.cs: 1145 - Found 5 features of type [CoordSys] in Main
2025-09-14 22:10:00,537 INFO  ExportHelperExtension.cs: 1148 - Proceeding through assembly components
2025-09-14 22:10:00,537 INFO  ExportHelperExtension.cs: 1160 - 19 components to check
2025-09-14 22:10:00,537 INFO  ExportHelperExtension.cs: 1125 - Retrieving features of type [CoordSys] from base_plate-1
2025-09-14 22:10:00,537 INFO  ExportHelperExtension.cs: 1136 - Found 30 in base_plate-1
2025-09-14 22:10:00,537 INFO  ExportHelperExtension.cs: 1145 - Found 0 features of type [CoordSys] in base_plate-1
2025-09-14 22:10:00,545 INFO  ExportHelperExtension.cs: 1125 - Retrieving features of type [CoordSys] from link-1
2025-09-14 22:10:00,545 INFO  ExportHelperExtension.cs: 1136 - Found 33 in link-1
2025-09-14 22:10:00,545 INFO  ExportHelperExtension.cs: 1145 - Found 0 features of type [CoordSys] in link-1
2025-09-14 22:10:00,546 INFO  ExportHelperExtension.cs: 1125 - Retrieving features of type [CoordSys] from Nema24 24CS22C-400.step-2
2025-09-14 22:10:00,546 INFO  ExportHelperExtension.cs: 1136 - Found 36 in Nema24 24CS22C-400.step-2
2025-09-14 22:10:00,546 INFO  ExportHelperExtension.cs: 1145 - Found 0 features of type [CoordSys] in Nema24 24CS22C-400.step-2
2025-09-14 22:10:00,546 INFO  ExportHelperExtension.cs: 1125 - Retrieving features of type [CoordSys] from Part8-2
2025-09-14 22:10:00,546 INFO  ExportHelperExtension.cs: 1136 - Found 25 in Part8-2
2025-09-14 22:10:00,546 INFO  ExportHelperExtension.cs: 1145 - Found 0 features of type [CoordSys] in Part8-2
2025-09-14 22:10:00,546 INFO  ExportHelperExtension.cs: 1125 - Retrieving features of type [CoordSys] from 6000rulman-4
2025-09-14 22:10:00,546 INFO  ExportHelperExtension.cs: 1136 - Found 38 in 6000rulman-4
2025-09-14 22:10:00,546 INFO  ExportHelperExtension.cs: 1145 - Found 0 features of type [CoordSys] in 6000rulman-4
2025-09-14 22:10:00,546 INFO  ExportHelperExtension.cs: 1125 - Retrieving features of type [CoordSys] from link-3
2025-09-14 22:10:00,546 INFO  ExportHelperExtension.cs: 1136 - Found 33 in link-3
2025-09-14 22:10:00,546 INFO  ExportHelperExtension.cs: 1145 - Found 0 features of type [CoordSys] in link-3
2025-09-14 22:10:00,546 INFO  ExportHelperExtension.cs: 1125 - Retrieving features of type [CoordSys] from 6000rulman-2
2025-09-14 22:10:00,546 INFO  ExportHelperExtension.cs: 1136 - Found 38 in 6000rulman-2
2025-09-14 22:10:00,546 INFO  ExportHelperExtension.cs: 1145 - Found 0 features of type [CoordSys] in 6000rulman-2
2025-09-14 22:10:00,546 INFO  ExportHelperExtension.cs: 1125 - Retrieving features of type [CoordSys] from 6000rulman-3
2025-09-14 22:10:00,546 INFO  ExportHelperExtension.cs: 1136 - Found 38 in 6000rulman-3
2025-09-14 22:10:00,546 INFO  ExportHelperExtension.cs: 1145 - Found 0 features of type [CoordSys] in 6000rulman-3
2025-09-14 22:10:00,546 INFO  ExportHelperExtension.cs: 1125 - Retrieving features of type [CoordSys] from Part11-1
2025-09-14 22:10:00,546 INFO  ExportHelperExtension.cs: 1136 - Found 25 in Part11-1
2025-09-14 22:10:00,546 INFO  ExportHelperExtension.cs: 1145 - Found 0 features of type [CoordSys] in Part11-1
2025-09-14 22:10:00,546 INFO  ExportHelperExtension.cs: 1125 - Retrieving features of type [CoordSys] from Part8-1
2025-09-14 22:10:00,546 INFO  ExportHelperExtension.cs: 1136 - Found 25 in Part8-1
2025-09-14 22:10:00,546 INFO  ExportHelperExtension.cs: 1145 - Found 0 features of type [CoordSys] in Part8-1
2025-09-14 22:10:00,546 INFO  ExportHelperExtension.cs: 1125 - Retrieving features of type [CoordSys] from Part10-1
2025-09-14 22:10:00,546 INFO  ExportHelperExtension.cs: 1136 - Found 23 in Part10-1
2025-09-14 22:10:00,546 INFO  ExportHelperExtension.cs: 1145 - Found 0 features of type [CoordSys] in Part10-1
2025-09-14 22:10:00,546 INFO  ExportHelperExtension.cs: 1125 - Retrieving features of type [CoordSys] from link-4
2025-09-14 22:10:00,546 INFO  ExportHelperExtension.cs: 1136 - Found 33 in link-4
2025-09-14 22:10:00,546 INFO  ExportHelperExtension.cs: 1145 - Found 0 features of type [CoordSys] in link-4
2025-09-14 22:10:00,555 INFO  ExportHelperExtension.cs: 1125 - Retrieving features of type [CoordSys] from 6000rulman-6
2025-09-14 22:10:00,555 INFO  ExportHelperExtension.cs: 1136 - Found 38 in 6000rulman-6
2025-09-14 22:10:00,555 INFO  ExportHelperExtension.cs: 1145 - Found 0 features of type [CoordSys] in 6000rulman-6
2025-09-14 22:10:00,555 INFO  ExportHelperExtension.cs: 1125 - Retrieving features of type [CoordSys] from 6000rulman-5
2025-09-14 22:10:00,555 INFO  ExportHelperExtension.cs: 1136 - Found 38 in 6000rulman-5
2025-09-14 22:10:00,555 INFO  ExportHelperExtension.cs: 1145 - Found 0 features of type [CoordSys] in 6000rulman-5
2025-09-14 22:10:00,555 INFO  ExportHelperExtension.cs: 1125 - Retrieving features of type [CoordSys] from Part11-3
2025-09-14 22:10:00,555 INFO  ExportHelperExtension.cs: 1136 - Found 25 in Part11-3
2025-09-14 22:10:00,555 INFO  ExportHelperExtension.cs: 1145 - Found 0 features of type [CoordSys] in Part11-3
2025-09-14 22:10:00,555 INFO  ExportHelperExtension.cs: 1125 - Retrieving features of type [CoordSys] from 6000rulman-7
2025-09-14 22:10:00,555 INFO  ExportHelperExtension.cs: 1136 - Found 38 in 6000rulman-7
2025-09-14 22:10:00,555 INFO  ExportHelperExtension.cs: 1145 - Found 0 features of type [CoordSys] in 6000rulman-7
2025-09-14 22:10:00,555 INFO  ExportHelperExtension.cs: 1125 - Retrieving features of type [CoordSys] from link-5
2025-09-14 22:10:00,555 INFO  ExportHelperExtension.cs: 1136 - Found 33 in link-5
2025-09-14 22:10:00,555 INFO  ExportHelperExtension.cs: 1145 - Found 0 features of type [CoordSys] in link-5
2025-09-14 22:10:00,555 INFO  ExportHelperExtension.cs: 1125 - Retrieving features of type [CoordSys] from Part11-2
2025-09-14 22:10:00,555 INFO  ExportHelperExtension.cs: 1136 - Found 25 in Part11-2
2025-09-14 22:10:00,555 INFO  ExportHelperExtension.cs: 1145 - Found 0 features of type [CoordSys] in Part11-2
2025-09-14 22:10:00,555 INFO  ExportHelperExtension.cs: 1125 - Retrieving features of type [CoordSys] from Nema24 24CS22C-400.step-5
2025-09-14 22:10:00,555 INFO  ExportHelperExtension.cs: 1136 - Found 36 in Nema24 24CS22C-400.step-5
2025-09-14 22:10:00,555 INFO  ExportHelperExtension.cs: 1145 - Found 0 features of type [CoordSys] in Nema24 24CS22C-400.step-5
2025-09-14 22:10:00,562 INFO  ExportHelperExtension.cs: 1125 - Retrieving features of type [RefAxis] from Main
2025-09-14 22:10:00,562 INFO  ExportHelperExtension.cs: 1136 - Found 95 in Main
2025-09-14 22:10:00,562 INFO  ExportHelperExtension.cs: 1145 - Found 0 features of type [RefAxis] in Main
2025-09-14 22:10:00,562 INFO  ExportHelperExtension.cs: 1148 - Proceeding through assembly components
2025-09-14 22:10:00,562 INFO  ExportHelperExtension.cs: 1160 - 19 components to check
2025-09-14 22:10:00,562 INFO  ExportHelperExtension.cs: 1125 - Retrieving features of type [RefAxis] from base_plate-1
2025-09-14 22:10:00,562 INFO  ExportHelperExtension.cs: 1136 - Found 30 in base_plate-1
2025-09-14 22:10:00,562 INFO  ExportHelperExtension.cs: 1145 - Found 0 features of type [RefAxis] in base_plate-1
2025-09-14 22:10:00,565 INFO  ExportHelperExtension.cs: 1125 - Retrieving features of type [RefAxis] from link-1
2025-09-14 22:10:00,565 INFO  ExportHelperExtension.cs: 1136 - Found 33 in link-1
2025-09-14 22:10:00,565 INFO  ExportHelperExtension.cs: 1145 - Found 0 features of type [RefAxis] in link-1
2025-09-14 22:10:00,565 INFO  ExportHelperExtension.cs: 1125 - Retrieving features of type [RefAxis] from Nema24 24CS22C-400.step-2
2025-09-14 22:10:00,565 INFO  ExportHelperExtension.cs: 1136 - Found 36 in Nema24 24CS22C-400.step-2
2025-09-14 22:10:00,565 INFO  ExportHelperExtension.cs: 1145 - Found 0 features of type [RefAxis] in Nema24 24CS22C-400.step-2
2025-09-14 22:10:00,565 INFO  ExportHelperExtension.cs: 1125 - Retrieving features of type [RefAxis] from Part8-2
2025-09-14 22:10:00,565 INFO  ExportHelperExtension.cs: 1136 - Found 25 in Part8-2
2025-09-14 22:10:00,565 INFO  ExportHelperExtension.cs: 1145 - Found 0 features of type [RefAxis] in Part8-2
2025-09-14 22:10:00,565 INFO  ExportHelperExtension.cs: 1125 - Retrieving features of type [RefAxis] from 6000rulman-4
2025-09-14 22:10:00,565 INFO  ExportHelperExtension.cs: 1136 - Found 38 in 6000rulman-4
2025-09-14 22:10:00,565 INFO  ExportHelperExtension.cs: 1145 - Found 0 features of type [RefAxis] in 6000rulman-4
2025-09-14 22:10:00,565 INFO  ExportHelperExtension.cs: 1125 - Retrieving features of type [RefAxis] from link-3
2025-09-14 22:10:00,565 INFO  ExportHelperExtension.cs: 1136 - Found 33 in link-3
2025-09-14 22:10:00,565 INFO  ExportHelperExtension.cs: 1145 - Found 0 features of type [RefAxis] in link-3
2025-09-14 22:10:00,565 INFO  ExportHelperExtension.cs: 1125 - Retrieving features of type [RefAxis] from 6000rulman-2
2025-09-14 22:10:00,565 INFO  ExportHelperExtension.cs: 1136 - Found 38 in 6000rulman-2
2025-09-14 22:10:00,565 INFO  ExportHelperExtension.cs: 1145 - Found 0 features of type [RefAxis] in 6000rulman-2
2025-09-14 22:10:00,565 INFO  ExportHelperExtension.cs: 1125 - Retrieving features of type [RefAxis] from 6000rulman-3
2025-09-14 22:10:00,565 INFO  ExportHelperExtension.cs: 1136 - Found 38 in 6000rulman-3
2025-09-14 22:10:00,565 INFO  ExportHelperExtension.cs: 1145 - Found 0 features of type [RefAxis] in 6000rulman-3
2025-09-14 22:10:00,565 INFO  ExportHelperExtension.cs: 1125 - Retrieving features of type [RefAxis] from Part11-1
2025-09-14 22:10:00,565 INFO  ExportHelperExtension.cs: 1136 - Found 25 in Part11-1
2025-09-14 22:10:00,565 INFO  ExportHelperExtension.cs: 1145 - Found 0 features of type [RefAxis] in Part11-1
2025-09-14 22:10:00,565 INFO  ExportHelperExtension.cs: 1125 - Retrieving features of type [RefAxis] from Part8-1
2025-09-14 22:10:00,565 INFO  ExportHelperExtension.cs: 1136 - Found 25 in Part8-1
2025-09-14 22:10:00,565 INFO  ExportHelperExtension.cs: 1145 - Found 0 features of type [RefAxis] in Part8-1
2025-09-14 22:10:00,565 INFO  ExportHelperExtension.cs: 1125 - Retrieving features of type [RefAxis] from Part10-1
2025-09-14 22:10:00,565 INFO  ExportHelperExtension.cs: 1136 - Found 23 in Part10-1
2025-09-14 22:10:00,565 INFO  ExportHelperExtension.cs: 1145 - Found 0 features of type [RefAxis] in Part10-1
2025-09-14 22:10:00,575 INFO  ExportHelperExtension.cs: 1125 - Retrieving features of type [RefAxis] from link-4
2025-09-14 22:10:00,575 INFO  ExportHelperExtension.cs: 1136 - Found 33 in link-4
2025-09-14 22:10:00,575 INFO  ExportHelperExtension.cs: 1145 - Found 0 features of type [RefAxis] in link-4
2025-09-14 22:10:00,575 INFO  ExportHelperExtension.cs: 1125 - Retrieving features of type [RefAxis] from 6000rulman-6
2025-09-14 22:10:00,575 INFO  ExportHelperExtension.cs: 1136 - Found 38 in 6000rulman-6
2025-09-14 22:10:00,575 INFO  ExportHelperExtension.cs: 1145 - Found 0 features of type [RefAxis] in 6000rulman-6
2025-09-14 22:10:00,575 INFO  ExportHelperExtension.cs: 1125 - Retrieving features of type [RefAxis] from 6000rulman-5
2025-09-14 22:10:00,575 INFO  ExportHelperExtension.cs: 1136 - Found 38 in 6000rulman-5
2025-09-14 22:10:00,575 INFO  ExportHelperExtension.cs: 1145 - Found 0 features of type [RefAxis] in 6000rulman-5
2025-09-14 22:10:00,578 INFO  ExportHelperExtension.cs: 1125 - Retrieving features of type [RefAxis] from Part11-3
2025-09-14 22:10:00,578 INFO  ExportHelperExtension.cs: 1136 - Found 25 in Part11-3
2025-09-14 22:10:00,578 INFO  ExportHelperExtension.cs: 1145 - Found 0 features of type [RefAxis] in Part11-3
2025-09-14 22:10:00,578 INFO  ExportHelperExtension.cs: 1125 - Retrieving features of type [RefAxis] from 6000rulman-7
2025-09-14 22:10:00,593 INFO  ExportHelperExtension.cs: 1136 - Found 38 in 6000rulman-7
2025-09-14 22:10:00,593 INFO  ExportHelperExtension.cs: 1145 - Found 0 features of type [RefAxis] in 6000rulman-7
2025-09-14 22:10:00,593 INFO  ExportHelperExtension.cs: 1125 - Retrieving features of type [RefAxis] from link-5
2025-09-14 22:10:00,595 INFO  ExportHelperExtension.cs: 1136 - Found 33 in link-5
2025-09-14 22:10:00,595 INFO  ExportHelperExtension.cs: 1145 - Found 0 features of type [RefAxis] in link-5
2025-09-14 22:10:00,595 INFO  ExportHelperExtension.cs: 1125 - Retrieving features of type [RefAxis] from Part11-2
2025-09-14 22:10:00,595 INFO  ExportHelperExtension.cs: 1136 - Found 25 in Part11-2
2025-09-14 22:10:00,595 INFO  ExportHelperExtension.cs: 1145 - Found 0 features of type [RefAxis] in Part11-2
2025-09-14 22:10:00,595 INFO  ExportHelperExtension.cs: 1125 - Retrieving features of type [RefAxis] from Nema24 24CS22C-400.step-5
2025-09-14 22:10:00,595 INFO  ExportHelperExtension.cs: 1136 - Found 36 in Nema24 24CS22C-400.step-5
2025-09-14 22:10:00,595 INFO  ExportHelperExtension.cs: 1145 - Found 0 features of type [RefAxis] in Nema24 24CS22C-400.step-5
2025-09-14 22:10:00,668 INFO  ExportPropertyManager.cs: 1142 - AfterClose called. This method no longer throws an Exception. It just silently does nothing. Ok, except for this logging message
2025-09-14 22:10:46,860 INFO  AssemblyExportForm.cs: 253 - Completing URDF export
2025-09-14 22:10:46,866 INFO  ConfigurationSerialization.cs: 276 - URDF Configuration found
<Link z:Id="i1" xmlns="http://schemas.datacontract.org/2004/07/SW2URDF" xmlns:i="http://www.w3.org/2001/XMLSchema-instance" xmlns:z="http://schemas.microsoft.com/2003/10/Serialization/"><Attributes><Attribute z:Id="i2"><AttributeType>name</AttributeType><IsRequired>true</IsRequired><Value i:type="a:string" xmlns:a="http://www.w3.org/2001/XMLSchema">base_link</Value></Attribute></Attributes><ChildElements><URDFElement z:Id="i3" i:type="Inertial"><Attributes/><ChildElements><URDFElement z:Id="i4" i:type="Origin"><Attributes><Attribute z:Id="i5"><AttributeType>xyz</AttributeType><IsRequired>true</IsRequired><Value i:type="a:ArrayOfdouble" xmlns:a="http://schemas.microsoft.com/2003/10/Serialization/Arrays"><a:double>0</a:double><a:double>0</a:double><a:double>0</a:double></Value></Attribute><Attribute z:Id="i6"><AttributeType>rpy</AttributeType><IsRequired>true</IsRequired><Value i:type="a:ArrayOfdouble" xmlns:a="http://schemas.microsoft.com/2003/10/Serialization/Arrays"><a:double>0</a:double><a:double>0</a:double><a:double>0</a:double></Value></Attribute></Attributes><ChildElements/><ElementName>origin</ElementName><required>false</required><RPYAttribute z:Ref="i6"/><XYZAttribute z:Ref="i5"/><isCustomized>false</isCustomized></URDFElement><URDFElement z:Id="i7" i:type="Mass"><Attributes><Attribute z:Id="i8"><AttributeType>value</AttributeType><IsRequired>true</IsRequired><Value i:type="a:double" xmlns:a="http://www.w3.org/2001/XMLSchema">0</Value></Attribute></Attributes><ChildElements/><ElementName>mass</ElementName><required>false</required><ValueAttribute z:Ref="i8"/></URDFElement><URDFElement z:Id="i9" i:type="Inertia"><Attributes><Attribute z:Id="i10"><AttributeType>ixx</AttributeType><IsRequired>true</IsRequired><Value i:type="a:double" xmlns:a="http://www.w3.org/2001/XMLSchema">0</Value></Attribute><Attribute z:Id="i11"><AttributeType>ixy</AttributeType><IsRequired>true</IsRequired><Value i:type="a:double" xmlns:a="http://www.w3.org/2001/XMLSchema">0</Value></Attribute><Attribute z:Id="i12"><AttributeType>ixz</AttributeType><IsRequired>true</IsRequired><Value i:type="a:double" xmlns:a="http://www.w3.org/2001/XMLSchema">0</Value></Attribute><Attribute z:Id="i13"><AttributeType>iyy</AttributeType><IsRequired>true</IsRequired><Value i:type="a:double" xmlns:a="http://www.w3.org/2001/XMLSchema">0</Value></Attribute><Attribute z:Id="i14"><AttributeType>iyz</AttributeType><IsRequired>true</IsRequired><Value i:type="a:double" xmlns:a="http://www.w3.org/2001/XMLSchema">0</Value></Attribute><Attribute z:Id="i15"><AttributeType>izz</AttributeType><IsRequired>true</IsRequired><Value i:type="a:double" xmlns:a="http://www.w3.org/2001/XMLSchema">0</Value></Attribute></Attributes><ChildElements/><ElementName>inertia</ElementName><required>false</required><IxxAttribute z:Ref="i10"/><IxyAttribute z:Ref="i11"/><IxzAttribute z:Ref="i12"/><IyyAttribute z:Ref="i13"/><IyzAttribute z:Ref="i14"/><IzzAttribute z:Ref="i15"/></URDFElement></ChildElements><ElementName>inertial</ElementName><required>false</required><Inertia z:Ref="i9"/><Mass z:Ref="i7"/><Origin z:Ref="i4"/></URDFElement><URDFElement z:Id="i16" i:type="Visual"><Attributes/><ChildElements><URDFElement z:Id="i17" i:type="Origin"><Attributes><Attribute z:Id="i18"><AttributeType>xyz</AttributeType><IsRequired>true</IsRequired><Value i:type="a:ArrayOfdouble" xmlns:a="http://schemas.microsoft.com/2003/10/Serialization/Arrays"><a:double>0</a:double><a:double>0</a:double><a:double>0</a:double></Value></Attribute><Attribute z:Id="i19"><AttributeType>rpy</AttributeType><IsRequired>true</IsRequired><Value i:type="a:ArrayOfdouble" xmlns:a="http://schemas.microsoft.com/2003/10/Serialization/Arrays"><a:double>0</a:double><a:double>0</a:double><a:double>0</a:double></Value></Attribute></Attributes><ChildElements/><ElementName>origin</ElementName><required>false</required><RPYAttribute z:Ref="i19"/><XYZAttribute z:Ref="i18"/><isCustomized>false</isCustomized></URDFElement><URDFElement z:Id="i20" i:type="Geometry"><Attributes/><ChildElements><URDFElement z:Id="i21" i:type="Mesh"><Attributes><Attribute z:Id="i22"><AttributeType>filename</AttributeType><IsRequired>true</IsRequired><Value i:nil="true"/></Attribute></Attributes><ChildElements/><ElementName>mesh</ElementName><required>false</required><FilenameAttribute z:Ref="i22"/></URDFElement></ChildElements><ElementName>geometry</ElementName><required>true</required><Mesh z:Ref="i21"/></URDFElement><URDFElement z:Id="i23" i:type="Material"><Attributes><Attribute z:Id="i24"><AttributeType>name</AttributeType><IsRequired>true</IsRequired><Value i:type="a:string" xmlns:a="http://www.w3.org/2001/XMLSchema"/></Attribute></Attributes><ChildElements><URDFElement z:Id="i25" i:type="Color"><Attributes><Attribute z:Id="i26"><AttributeType>rgba</AttributeType><IsRequired>true</IsRequired><Value i:type="a:ArrayOfdouble" xmlns:a="http://schemas.microsoft.com/2003/10/Serialization/Arrays"><a:double>1</a:double><a:double>1</a:double><a:double>1</a:double><a:double>1</a:double></Value></Attribute></Attributes><ChildElements/><ElementName>color</ElementName><required>false</required><RGBAAttribute z:Ref="i26"/></URDFElement><URDFElement z:Id="i27" i:type="Texture"><Attributes><Attribute z:Id="i28"><AttributeType>filename</AttributeType><IsRequired>true</IsRequired><Value i:nil="true"/></Attribute></Attributes><ChildElements/><ElementName>texture</ElementName><required>false</required><FilenameAttribute z:Ref="i28"/><wFilename/></URDFElement></ChildElements><ElementName>material</ElementName><required>false</required><Color z:Ref="i25"/><NameAttribute z:Ref="i24"/><Texture z:Ref="i27"/></URDFElement></ChildElements><ElementName>visual</ElementName><required>false</required><Geometry z:Ref="i20"/><Material z:Ref="i23"/><Origin z:Ref="i17"/></URDFElement><URDFElement z:Id="i29" i:type="Collision"><Attributes/><ChildElements><URDFElement z:Id="i30" i:type="Origin"><Attributes><Attribute z:Id="i31"><AttributeType>xyz</AttributeType><IsRequired>true</IsRequired><Value i:type="a:ArrayOfdouble" xmlns:a="http://schemas.microsoft.com/2003/10/Serialization/Arrays"><a:double>0</a:double><a:double>0</a:double><a:double>0</a:double></Value></Attribute><Attribute z:Id="i32"><AttributeType>rpy</AttributeType><IsRequired>true</IsRequired><Value i:type="a:ArrayOfdouble" xmlns:a="http://schemas.microsoft.com/2003/10/Serialization/Arrays"><a:double>0</a:double><a:double>0</a:double><a:double>0</a:double></Value></Attribute></Attributes><ChildElements/><ElementName>origin</ElementName><required>false</required><RPYAttribute z:Ref="i32"/><XYZAttribute z:Ref="i31"/><isCustomized>false</isCustomized></URDFElement><URDFElement z:Id="i33" i:type="Geometry"><Attributes/><ChildElements><URDFElement z:Id="i34" i:type="Mesh"><Attributes><Attribute z:Id="i35"><AttributeType>filename</AttributeType><IsRequired>true</IsRequired><Value i:nil="true"/></Attribute></Attributes><ChildElements/><ElementName>mesh</ElementName><required>false</required><FilenameAttribute z:Ref="i35"/></URDFElement></ChildElements><ElementName>geometry</ElementName><required>true</required><Mesh z:Ref="i34"/></URDFElement></ChildElements><ElementName>collision</ElementName><required>false</required><Geometry z:Ref="i33"/><Origin z:Ref="i30"/></URDFElement><URDFElement z:Id="i36" i:type="Joint"><Attributes><Attribute z:Id="i37"><AttributeType>name</AttributeType><IsRequired>true</IsRequired><Value i:type="a:string" xmlns:a="http://www.w3.org/2001/XMLSchema"/></Attribute><Attribute z:Id="i38"><AttributeType>type</AttributeType><IsRequired>true</IsRequired><Value i:type="a:string" xmlns:a="http://www.w3.org/2001/XMLSchema"/></Attribute></Attributes><ChildElements><URDFElement z:Id="i39" i:type="Origin"><Attributes><Attribute z:Id="i40"><AttributeType>xyz</AttributeType><IsRequired>true</IsRequired><Value i:type="a:ArrayOfdouble" xmlns:a="http://schemas.microsoft.com/2003/10/Serialization/Arrays"><a:double>0</a:double><a:double>0</a:double><a:double>0</a:double></Value></Attribute><Attribute z:Id="i41"><AttributeType>rpy</AttributeType><IsRequired>true</IsRequired><Value i:type="a:ArrayOfdouble" xmlns:a="http://schemas.microsoft.com/2003/10/Serialization/Arrays"><a:double>0</a:double><a:double>0</a:double><a:double>0</a:double></Value></Attribute></Attributes><ChildElements/><ElementName>origin</ElementName><required>false</required><RPYAttribute z:Ref="i41"/><XYZAttribute z:Ref="i40"/><isCustomized>false</isCustomized></URDFElement><URDFElement z:Id="i42" i:type="ParentLink"><Attributes><Attribute z:Id="i43"><AttributeType>link</AttributeType><IsRequired>true</IsRequired><Value i:type="a:string" xmlns:a="http://www.w3.org/2001/XMLSchema"/></Attribute></Attributes><ChildElements/><ElementName>parent</ElementName><required>true</required><NameAttribute z:Ref="i43"/></URDFElement><URDFElement z:Id="i44" i:type="ChildLink"><Attributes><Attribute z:Id="i45"><AttributeType>link</AttributeType><IsRequired>true</IsRequired><Value i:type="a:string" xmlns:a="http://www.w3.org/2001/XMLSchema"/></Attribute></Attributes><ChildElements/><ElementName>child</ElementName><required>true</required><NameAttribute z:Ref="i45"/></URDFElement><URDFElement z:Id="i46" i:type="Axis"><Attributes><Attribute z:Id="i47"><AttributeType>xyz</AttributeType><IsRequired>true</IsRequired><Value i:type="a:ArrayOfdouble" xmlns:a="http://schemas.microsoft.com/2003/10/Serialization/Arrays"><a:double>0</a:double><a:double>0</a:double><a:double>0</a:double></Value></Attribute></Attributes><ChildElements/><ElementName>axis</ElementName><required>false</required><XYZAttribute z:Ref="i47"/></URDFElement><URDFElement z:Id="i48" i:type="Limit"><Attributes><Attribute z:Id="i49"><AttributeType>lower</AttributeType><IsRequired>false</IsRequired><Value i:nil="true"/></Attribute><Attribute z:Id="i50"><AttributeType>upper</AttributeType><IsRequired>false</IsRequired><Value i:nil="true"/></Attribute><Attribute z:Id="i51"><AttributeType>effort</AttributeType><IsRequired>true</IsRequired><Value i:nil="true"/></Attribute><Attribute z:Id="i52"><AttributeType>velocity</AttributeType><IsRequired>true</IsRequired><Value i:nil="true"/></Attribute></Attributes><ChildElements/><ElementName>limit</ElementName><required>false</required><EffortAttribute z:Ref="i51"/><LowerAttribute z:Ref="i49"/><UpperAttribute z:Ref="i50"/><VelocityAttribute z:Ref="i52"/></URDFElement><URDFElement z:Id="i53" i:type="Calibration"><Attributes><Attribute z:Id="i54"><AttributeType>rising</AttributeType><IsRequired>false</IsRequired><Value i:nil="true"/></Attribute><Attribute z:Id="i55"><AttributeType>falling</AttributeType><IsRequired>false</IsRequired><Value i:nil="true"/></Attribute></Attributes><ChildElements/><ElementName>calibration</ElementName><required>false</required><FallingAttribute z:Ref="i55"/><RisingAttribute z:Ref="i54"/></URDFElement><URDFElement z:Id="i56" i:type="Dynamics"><Attributes><Attribute z:Id="i57"><AttributeType>damping</AttributeType><IsRequired>false</IsRequired><Value i:nil="true"/></Attribute><Attribute z:Id="i58"><AttributeType>friction</AttributeType><IsRequired>false</IsRequired><Value i:nil="true"/></Attribute></Attributes><ChildElements/><ElementName>dynamics</ElementName><required>false</required><DampingAttribute z:Ref="i57"/><FrictionAttribute z:Ref="i58"/></URDFElement><URDFElement z:Id="i59" i:type="SafetyController"><Attributes><Attribute z:Id="i60"><AttributeType>soft_upper_limit</AttributeType><IsRequired>false</IsRequired><Value i:nil="true"/></Attribute><Attribute z:Id="i61"><AttributeType>soft_lower_limit</AttributeType><IsRequired>false</IsRequired><Value i:nil="true"/></Attribute><Attribute z:Id="i62"><AttributeType>k_position</AttributeType><IsRequired>false</IsRequired><Value i:nil="true"/></Attribute><Attribute z:Id="i63"><AttributeType>k_velocity</AttributeType><IsRequired>true</IsRequired><Value i:nil="true"/></Attribute></Attributes><ChildElements/><ElementName>safety_controller</ElementName><required>false</required><KPositionAttribute z:Ref="i62"/><KVelocityAttribute z:Ref="i63"/><SoftLowerAttribute z:Ref="i61"/><SoftUpperAttribute z:Ref="i60"/></URDFElement><URDFElement z:Id="i64" i:type="Mimic"><Attributes><Attribute z:Id="i65"><AttributeType>joint</AttributeType><IsRequired>true</IsRequired><Value i:nil="true"/></Attribute><Attribute z:Id="i66"><AttributeType>multiplier</AttributeType><IsRequired>false</IsRequired><Value i:nil="true"/></Attribute><Attribute z:Id="i67"><AttributeType>offset</AttributeType><IsRequired>false</IsRequired><Value i:nil="true"/></Attribute></Attributes><ChildElements/><ElementName>mimic</ElementName><required>false</required><JointNameAttribute z:Ref="i65"/><MultiplierAttribute z:Ref="i66"/><OffsetAttribute z:Ref="i67"/></URDFElement></ChildElements><ElementName>joint</ElementName><required>false</required><Axis z:Ref="i46"/><AxisName/><Calibration z:Ref="i53"/><Child z:Ref="i44"/><CoordinateSystemName>Automatically Generate</CoordinateSystemName><Dynamics z:Ref="i56"/><Limit z:Ref="i48"/><Mimic z:Ref="i64"/><NameAttribute z:Ref="i37"/><Origin z:Ref="i39"/><Parent z:Ref="i42"/><Safety z:Ref="i59"/><TypeAttribute z:Ref="i38"/></URDFElement></ChildElements><ElementName>link</ElementName><required>true</required><Children><Link z:Id="i68"><Attributes><Attribute z:Id="i69"><AttributeType>name</AttributeType><IsRequired>true</IsRequired><Value i:type="a:string" xmlns:a="http://www.w3.org/2001/XMLSchema">L1</Value></Attribute></Attributes><ChildElements><URDFElement z:Id="i70" i:type="Inertial"><Attributes/><ChildElements><URDFElement z:Id="i71" i:type="Origin"><Attributes><Attribute z:Id="i72"><AttributeType>xyz</AttributeType><IsRequired>true</IsRequired><Value i:type="a:ArrayOfdouble" xmlns:a="http://schemas.microsoft.com/2003/10/Serialization/Arrays"><a:double>0</a:double><a:double>0</a:double><a:double>0</a:double></Value></Attribute><Attribute z:Id="i73"><AttributeType>rpy</AttributeType><IsRequired>true</IsRequired><Value i:type="a:ArrayOfdouble" xmlns:a="http://schemas.microsoft.com/2003/10/Serialization/Arrays"><a:double>0</a:double><a:double>0</a:double><a:double>0</a:double></Value></Attribute></Attributes><ChildElements/><ElementName>origin</ElementName><required>false</required><RPYAttribute z:Ref="i73"/><XYZAttribute z:Ref="i72"/><isCustomized>false</isCustomized></URDFElement><URDFElement z:Id="i74" i:type="Mass"><Attributes><Attribute z:Id="i75"><AttributeType>value</AttributeType><IsRequired>true</IsRequired><Value i:type="a:double" xmlns:a="http://www.w3.org/2001/XMLSchema">0</Value></Attribute></Attributes><ChildElements/><ElementName>mass</ElementName><required>false</required><ValueAttribute z:Ref="i75"/></URDFElement><URDFElement z:Id="i76" i:type="Inertia"><Attributes><Attribute z:Id="i77"><AttributeType>ixx</AttributeType><IsRequired>true</IsRequired><Value i:type="a:double" xmlns:a="http://www.w3.org/2001/XMLSchema">0</Value></Attribute><Attribute z:Id="i78"><AttributeType>ixy</AttributeType><IsRequired>true</IsRequired><Value i:type="a:double" xmlns:a="http://www.w3.org/2001/XMLSchema">0</Value></Attribute><Attribute z:Id="i79"><AttributeType>ixz</AttributeType><IsRequired>true</IsRequired><Value i:type="a:double" xmlns:a="http://www.w3.org/2001/XMLSchema">0</Value></Attribute><Attribute z:Id="i80"><AttributeType>iyy</AttributeType><IsRequired>true</IsRequired><Value i:type="a:double" xmlns:a="http://www.w3.org/2001/XMLSchema">0</Value></Attribute><Attribute z:Id="i81"><AttributeType>iyz</AttributeType><IsRequired>true</IsRequired><Value i:type="a:double" xmlns:a="http://www.w3.org/2001/XMLSchema">0</Value></Attribute><Attribute z:Id="i82"><AttributeType>izz</AttributeType><IsRequired>true</IsRequired><Value i:type="a:double" xmlns:a="http://www.w3.org/2001/XMLSchema">0</Value></Attribute></Attributes><ChildElements/><ElementName>inertia</ElementName><required>false</required><IxxAttribute z:Ref="i77"/><IxyAttribute z:Ref="i78"/><IxzAttribute z:Ref="i79"/><IyyAttribute z:Ref="i80"/><IyzAttribute z:Ref="i81"/><IzzAttribute z:Ref="i82"/></URDFElement></ChildElements><ElementName>inertial</ElementName><required>false</required><Inertia z:Ref="i76"/><Mass z:Ref="i74"/><Origin z:Ref="i71"/></URDFElement><URDFElement z:Id="i83" i:type="Visual"><Attributes/><ChildElements><URDFElement z:Id="i84" i:type="Origin"><Attributes><Attribute z:Id="i85"><AttributeType>xyz</AttributeType><IsRequired>true</IsRequired><Value i:type="a:ArrayOfdouble" xmlns:a="http://schemas.microsoft.com/2003/10/Serialization/Arrays"><a:double>0</a:double><a:double>0</a:double><a:double>0</a:double></Value></Attribute><Attribute z:Id="i86"><AttributeType>rpy</AttributeType><IsRequired>true</IsRequired><Value i:type="a:ArrayOfdouble" xmlns:a="http://schemas.microsoft.com/2003/10/Serialization/Arrays"><a:double>0</a:double><a:double>0</a:double><a:double>0</a:double></Value></Attribute></Attributes><ChildElements/><ElementName>origin</ElementName><required>false</required><RPYAttribute z:Ref="i86"/><XYZAttribute z:Ref="i85"/><isCustomized>false</isCustomized></URDFElement><URDFElement z:Id="i87" i:type="Geometry"><Attributes/><ChildElements><URDFElement z:Id="i88" i:type="Mesh"><Attributes><Attribute z:Id="i89"><AttributeType>filename</AttributeType><IsRequired>true</IsRequired><Value i:nil="true"/></Attribute></Attributes><ChildElements/><ElementName>mesh</ElementName><required>false</required><FilenameAttribute z:Ref="i89"/></URDFElement></ChildElements><ElementName>geometry</ElementName><required>true</required><Mesh z:Ref="i88"/></URDFElement><URDFElement z:Id="i90" i:type="Material"><Attributes><Attribute z:Id="i91"><AttributeType>name</AttributeType><IsRequired>true</IsRequired><Value i:type="a:string" xmlns:a="http://www.w3.org/2001/XMLSchema"/></Attribute></Attributes><ChildElements><URDFElement z:Id="i92" i:type="Color"><Attributes><Attribute z:Id="i93"><AttributeType>rgba</AttributeType><IsRequired>true</IsRequired><Value i:type="a:ArrayOfdouble" xmlns:a="http://schemas.microsoft.com/2003/10/Serialization/Arrays"><a:double>1</a:double><a:double>1</a:double><a:double>1</a:double><a:double>1</a:double></Value></Attribute></Attributes><ChildElements/><ElementName>color</ElementName><required>false</required><RGBAAttribute z:Ref="i93"/></URDFElement><URDFElement z:Id="i94" i:type="Texture"><Attributes><Attribute z:Id="i95"><AttributeType>filename</AttributeType><IsRequired>true</IsRequired><Value i:nil="true"/></Attribute></Attributes><ChildElements/><ElementName>texture</ElementName><required>false</required><FilenameAttribute z:Ref="i95"/><wFilename/></URDFElement></ChildElements><ElementName>material</ElementName><required>false</required><Color z:Ref="i92"/><NameAttribute z:Ref="i91"/><Texture z:Ref="i94"/></URDFElement></ChildElements><ElementName>visual</ElementName><required>false</required><Geometry z:Ref="i87"/><Material z:Ref="i90"/><Origin z:Ref="i84"/></URDFElement><URDFElement z:Id="i96" i:type="Collision"><Attributes/><ChildElements><URDFElement z:Id="i97" i:type="Origin"><Attributes><Attribute z:Id="i98"><AttributeType>xyz</AttributeType><IsRequired>true</IsRequired><Value i:type="a:ArrayOfdouble" xmlns:a="http://schemas.microsoft.com/2003/10/Serialization/Arrays"><a:double>0</a:double><a:double>0</a:double><a:double>0</a:double></Value></Attribute><Attribute z:Id="i99"><AttributeType>rpy</AttributeType><IsRequired>true</IsRequired><Value i:type="a:ArrayOfdouble" xmlns:a="http://schemas.microsoft.com/2003/10/Serialization/Arrays"><a:double>0</a:double><a:double>0</a:double><a:double>0</a:double></Value></Attribute></Attributes><ChildElements/><ElementName>origin</ElementName><required>false</required><RPYAttribute z:Ref="i99"/><XYZAttribute z:Ref="i98"/><isCustomized>false</isCustomized></URDFElement><URDFElement z:Id="i100" i:type="Geometry"><Attributes/><ChildElements><URDFElement z:Id="i101" i:type="Mesh"><Attributes><Attribute z:Id="i102"><AttributeType>filename</AttributeType><IsRequired>true</IsRequired><Value i:nil="true"/></Attribute></Attributes><ChildElements/><ElementName>mesh</ElementName><required>false</required><FilenameAttribute z:Ref="i102"/></URDFElement></ChildElements><ElementName>geometry</ElementName><required>true</required><Mesh z:Ref="i101"/></URDFElement></ChildElements><ElementName>collision</ElementName><required>false</required><Geometry z:Ref="i100"/><Origin z:Ref="i97"/></URDFElement><URDFElement z:Id="i103" i:type="Joint"><Attributes><Attribute z:Id="i104"><AttributeType>name</AttributeType><IsRequired>true</IsRequired><Value i:type="a:string" xmlns:a="http://www.w3.org/2001/XMLSchema">L1</Value></Attribute><Attribute z:Id="i105"><AttributeType>type</AttributeType><IsRequired>true</IsRequired><Value i:type="a:string" xmlns:a="http://www.w3.org/2001/XMLSchema">Automatically Detect</Value></Attribute></Attributes><ChildElements><URDFElement z:Id="i106" i:type="Origin"><Attributes><Attribute z:Id="i107"><AttributeType>xyz</AttributeType><IsRequired>true</IsRequired><Value i:type="a:ArrayOfdouble" xmlns:a="http://schemas.microsoft.com/2003/10/Serialization/Arrays"><a:double>0</a:double><a:double>0</a:double><a:double>0</a:double></Value></Attribute><Attribute z:Id="i108"><AttributeType>rpy</AttributeType><IsRequired>true</IsRequired><Value i:type="a:ArrayOfdouble" xmlns:a="http://schemas.microsoft.com/2003/10/Serialization/Arrays"><a:double>0</a:double><a:double>0</a:double><a:double>0</a:double></Value></Attribute></Attributes><ChildElements/><ElementName>origin</ElementName><required>false</required><RPYAttribute z:Ref="i108"/><XYZAttribute z:Ref="i107"/><isCustomized>false</isCustomized></URDFElement><URDFElement z:Id="i109" i:type="ParentLink"><Attributes><Attribute z:Id="i110"><AttributeType>link</AttributeType><IsRequired>true</IsRequired><Value i:type="a:string" xmlns:a="http://www.w3.org/2001/XMLSchema"/></Attribute></Attributes><ChildElements/><ElementName>parent</ElementName><required>true</required><NameAttribute z:Ref="i110"/></URDFElement><URDFElement z:Id="i111" i:type="ChildLink"><Attributes><Attribute z:Id="i112"><AttributeType>link</AttributeType><IsRequired>true</IsRequired><Value i:type="a:string" xmlns:a="http://www.w3.org/2001/XMLSchema"/></Attribute></Attributes><ChildElements/><ElementName>child</ElementName><required>true</required><NameAttribute z:Ref="i112"/></URDFElement><URDFElement z:Id="i113" i:type="Axis"><Attributes><Attribute z:Id="i114"><AttributeType>xyz</AttributeType><IsRequired>true</IsRequired><Value i:type="a:ArrayOfdouble" xmlns:a="http://schemas.microsoft.com/2003/10/Serialization/Arrays"><a:double>0</a:double><a:double>0</a:double><a:double>0</a:double></Value></Attribute></Attributes><ChildElements/><ElementName>axis</ElementName><required>false</required><XYZAttribute z:Ref="i114"/></URDFElement><URDFElement z:Id="i115" i:type="Limit"><Attributes><Attribute z:Id="i116"><AttributeType>lower</AttributeType><IsRequired>false</IsRequired><Value i:nil="true"/></Attribute><Attribute z:Id="i117"><AttributeType>upper</AttributeType><IsRequired>false</IsRequired><Value i:nil="true"/></Attribute><Attribute z:Id="i118"><AttributeType>effort</AttributeType><IsRequired>true</IsRequired><Value i:nil="true"/></Attribute><Attribute z:Id="i119"><AttributeType>velocity</AttributeType><IsRequired>true</IsRequired><Value i:nil="true"/></Attribute></Attributes><ChildElements/><ElementName>limit</ElementName><required>false</required><EffortAttribute z:Ref="i118"/><LowerAttribute z:Ref="i116"/><UpperAttribute z:Ref="i117"/><VelocityAttribute z:Ref="i119"/></URDFElement><URDFElement z:Id="i120" i:type="Calibration"><Attributes><Attribute z:Id="i121"><AttributeType>rising</AttributeType><IsRequired>false</IsRequired><Value i:nil="true"/></Attribute><Attribute z:Id="i122"><AttributeType>falling</AttributeType><IsRequired>false</IsRequired><Value i:nil="true"/></Attribute></Attributes><ChildElements/><ElementName>calibration</ElementName><required>false</required><FallingAttribute z:Ref="i122"/><RisingAttribute z:Ref="i121"/></URDFElement><URDFElement z:Id="i123" i:type="Dynamics"><Attributes><Attribute z:Id="i124"><AttributeType>damping</AttributeType><IsRequired>false</IsRequired><Value i:nil="true"/></Attribute><Attribute z:Id="i125"><AttributeType>friction</AttributeType><IsRequired>false</IsRequired><Value i:nil="true"/></Attribute></Attributes><ChildElements/><ElementName>dynamics</ElementName><required>false</required><DampingAttribute z:Ref="i124"/><FrictionAttribute z:Ref="i125"/></URDFElement><URDFElement z:Id="i126" i:type="SafetyController"><Attributes><Attribute z:Id="i127"><AttributeType>soft_upper_limit</AttributeType><IsRequired>false</IsRequired><Value i:nil="true"/></Attribute><Attribute z:Id="i128"><AttributeType>soft_lower_limit</AttributeType><IsRequired>false</IsRequired><Value i:nil="true"/></Attribute><Attribute z:Id="i129"><AttributeType>k_position</AttributeType><IsRequired>false</IsRequired><Value i:nil="true"/></Attribute><Attribute z:Id="i130"><AttributeType>k_velocity</AttributeType><IsRequired>true</IsRequired><Value i:nil="true"/></Attribute></Attributes><ChildElements/><ElementName>safety_controller</ElementName><required>false</required><KPositionAttribute z:Ref="i129"/><KVelocityAttribute z:Ref="i130"/><SoftLowerAttribute z:Ref="i128"/><SoftUpperAttribute z:Ref="i127"/></URDFElement><URDFElement z:Id="i131" i:type="Mimic"><Attributes><Attribute z:Id="i132"><AttributeType>joint</AttributeType><IsRequired>true</IsRequired><Value i:nil="true"/></Attribute><Attribute z:Id="i133"><AttributeType>multiplier</AttributeType><IsRequired>false</IsRequired><Value i:nil="true"/></Attribute><Attribute z:Id="i134"><AttributeType>offset</AttributeType><IsRequired>false</IsRequired><Value i:nil="true"/></Attribute></Attributes><ChildElements/><ElementName>mimic</ElementName><required>false</required><JointNameAttribute z:Ref="i132"/><MultiplierAttribute z:Ref="i133"/><OffsetAttribute z:Ref="i134"/></URDFElement></ChildElements><ElementName>joint</ElementName><required>false</required><Axis z:Ref="i113"/><AxisName>Automatically Generate</AxisName><Calibration z:Ref="i120"/><Child z:Ref="i111"/><CoordinateSystemName>Automatically Generate</CoordinateSystemName><Dynamics z:Ref="i123"/><Limit z:Ref="i115"/><Mimic z:Ref="i131"/><NameAttribute z:Ref="i104"/><Origin z:Ref="i106"/><Parent z:Ref="i109"/><Safety z:Ref="i126"/><TypeAttribute z:Ref="i105"/></URDFElement></ChildElements><ElementName>link</ElementName><required>true</required><Children><Link z:Id="i135"><Attributes><Attribute z:Id="i136"><AttributeType>name</AttributeType><IsRequired>true</IsRequired><Value i:type="a:string" xmlns:a="http://www.w3.org/2001/XMLSchema">L2</Value></Attribute></Attributes><ChildElements><URDFElement z:Id="i137" i:type="Inertial"><Attributes/><ChildElements><URDFElement z:Id="i138" i:type="Origin"><Attributes><Attribute z:Id="i139"><AttributeType>xyz</AttributeType><IsRequired>true</IsRequired><Value i:type="a:ArrayOfdouble" xmlns:a="http://schemas.microsoft.com/2003/10/Serialization/Arrays"><a:double>0</a:double><a:double>0</a:double><a:double>0</a:double></Value></Attribute><Attribute z:Id="i140"><AttributeType>rpy</AttributeType><IsRequired>true</IsRequired><Value i:type="a:ArrayOfdouble" xmlns:a="http://schemas.microsoft.com/2003/10/Serialization/Arrays"><a:double>0</a:double><a:double>0</a:double><a:double>0</a:double></Value></Attribute></Attributes><ChildElements/><ElementName>origin</ElementName><required>false</required><RPYAttribute z:Ref="i140"/><XYZAttribute z:Ref="i139"/><isCustomized>false</isCustomized></URDFElement><URDFElement z:Id="i141" i:type="Mass"><Attributes><Attribute z:Id="i142"><AttributeType>value</AttributeType><IsRequired>true</IsRequired><Value i:type="a:double" xmlns:a="http://www.w3.org/2001/XMLSchema">0</Value></Attribute></Attributes><ChildElements/><ElementName>mass</ElementName><required>false</required><ValueAttribute z:Ref="i142"/></URDFElement><URDFElement z:Id="i143" i:type="Inertia"><Attributes><Attribute z:Id="i144"><AttributeType>ixx</AttributeType><IsRequired>true</IsRequired><Value i:type="a:double" xmlns:a="http://www.w3.org/2001/XMLSchema">0</Value></Attribute><Attribute z:Id="i145"><AttributeType>ixy</AttributeType><IsRequired>true</IsRequired><Value i:type="a:double" xmlns:a="http://www.w3.org/2001/XMLSchema">0</Value></Attribute><Attribute z:Id="i146"><AttributeType>ixz</AttributeType><IsRequired>true</IsRequired><Value i:type="a:double" xmlns:a="http://www.w3.org/2001/XMLSchema">0</Value></Attribute><Attribute z:Id="i147"><AttributeType>iyy</AttributeType><IsRequired>true</IsRequired><Value i:type="a:double" xmlns:a="http://www.w3.org/2001/XMLSchema">0</Value></Attribute><Attribute z:Id="i148"><AttributeType>iyz</AttributeType><IsRequired>true</IsRequired><Value i:type="a:double" xmlns:a="http://www.w3.org/2001/XMLSchema">0</Value></Attribute><Attribute z:Id="i149"><AttributeType>izz</AttributeType><IsRequired>true</IsRequired><Value i:type="a:double" xmlns:a="http://www.w3.org/2001/XMLSchema">0</Value></Attribute></Attributes><ChildElements/><ElementName>inertia</ElementName><required>false</required><IxxAttribute z:Ref="i144"/><IxyAttribute z:Ref="i145"/><IxzAttribute z:Ref="i146"/><IyyAttribute z:Ref="i147"/><IyzAttribute z:Ref="i148"/><IzzAttribute z:Ref="i149"/></URDFElement></ChildElements><ElementName>inertial</ElementName><required>false</required><Inertia z:Ref="i143"/><Mass z:Ref="i141"/><Origin z:Ref="i138"/></URDFElement><URDFElement z:Id="i150" i:type="Visual"><Attributes/><ChildElements><URDFElement z:Id="i151" i:type="Origin"><Attributes><Attribute z:Id="i152"><AttributeType>xyz</AttributeType><IsRequired>true</IsRequired><Value i:type="a:ArrayOfdouble" xmlns:a="http://schemas.microsoft.com/2003/10/Serialization/Arrays"><a:double>0</a:double><a:double>0</a:double><a:double>0</a:double></Value></Attribute><Attribute z:Id="i153"><AttributeType>rpy</AttributeType><IsRequired>true</IsRequired><Value i:type="a:ArrayOfdouble" xmlns:a="http://schemas.microsoft.com/2003/10/Serialization/Arrays"><a:double>0</a:double><a:double>0</a:double><a:double>0</a:double></Value></Attribute></Attributes><ChildElements/><ElementName>origin</ElementName><required>false</required><RPYAttribute z:Ref="i153"/><XYZAttribute z:Ref="i152"/><isCustomized>false</isCustomized></URDFElement><URDFElement z:Id="i154" i:type="Geometry"><Attributes/><ChildElements><URDFElement z:Id="i155" i:type="Mesh"><Attributes><Attribute z:Id="i156"><AttributeType>filename</AttributeType><IsRequired>true</IsRequired><Value i:nil="true"/></Attribute></Attributes><ChildElements/><ElementName>mesh</ElementName><required>false</required><FilenameAttribute z:Ref="i156"/></URDFElement></ChildElements><ElementName>geometry</ElementName><required>true</required><Mesh z:Ref="i155"/></URDFElement><URDFElement z:Id="i157" i:type="Material"><Attributes><Attribute z:Id="i158"><AttributeType>name</AttributeType><IsRequired>true</IsRequired><Value i:type="a:string" xmlns:a="http://www.w3.org/2001/XMLSchema"/></Attribute></Attributes><ChildElements><URDFElement z:Id="i159" i:type="Color"><Attributes><Attribute z:Id="i160"><AttributeType>rgba</AttributeType><IsRequired>true</IsRequired><Value i:type="a:ArrayOfdouble" xmlns:a="http://schemas.microsoft.com/2003/10/Serialization/Arrays"><a:double>1</a:double><a:double>1</a:double><a:double>1</a:double><a:double>1</a:double></Value></Attribute></Attributes><ChildElements/><ElementName>color</ElementName><required>false</required><RGBAAttribute z:Ref="i160"/></URDFElement><URDFElement z:Id="i161" i:type="Texture"><Attributes><Attribute z:Id="i162"><AttributeType>filename</AttributeType><IsRequired>true</IsRequired><Value i:nil="true"/></Attribute></Attributes><ChildElements/><ElementName>texture</ElementName><required>false</required><FilenameAttribute z:Ref="i162"/><wFilename/></URDFElement></ChildElements><ElementName>material</ElementName><required>false</required><Color z:Ref="i159"/><NameAttribute z:Ref="i158"/><Texture z:Ref="i161"/></URDFElement></ChildElements><ElementName>visual</ElementName><required>false</required><Geometry z:Ref="i154"/><Material z:Ref="i157"/><Origin z:Ref="i151"/></URDFElement><URDFElement z:Id="i163" i:type="Collision"><Attributes/><ChildElements><URDFElement z:Id="i164" i:type="Origin"><Attributes><Attribute z:Id="i165"><AttributeType>xyz</AttributeType><IsRequired>true</IsRequired><Value i:type="a:ArrayOfdouble" xmlns:a="http://schemas.microsoft.com/2003/10/Serialization/Arrays"><a:double>0</a:double><a:double>0</a:double><a:double>0</a:double></Value></Attribute><Attribute z:Id="i166"><AttributeType>rpy</AttributeType><IsRequired>true</IsRequired><Value i:type="a:ArrayOfdouble" xmlns:a="http://schemas.microsoft.com/2003/10/Serialization/Arrays"><a:double>0</a:double><a:double>0</a:double><a:double>0</a:double></Value></Attribute></Attributes><ChildElements/><ElementName>origin</ElementName><required>false</required><RPYAttribute z:Ref="i166"/><XYZAttribute z:Ref="i165"/><isCustomized>false</isCustomized></URDFElement><URDFElement z:Id="i167" i:type="Geometry"><Attributes/><ChildElements><URDFElement z:Id="i168" i:type="Mesh"><Attributes><Attribute z:Id="i169"><AttributeType>filename</AttributeType><IsRequired>true</IsRequired><Value i:nil="true"/></Attribute></Attributes><ChildElements/><ElementName>mesh</ElementName><required>false</required><FilenameAttribute z:Ref="i169"/></URDFElement></ChildElements><ElementName>geometry</ElementName><required>true</required><Mesh z:Ref="i168"/></URDFElement></ChildElements><ElementName>collision</ElementName><required>false</required><Geometry z:Ref="i167"/><Origin z:Ref="i164"/></URDFElement><URDFElement z:Id="i170" i:type="Joint"><Attributes><Attribute z:Id="i171"><AttributeType>name</AttributeType><IsRequired>true</IsRequired><Value i:type="a:string" xmlns:a="http://www.w3.org/2001/XMLSchema">L2</Value></Attribute><Attribute z:Id="i172"><AttributeType>type</AttributeType><IsRequired>true</IsRequired><Value i:type="a:string" xmlns:a="http://www.w3.org/2001/XMLSchema">Automatically Detect</Value></Attribute></Attributes><ChildElements><URDFElement z:Id="i173" i:type="Origin"><Attributes><Attribute z:Id="i174"><AttributeType>xyz</AttributeType><IsRequired>true</IsRequired><Value i:type="a:ArrayOfdouble" xmlns:a="http://schemas.microsoft.com/2003/10/Serialization/Arrays"><a:double>0</a:double><a:double>0</a:double><a:double>0</a:double></Value></Attribute><Attribute z:Id="i175"><AttributeType>rpy</AttributeType><IsRequired>true</IsRequired><Value i:type="a:ArrayOfdouble" xmlns:a="http://schemas.microsoft.com/2003/10/Serialization/Arrays"><a:double>0</a:double><a:double>0</a:double><a:double>0</a:double></Value></Attribute></Attributes><ChildElements/><ElementName>origin</ElementName><required>false</required><RPYAttribute z:Ref="i175"/><XYZAttribute z:Ref="i174"/><isCustomized>false</isCustomized></URDFElement><URDFElement z:Id="i176" i:type="ParentLink"><Attributes><Attribute z:Id="i177"><AttributeType>link</AttributeType><IsRequired>true</IsRequired><Value i:type="a:string" xmlns:a="http://www.w3.org/2001/XMLSchema"/></Attribute></Attributes><ChildElements/><ElementName>parent</ElementName><required>true</required><NameAttribute z:Ref="i177"/></URDFElement><URDFElement z:Id="i178" i:type="ChildLink"><Attributes><Attribute z:Id="i179"><AttributeType>link</AttributeType><IsRequired>true</IsRequired><Value i:type="a:string" xmlns:a="http://www.w3.org/2001/XMLSchema"/></Attribute></Attributes><ChildElements/><ElementName>child</ElementName><required>true</required><NameAttribute z:Ref="i179"/></URDFElement><URDFElement z:Id="i180" i:type="Axis"><Attributes><Attribute z:Id="i181"><AttributeType>xyz</AttributeType><IsRequired>true</IsRequired><Value i:type="a:ArrayOfdouble" xmlns:a="http://schemas.microsoft.com/2003/10/Serialization/Arrays"><a:double>0</a:double><a:double>0</a:double><a:double>0</a:double></Value></Attribute></Attributes><ChildElements/><ElementName>axis</ElementName><required>false</required><XYZAttribute z:Ref="i181"/></URDFElement><URDFElement z:Id="i182" i:type="Limit"><Attributes><Attribute z:Id="i183"><AttributeType>lower</AttributeType><IsRequired>false</IsRequired><Value i:nil="true"/></Attribute><Attribute z:Id="i184"><AttributeType>upper</AttributeType><IsRequired>false</IsRequired><Value i:nil="true"/></Attribute><Attribute z:Id="i185"><AttributeType>effort</AttributeType><IsRequired>true</IsRequired><Value i:nil="true"/></Attribute><Attribute z:Id="i186"><AttributeType>velocity</AttributeType><IsRequired>true</IsRequired><Value i:nil="true"/></Attribute></Attributes><ChildElements/><ElementName>limit</ElementName><required>false</required><EffortAttribute z:Ref="i185"/><LowerAttribute z:Ref="i183"/><UpperAttribute z:Ref="i184"/><VelocityAttribute z:Ref="i186"/></URDFElement><URDFElement z:Id="i187" i:type="Calibration"><Attributes><Attribute z:Id="i188"><AttributeType>rising</AttributeType><IsRequired>false</IsRequired><Value i:nil="true"/></Attribute><Attribute z:Id="i189"><AttributeType>falling</AttributeType><IsRequired>false</IsRequired><Value i:nil="true"/></Attribute></Attributes><ChildElements/><ElementName>calibration</ElementName><required>false</required><FallingAttribute z:Ref="i189"/><RisingAttribute z:Ref="i188"/></URDFElement><URDFElement z:Id="i190" i:type="Dynamics"><Attributes><Attribute z:Id="i191"><AttributeType>damping</AttributeType><IsRequired>false</IsRequired><Value i:nil="true"/></Attribute><Attribute z:Id="i192"><AttributeType>friction</AttributeType><IsRequired>false</IsRequired><Value i:nil="true"/></Attribute></Attributes><ChildElements/><ElementName>dynamics</ElementName><required>false</required><DampingAttribute z:Ref="i191"/><FrictionAttribute z:Ref="i192"/></URDFElement><URDFElement z:Id="i193" i:type="SafetyController"><Attributes><Attribute z:Id="i194"><AttributeType>soft_upper_limit</AttributeType><IsRequired>false</IsRequired><Value i:nil="true"/></Attribute><Attribute z:Id="i195"><AttributeType>soft_lower_limit</AttributeType><IsRequired>false</IsRequired><Value i:nil="true"/></Attribute><Attribute z:Id="i196"><AttributeType>k_position</AttributeType><IsRequired>false</IsRequired><Value i:nil="true"/></Attribute><Attribute z:Id="i197"><AttributeType>k_velocity</AttributeType><IsRequired>true</IsRequired><Value i:nil="true"/></Attribute></Attributes><ChildElements/><ElementName>safety_controller</ElementName><required>false</required><KPositionAttribute z:Ref="i196"/><KVelocityAttribute z:Ref="i197"/><SoftLowerAttribute z:Ref="i195"/><SoftUpperAttribute z:Ref="i194"/></URDFElement><URDFElement z:Id="i198" i:type="Mimic"><Attributes><Attribute z:Id="i199"><AttributeType>joint</AttributeType><IsRequired>true</IsRequired><Value i:nil="true"/></Attribute><Attribute z:Id="i200"><AttributeType>multiplier</AttributeType><IsRequired>false</IsRequired><Value i:nil="true"/></Attribute><Attribute z:Id="i201"><AttributeType>offset</AttributeType><IsRequired>false</IsRequired><Value i:nil="true"/></Attribute></Attributes><ChildElements/><ElementName>mimic</ElementName><required>false</required><JointNameAttribute z:Ref="i199"/><MultiplierAttribute z:Ref="i200"/><OffsetAttribute z:Ref="i201"/></URDFElement></ChildElements><ElementName>joint</ElementName><required>false</required><Axis z:Ref="i180"/><AxisName>Automatically Generate</AxisName><Calibration z:Ref="i187"/><Child z:Ref="i178"/><CoordinateSystemName>Automatically Generate</CoordinateSystemName><Dynamics z:Ref="i190"/><Limit z:Ref="i182"/><Mimic z:Ref="i198"/><NameAttribute z:Ref="i171"/><Origin z:Ref="i173"/><Parent z:Ref="i176"/><Safety z:Ref="i193"/><TypeAttribute z:Ref="i172"/></URDFElement></ChildElements><ElementName>link</ElementName><required>true</required><Children><Link z:Id="i202"><Attributes><Attribute z:Id="i203"><AttributeType>name</AttributeType><IsRequired>true</IsRequired><Value i:type="a:string" xmlns:a="http://www.w3.org/2001/XMLSchema">L3</Value></Attribute></Attributes><ChildElements><URDFElement z:Id="i204" i:type="Inertial"><Attributes/><ChildElements><URDFElement z:Id="i205" i:type="Origin"><Attributes><Attribute z:Id="i206"><AttributeType>xyz</AttributeType><IsRequired>true</IsRequired><Value i:type="a:ArrayOfdouble" xmlns:a="http://schemas.microsoft.com/2003/10/Serialization/Arrays"><a:double>0</a:double><a:double>0</a:double><a:double>0</a:double></Value></Attribute><Attribute z:Id="i207"><AttributeType>rpy</AttributeType><IsRequired>true</IsRequired><Value i:type="a:ArrayOfdouble" xmlns:a="http://schemas.microsoft.com/2003/10/Serialization/Arrays"><a:double>0</a:double><a:double>0</a:double><a:double>0</a:double></Value></Attribute></Attributes><ChildElements/><ElementName>origin</ElementName><required>false</required><RPYAttribute z:Ref="i207"/><XYZAttribute z:Ref="i206"/><isCustomized>false</isCustomized></URDFElement><URDFElement z:Id="i208" i:type="Mass"><Attributes><Attribute z:Id="i209"><AttributeType>value</AttributeType><IsRequired>true</IsRequired><Value i:type="a:double" xmlns:a="http://www.w3.org/2001/XMLSchema">0</Value></Attribute></Attributes><ChildElements/><ElementName>mass</ElementName><required>false</required><ValueAttribute z:Ref="i209"/></URDFElement><URDFElement z:Id="i210" i:type="Inertia"><Attributes><Attribute z:Id="i211"><AttributeType>ixx</AttributeType><IsRequired>true</IsRequired><Value i:type="a:double" xmlns:a="http://www.w3.org/2001/XMLSchema">0</Value></Attribute><Attribute z:Id="i212"><AttributeType>ixy</AttributeType><IsRequired>true</IsRequired><Value i:type="a:double" xmlns:a="http://www.w3.org/2001/XMLSchema">0</Value></Attribute><Attribute z:Id="i213"><AttributeType>ixz</AttributeType><IsRequired>true</IsRequired><Value i:type="a:double" xmlns:a="http://www.w3.org/2001/XMLSchema">0</Value></Attribute><Attribute z:Id="i214"><AttributeType>iyy</AttributeType><IsRequired>true</IsRequired><Value i:type="a:double" xmlns:a="http://www.w3.org/2001/XMLSchema">0</Value></Attribute><Attribute z:Id="i215"><AttributeType>iyz</AttributeType><IsRequired>true</IsRequired><Value i:type="a:double" xmlns:a="http://www.w3.org/2001/XMLSchema">0</Value></Attribute><Attribute z:Id="i216"><AttributeType>izz</AttributeType><IsRequired>true</IsRequired><Value i:type="a:double" xmlns:a="http://www.w3.org/2001/XMLSchema">0</Value></Attribute></Attributes><ChildElements/><ElementName>inertia</ElementName><required>false</required><IxxAttribute z:Ref="i211"/><IxyAttribute z:Ref="i212"/><IxzAttribute z:Ref="i213"/><IyyAttribute z:Ref="i214"/><IyzAttribute z:Ref="i215"/><IzzAttribute z:Ref="i216"/></URDFElement></ChildElements><ElementName>inertial</ElementName><required>false</required><Inertia z:Ref="i210"/><Mass z:Ref="i208"/><Origin z:Ref="i205"/></URDFElement><URDFElement z:Id="i217" i:type="Visual"><Attributes/><ChildElements><URDFElement z:Id="i218" i:type="Origin"><Attributes><Attribute z:Id="i219"><AttributeType>xyz</AttributeType><IsRequired>true</IsRequired><Value i:type="a:ArrayOfdouble" xmlns:a="http://schemas.microsoft.com/2003/10/Serialization/Arrays"><a:double>0</a:double><a:double>0</a:double><a:double>0</a:double></Value></Attribute><Attribute z:Id="i220"><AttributeType>rpy</AttributeType><IsRequired>true</IsRequired><Value i:type="a:ArrayOfdouble" xmlns:a="http://schemas.microsoft.com/2003/10/Serialization/Arrays"><a:double>0</a:double><a:double>0</a:double><a:double>0</a:double></Value></Attribute></Attributes><ChildElements/><ElementName>origin</ElementName><required>false</required><RPYAttribute z:Ref="i220"/><XYZAttribute z:Ref="i219"/><isCustomized>false</isCustomized></URDFElement><URDFElement z:Id="i221" i:type="Geometry"><Attributes/><ChildElements><URDFElement z:Id="i222" i:type="Mesh"><Attributes><Attribute z:Id="i223"><AttributeType>filename</AttributeType><IsRequired>true</IsRequired><Value i:nil="true"/></Attribute></Attributes><ChildElements/><ElementName>mesh</ElementName><required>false</required><FilenameAttribute z:Ref="i223"/></URDFElement></ChildElements><ElementName>geometry</ElementName><required>true</required><Mesh z:Ref="i222"/></URDFElement><URDFElement z:Id="i224" i:type="Material"><Attributes><Attribute z:Id="i225"><AttributeType>name</AttributeType><IsRequired>true</IsRequired><Value i:type="a:string" xmlns:a="http://www.w3.org/2001/XMLSchema"/></Attribute></Attributes><ChildElements><URDFElement z:Id="i226" i:type="Color"><Attributes><Attribute z:Id="i227"><AttributeType>rgba</AttributeType><IsRequired>true</IsRequired><Value i:type="a:ArrayOfdouble" xmlns:a="http://schemas.microsoft.com/2003/10/Serialization/Arrays"><a:double>1</a:double><a:double>1</a:double><a:double>1</a:double><a:double>1</a:double></Value></Attribute></Attributes><ChildElements/><ElementName>color</ElementName><required>false</required><RGBAAttribute z:Ref="i227"/></URDFElement><URDFElement z:Id="i228" i:type="Texture"><Attributes><Attribute z:Id="i229"><AttributeType>filename</AttributeType><IsRequired>true</IsRequired><Value i:nil="true"/></Attribute></Attributes><ChildElements/><ElementName>texture</ElementName><required>false</required><FilenameAttribute z:Ref="i229"/><wFilename/></URDFElement></ChildElements><ElementName>material</ElementName><required>false</required><Color z:Ref="i226"/><NameAttribute z:Ref="i225"/><Texture z:Ref="i228"/></URDFElement></ChildElements><ElementName>visual</ElementName><required>false</required><Geometry z:Ref="i221"/><Material z:Ref="i224"/><Origin z:Ref="i218"/></URDFElement><URDFElement z:Id="i230" i:type="Collision"><Attributes/><ChildElements><URDFElement z:Id="i231" i:type="Origin"><Attributes><Attribute z:Id="i232"><AttributeType>xyz</AttributeType><IsRequired>true</IsRequired><Value i:type="a:ArrayOfdouble" xmlns:a="http://schemas.microsoft.com/2003/10/Serialization/Arrays"><a:double>0</a:double><a:double>0</a:double><a:double>0</a:double></Value></Attribute><Attribute z:Id="i233"><AttributeType>rpy</AttributeType><IsRequired>true</IsRequired><Value i:type="a:ArrayOfdouble" xmlns:a="http://schemas.microsoft.com/2003/10/Serialization/Arrays"><a:double>0</a:double><a:double>0</a:double><a:double>0</a:double></Value></Attribute></Attributes><ChildElements/><ElementName>origin</ElementName><required>false</required><RPYAttribute z:Ref="i233"/><XYZAttribute z:Ref="i232"/><isCustomized>false</isCustomized></URDFElement><URDFElement z:Id="i234" i:type="Geometry"><Attributes/><ChildElements><URDFElement z:Id="i235" i:type="Mesh"><Attributes><Attribute z:Id="i236"><AttributeType>filename</AttributeType><IsRequired>true</IsRequired><Value i:nil="true"/></Attribute></Attributes><ChildElements/><ElementName>mesh</ElementName><required>false</required><FilenameAttribute z:Ref="i236"/></URDFElement></ChildElements><ElementName>geometry</ElementName><required>true</required><Mesh z:Ref="i235"/></URDFElement></ChildElements><ElementName>collision</ElementName><required>false</required><Geometry z:Ref="i234"/><Origin z:Ref="i231"/></URDFElement><URDFElement z:Id="i237" i:type="Joint"><Attributes><Attribute z:Id="i238"><AttributeType>name</AttributeType><IsRequired>true</IsRequired><Value i:type="a:string" xmlns:a="http://www.w3.org/2001/XMLSchema">L3</Value></Attribute><Attribute z:Id="i239"><AttributeType>type</AttributeType><IsRequired>true</IsRequired><Value i:type="a:string" xmlns:a="http://www.w3.org/2001/XMLSchema">Automatically Detect</Value></Attribute></Attributes><ChildElements><URDFElement z:Id="i240" i:type="Origin"><Attributes><Attribute z:Id="i241"><AttributeType>xyz</AttributeType><IsRequired>true</IsRequired><Value i:type="a:ArrayOfdouble" xmlns:a="http://schemas.microsoft.com/2003/10/Serialization/Arrays"><a:double>0</a:double><a:double>0</a:double><a:double>0</a:double></Value></Attribute><Attribute z:Id="i242"><AttributeType>rpy</AttributeType><IsRequired>true</IsRequired><Value i:type="a:ArrayOfdouble" xmlns:a="http://schemas.microsoft.com/2003/10/Serialization/Arrays"><a:double>0</a:double><a:double>0</a:double><a:double>0</a:double></Value></Attribute></Attributes><ChildElements/><ElementName>origin</ElementName><required>false</required><RPYAttribute z:Ref="i242"/><XYZAttribute z:Ref="i241"/><isCustomized>false</isCustomized></URDFElement><URDFElement z:Id="i243" i:type="ParentLink"><Attributes><Attribute z:Id="i244"><AttributeType>link</AttributeType><IsRequired>true</IsRequired><Value i:type="a:string" xmlns:a="http://www.w3.org/2001/XMLSchema"/></Attribute></Attributes><ChildElements/><ElementName>parent</ElementName><required>true</required><NameAttribute z:Ref="i244"/></URDFElement><URDFElement z:Id="i245" i:type="ChildLink"><Attributes><Attribute z:Id="i246"><AttributeType>link</AttributeType><IsRequired>true</IsRequired><Value i:type="a:string" xmlns:a="http://www.w3.org/2001/XMLSchema"/></Attribute></Attributes><ChildElements/><ElementName>child</ElementName><required>true</required><NameAttribute z:Ref="i246"/></URDFElement><URDFElement z:Id="i247" i:type="Axis"><Attributes><Attribute z:Id="i248"><AttributeType>xyz</AttributeType><IsRequired>true</IsRequired><Value i:type="a:ArrayOfdouble" xmlns:a="http://schemas.microsoft.com/2003/10/Serialization/Arrays"><a:double>0</a:double><a:double>0</a:double><a:double>0</a:double></Value></Attribute></Attributes><ChildElements/><ElementName>axis</ElementName><required>false</required><XYZAttribute z:Ref="i248"/></URDFElement><URDFElement z:Id="i249" i:type="Limit"><Attributes><Attribute z:Id="i250"><AttributeType>lower</AttributeType><IsRequired>false</IsRequired><Value i:nil="true"/></Attribute><Attribute z:Id="i251"><AttributeType>upper</AttributeType><IsRequired>false</IsRequired><Value i:nil="true"/></Attribute><Attribute z:Id="i252"><AttributeType>effort</AttributeType><IsRequired>true</IsRequired><Value i:nil="true"/></Attribute><Attribute z:Id="i253"><AttributeType>velocity</AttributeType><IsRequired>true</IsRequired><Value i:nil="true"/></Attribute></Attributes><ChildElements/><ElementName>limit</ElementName><required>false</required><EffortAttribute z:Ref="i252"/><LowerAttribute z:Ref="i250"/><UpperAttribute z:Ref="i251"/><VelocityAttribute z:Ref="i253"/></URDFElement><URDFElement z:Id="i254" i:type="Calibration"><Attributes><Attribute z:Id="i255"><AttributeType>rising</AttributeType><IsRequired>false</IsRequired><Value i:nil="true"/></Attribute><Attribute z:Id="i256"><AttributeType>falling</AttributeType><IsRequired>false</IsRequired><Value i:nil="true"/></Attribute></Attributes><ChildElements/><ElementName>calibration</ElementName><required>false</required><FallingAttribute z:Ref="i256"/><RisingAttribute z:Ref="i255"/></URDFElement><URDFElement z:Id="i257" i:type="Dynamics"><Attributes><Attribute z:Id="i258"><AttributeType>damping</AttributeType><IsRequired>false</IsRequired><Value i:nil="true"/></Attribute><Attribute z:Id="i259"><AttributeType>friction</AttributeType><IsRequired>false</IsRequired><Value i:nil="true"/></Attribute></Attributes><ChildElements/><ElementName>dynamics</ElementName><required>false</required><DampingAttribute z:Ref="i258"/><FrictionAttribute z:Ref="i259"/></URDFElement><URDFElement z:Id="i260" i:type="SafetyController"><Attributes><Attribute z:Id="i261"><AttributeType>soft_upper_limit</AttributeType><IsRequired>false</IsRequired><Value i:nil="true"/></Attribute><Attribute z:Id="i262"><AttributeType>soft_lower_limit</AttributeType><IsRequired>false</IsRequired><Value i:nil="true"/></Attribute><Attribute z:Id="i263"><AttributeType>k_position</AttributeType><IsRequired>false</IsRequired><Value i:nil="true"/></Attribute><Attribute z:Id="i264"><AttributeType>k_velocity</AttributeType><IsRequired>true</IsRequired><Value i:nil="true"/></Attribute></Attributes><ChildElements/><ElementName>safety_controller</ElementName><required>false</required><KPositionAttribute z:Ref="i263"/><KVelocityAttribute z:Ref="i264"/><SoftLowerAttribute z:Ref="i262"/><SoftUpperAttribute z:Ref="i261"/></URDFElement><URDFElement z:Id="i265" i:type="Mimic"><Attributes><Attribute z:Id="i266"><AttributeType>joint</AttributeType><IsRequired>true</IsRequired><Value i:nil="true"/></Attribute><Attribute z:Id="i267"><AttributeType>multiplier</AttributeType><IsRequired>false</IsRequired><Value i:nil="true"/></Attribute><Attribute z:Id="i268"><AttributeType>offset</AttributeType><IsRequired>false</IsRequired><Value i:nil="true"/></Attribute></Attributes><ChildElements/><ElementName>mimic</ElementName><required>false</required><JointNameAttribute z:Ref="i266"/><MultiplierAttribute z:Ref="i267"/><OffsetAttribute z:Ref="i268"/></URDFElement></ChildElements><ElementName>joint</ElementName><required>false</required><Axis z:Ref="i247"/><AxisName>Automatically Generate</AxisName><Calibration z:Ref="i254"/><Child z:Ref="i245"/><CoordinateSystemName>Automatically Generate</CoordinateSystemName><Dynamics z:Ref="i257"/><Limit z:Ref="i249"/><Mimic z:Ref="i265"/><NameAttribute z:Ref="i238"/><Origin z:Ref="i240"/><Parent z:Ref="i243"/><Safety z:Ref="i260"/><TypeAttribute z:Ref="i239"/></URDFElement></ChildElements><ElementName>link</ElementName><required>true</required><Children><Link z:Id="i269"><Attributes><Attribute z:Id="i270"><AttributeType>name</AttributeType><IsRequired>true</IsRequired><Value i:type="a:string" xmlns:a="http://www.w3.org/2001/XMLSchema">L4</Value></Attribute></Attributes><ChildElements><URDFElement z:Id="i271" i:type="Inertial"><Attributes/><ChildElements><URDFElement z:Id="i272" i:type="Origin"><Attributes><Attribute z:Id="i273"><AttributeType>xyz</AttributeType><IsRequired>true</IsRequired><Value i:type="a:ArrayOfdouble" xmlns:a="http://schemas.microsoft.com/2003/10/Serialization/Arrays"><a:double>0</a:double><a:double>0</a:double><a:double>0</a:double></Value></Attribute><Attribute z:Id="i274"><AttributeType>rpy</AttributeType><IsRequired>true</IsRequired><Value i:type="a:ArrayOfdouble" xmlns:a="http://schemas.microsoft.com/2003/10/Serialization/Arrays"><a:double>0</a:double><a:double>0</a:double><a:double>0</a:double></Value></Attribute></Attributes><ChildElements/><ElementName>origin</ElementName><required>false</required><RPYAttribute z:Ref="i274"/><XYZAttribute z:Ref="i273"/><isCustomized>false</isCustomized></URDFElement><URDFElement z:Id="i275" i:type="Mass"><Attributes><Attribute z:Id="i276"><AttributeType>value</AttributeType><IsRequired>true</IsRequired><Value i:type="a:double" xmlns:a="http://www.w3.org/2001/XMLSchema">0</Value></Attribute></Attributes><ChildElements/><ElementName>mass</ElementName><required>false</required><ValueAttribute z:Ref="i276"/></URDFElement><URDFElement z:Id="i277" i:type="Inertia"><Attributes><Attribute z:Id="i278"><AttributeType>ixx</AttributeType><IsRequired>true</IsRequired><Value i:type="a:double" xmlns:a="http://www.w3.org/2001/XMLSchema">0</Value></Attribute><Attribute z:Id="i279"><AttributeType>ixy</AttributeType><IsRequired>true</IsRequired><Value i:type="a:double" xmlns:a="http://www.w3.org/2001/XMLSchema">0</Value></Attribute><Attribute z:Id="i280"><AttributeType>ixz</AttributeType><IsRequired>true</IsRequired><Value i:type="a:double" xmlns:a="http://www.w3.org/2001/XMLSchema">0</Value></Attribute><Attribute z:Id="i281"><AttributeType>iyy</AttributeType><IsRequired>true</IsRequired><Value i:type="a:double" xmlns:a="http://www.w3.org/2001/XMLSchema">0</Value></Attribute><Attribute z:Id="i282"><AttributeType>iyz</AttributeType><IsRequired>true</IsRequired><Value i:type="a:double" xmlns:a="http://www.w3.org/2001/XMLSchema">0</Value></Attribute><Attribute z:Id="i283"><AttributeType>izz</AttributeType><IsRequired>true</IsRequired><Value i:type="a:double" xmlns:a="http://www.w3.org/2001/XMLSchema">0</Value></Attribute></Attributes><ChildElements/><ElementName>inertia</ElementName><required>false</required><IxxAttribute z:Ref="i278"/><IxyAttribute z:Ref="i279"/><IxzAttribute z:Ref="i280"/><IyyAttribute z:Ref="i281"/><IyzAttribute z:Ref="i282"/><IzzAttribute z:Ref="i283"/></URDFElement></ChildElements><ElementName>inertial</ElementName><required>false</required><Inertia z:Ref="i277"/><Mass z:Ref="i275"/><Origin z:Ref="i272"/></URDFElement><URDFElement z:Id="i284" i:type="Visual"><Attributes/><ChildElements><URDFElement z:Id="i285" i:type="Origin"><Attributes><Attribute z:Id="i286"><AttributeType>xyz</AttributeType><IsRequired>true</IsRequired><Value i:type="a:ArrayOfdouble" xmlns:a="http://schemas.microsoft.com/2003/10/Serialization/Arrays"><a:double>0</a:double><a:double>0</a:double><a:double>0</a:double></Value></Attribute><Attribute z:Id="i287"><AttributeType>rpy</AttributeType><IsRequired>true</IsRequired><Value i:type="a:ArrayOfdouble" xmlns:a="http://schemas.microsoft.com/2003/10/Serialization/Arrays"><a:double>0</a:double><a:double>0</a:double><a:double>0</a:double></Value></Attribute></Attributes><ChildElements/><ElementName>origin</ElementName><required>false</required><RPYAttribute z:Ref="i287"/><XYZAttribute z:Ref="i286"/><isCustomized>false</isCustomized></URDFElement><URDFElement z:Id="i288" i:type="Geometry"><Attributes/><ChildElements><URDFElement z:Id="i289" i:type="Mesh"><Attributes><Attribute z:Id="i290"><AttributeType>filename</AttributeType><IsRequired>true</IsRequired><Value i:nil="true"/></Attribute></Attributes><ChildElements/><ElementName>mesh</ElementName><required>false</required><FilenameAttribute z:Ref="i290"/></URDFElement></ChildElements><ElementName>geometry</ElementName><required>true</required><Mesh z:Ref="i289"/></URDFElement><URDFElement z:Id="i291" i:type="Material"><Attributes><Attribute z:Id="i292"><AttributeType>name</AttributeType><IsRequired>true</IsRequired><Value i:type="a:string" xmlns:a="http://www.w3.org/2001/XMLSchema"/></Attribute></Attributes><ChildElements><URDFElement z:Id="i293" i:type="Color"><Attributes><Attribute z:Id="i294"><AttributeType>rgba</AttributeType><IsRequired>true</IsRequired><Value i:type="a:ArrayOfdouble" xmlns:a="http://schemas.microsoft.com/2003/10/Serialization/Arrays"><a:double>1</a:double><a:double>1</a:double><a:double>1</a:double><a:double>1</a:double></Value></Attribute></Attributes><ChildElements/><ElementName>color</ElementName><required>false</required><RGBAAttribute z:Ref="i294"/></URDFElement><URDFElement z:Id="i295" i:type="Texture"><Attributes><Attribute z:Id="i296"><AttributeType>filename</AttributeType><IsRequired>true</IsRequired><Value i:nil="true"/></Attribute></Attributes><ChildElements/><ElementName>texture</ElementName><required>false</required><FilenameAttribute z:Ref="i296"/><wFilename/></URDFElement></ChildElements><ElementName>material</ElementName><required>false</required><Color z:Ref="i293"/><NameAttribute z:Ref="i292"/><Texture z:Ref="i295"/></URDFElement></ChildElements><ElementName>visual</ElementName><required>false</required><Geometry z:Ref="i288"/><Material z:Ref="i291"/><Origin z:Ref="i285"/></URDFElement><URDFElement z:Id="i297" i:type="Collision"><Attributes/><ChildElements><URDFElement z:Id="i298" i:type="Origin"><Attributes><Attribute z:Id="i299"><AttributeType>xyz</AttributeType><IsRequired>true</IsRequired><Value i:type="a:ArrayOfdouble" xmlns:a="http://schemas.microsoft.com/2003/10/Serialization/Arrays"><a:double>0</a:double><a:double>0</a:double><a:double>0</a:double></Value></Attribute><Attribute z:Id="i300"><AttributeType>rpy</AttributeType><IsRequired>true</IsRequired><Value i:type="a:ArrayOfdouble" xmlns:a="http://schemas.microsoft.com/2003/10/Serialization/Arrays"><a:double>0</a:double><a:double>0</a:double><a:double>0</a:double></Value></Attribute></Attributes><ChildElements/><ElementName>origin</ElementName><required>false</required><RPYAttribute z:Ref="i300"/><XYZAttribute z:Ref="i299"/><isCustomized>false</isCustomized></URDFElement><URDFElement z:Id="i301" i:type="Geometry"><Attributes/><ChildElements><URDFElement z:Id="i302" i:type="Mesh"><Attributes><Attribute z:Id="i303"><AttributeType>filename</AttributeType><IsRequired>true</IsRequired><Value i:nil="true"/></Attribute></Attributes><ChildElements/><ElementName>mesh</ElementName><required>false</required><FilenameAttribute z:Ref="i303"/></URDFElement></ChildElements><ElementName>geometry</ElementName><required>true</required><Mesh z:Ref="i302"/></URDFElement></ChildElements><ElementName>collision</ElementName><required>false</required><Geometry z:Ref="i301"/><Origin z:Ref="i298"/></URDFElement><URDFElement z:Id="i304" i:type="Joint"><Attributes><Attribute z:Id="i305"><AttributeType>name</AttributeType><IsRequired>true</IsRequired><Value i:type="a:string" xmlns:a="http://www.w3.org/2001/XMLSchema">L4</Value></Attribute><Attribute z:Id="i306"><AttributeType>type</AttributeType><IsRequired>true</IsRequired><Value i:type="a:string" xmlns:a="http://www.w3.org/2001/XMLSchema">Automatically Detect</Value></Attribute></Attributes><ChildElements><URDFElement z:Id="i307" i:type="Origin"><Attributes><Attribute z:Id="i308"><AttributeType>xyz</AttributeType><IsRequired>true</IsRequired><Value i:type="a:ArrayOfdouble" xmlns:a="http://schemas.microsoft.com/2003/10/Serialization/Arrays"><a:double>0</a:double><a:double>0</a:double><a:double>0</a:double></Value></Attribute><Attribute z:Id="i309"><AttributeType>rpy</AttributeType><IsRequired>true</IsRequired><Value i:type="a:ArrayOfdouble" xmlns:a="http://schemas.microsoft.com/2003/10/Serialization/Arrays"><a:double>0</a:double><a:double>0</a:double><a:double>0</a:double></Value></Attribute></Attributes><ChildElements/><ElementName>origin</ElementName><required>false</required><RPYAttribute z:Ref="i309"/><XYZAttribute z:Ref="i308"/><isCustomized>false</isCustomized></URDFElement><URDFElement z:Id="i310" i:type="ParentLink"><Attributes><Attribute z:Id="i311"><AttributeType>link</AttributeType><IsRequired>true</IsRequired><Value i:type="a:string" xmlns:a="http://www.w3.org/2001/XMLSchema"/></Attribute></Attributes><ChildElements/><ElementName>parent</ElementName><required>true</required><NameAttribute z:Ref="i311"/></URDFElement><URDFElement z:Id="i312" i:type="ChildLink"><Attributes><Attribute z:Id="i313"><AttributeType>link</AttributeType><IsRequired>true</IsRequired><Value i:type="a:string" xmlns:a="http://www.w3.org/2001/XMLSchema"/></Attribute></Attributes><ChildElements/><ElementName>child</ElementName><required>true</required><NameAttribute z:Ref="i313"/></URDFElement><URDFElement z:Id="i314" i:type="Axis"><Attributes><Attribute z:Id="i315"><AttributeType>xyz</AttributeType><IsRequired>true</IsRequired><Value i:type="a:ArrayOfdouble" xmlns:a="http://schemas.microsoft.com/2003/10/Serialization/Arrays"><a:double>0</a:double><a:double>0</a:double><a:double>0</a:double></Value></Attribute></Attributes><ChildElements/><ElementName>axis</ElementName><required>false</required><XYZAttribute z:Ref="i315"/></URDFElement><URDFElement z:Id="i316" i:type="Limit"><Attributes><Attribute z:Id="i317"><AttributeType>lower</AttributeType><IsRequired>false</IsRequired><Value i:nil="true"/></Attribute><Attribute z:Id="i318"><AttributeType>upper</AttributeType><IsRequired>false</IsRequired><Value i:nil="true"/></Attribute><Attribute z:Id="i319"><AttributeType>effort</AttributeType><IsRequired>true</IsRequired><Value i:nil="true"/></Attribute><Attribute z:Id="i320"><AttributeType>velocity</AttributeType><IsRequired>true</IsRequired><Value i:nil="true"/></Attribute></Attributes><ChildElements/><ElementName>limit</ElementName><required>false</required><EffortAttribute z:Ref="i319"/><LowerAttribute z:Ref="i317"/><UpperAttribute z:Ref="i318"/><VelocityAttribute z:Ref="i320"/></URDFElement><URDFElement z:Id="i321" i:type="Calibration"><Attributes><Attribute z:Id="i322"><AttributeType>rising</AttributeType><IsRequired>false</IsRequired><Value i:nil="true"/></Attribute><Attribute z:Id="i323"><AttributeType>falling</AttributeType><IsRequired>false</IsRequired><Value i:nil="true"/></Attribute></Attributes><ChildElements/><ElementName>calibration</ElementName><required>false</required><FallingAttribute z:Ref="i323"/><RisingAttribute z:Ref="i322"/></URDFElement><URDFElement z:Id="i324" i:type="Dynamics"><Attributes><Attribute z:Id="i325"><AttributeType>damping</AttributeType><IsRequired>false</IsRequired><Value i:nil="true"/></Attribute><Attribute z:Id="i326"><AttributeType>friction</AttributeType><IsRequired>false</IsRequired><Value i:nil="true"/></Attribute></Attributes><ChildElements/><ElementName>dynamics</ElementName><required>false</required><DampingAttribute z:Ref="i325"/><FrictionAttribute z:Ref="i326"/></URDFElement><URDFElement z:Id="i327" i:type="SafetyController"><Attributes><Attribute z:Id="i328"><AttributeType>soft_upper_limit</AttributeType><IsRequired>false</IsRequired><Value i:nil="true"/></Attribute><Attribute z:Id="i329"><AttributeType>soft_lower_limit</AttributeType><IsRequired>false</IsRequired><Value i:nil="true"/></Attribute><Attribute z:Id="i330"><AttributeType>k_position</AttributeType><IsRequired>false</IsRequired><Value i:nil="true"/></Attribute><Attribute z:Id="i331"><AttributeType>k_velocity</AttributeType><IsRequired>true</IsRequired><Value i:nil="true"/></Attribute></Attributes><ChildElements/><ElementName>safety_controller</ElementName><required>false</required><KPositionAttribute z:Ref="i330"/><KVelocityAttribute z:Ref="i331"/><SoftLowerAttribute z:Ref="i329"/><SoftUpperAttribute z:Ref="i328"/></URDFElement><URDFElement z:Id="i332" i:type="Mimic"><Attributes><Attribute z:Id="i333"><AttributeType>joint</AttributeType><IsRequired>true</IsRequired><Value i:nil="true"/></Attribute><Attribute z:Id="i334"><AttributeType>multiplier</AttributeType><IsRequired>false</IsRequired><Value i:nil="true"/></Attribute><Attribute z:Id="i335"><AttributeType>offset</AttributeType><IsRequired>false</IsRequired><Value i:nil="true"/></Attribute></Attributes><ChildElements/><ElementName>mimic</ElementName><required>false</required><JointNameAttribute z:Ref="i333"/><MultiplierAttribute z:Ref="i334"/><OffsetAttribute z:Ref="i335"/></URDFElement></ChildElements><ElementName>joint</ElementName><required>false</required><Axis z:Ref="i314"/><AxisName>Automatically Generate</AxisName><Calibration z:Ref="i321"/><Child z:Ref="i312"/><CoordinateSystemName>Automatically Generate</CoordinateSystemName><Dynamics z:Ref="i324"/><Limit z:Ref="i316"/><Mimic z:Ref="i332"/><NameAttribute z:Ref="i305"/><Origin z:Ref="i307"/><Parent z:Ref="i310"/><Safety z:Ref="i327"/><TypeAttribute z:Ref="i306"/></URDFElement></ChildElements><ElementName>link</ElementName><required>true</required><Children/><Collision z:Ref="i297"/><Inertial z:Ref="i271"/><Joint z:Ref="i304"/><NameAttribute z:Ref="i270"/><Parent z:Ref="i202"/><STLQualityFine>false</STLQualityFine><SWComponentPIDs xmlns:a="http://schemas.microsoft.com/2003/10/Serialization/Arrays"><a:base64Binary>yDIAAAUAAAD//v8LbABpAG4AawAtADMAQABNAGEAaQBuAAQAAAAQAAAAAQAAAAEAAAByAAAA</a:base64Binary><a:base64Binary>yDIAAAUAAAD//v8RNgAwADAAMAByAHUAbABtAGEAbgAtADIAQABNAGEAaQBuAAQAAAAQAAAAAQAAAAEAAAB7AAAA</a:base64Binary></SWComponentPIDs><SWMainComponentPID i:nil="true"/><Visual z:Ref="i284"/><isFixedFrame>false</isFixedFrame><isIncomplete>false</isIncomplete></Link></Children><Collision z:Ref="i230"/><Inertial z:Ref="i204"/><Joint z:Ref="i237"/><NameAttribute z:Ref="i203"/><Parent z:Ref="i135"/><STLQualityFine>false</STLQualityFine><SWComponentPIDs xmlns:a="http://schemas.microsoft.com/2003/10/Serialization/Arrays"><a:base64Binary>yDIAAAUAAAD//v8LbABpAG4AawAtADUAQABNAGEAaQBuAAQAAAAQAAAAAQAAAAEAAACrAAAA</a:base64Binary><a:base64Binary>yDIAAAUAAAD//v8RNgAwADAAMAByAHUAbABtAGEAbgAtADYAQABNAGEAaQBuAAQAAAAQAAAAAQAAAAEAAACvAAAA</a:base64Binary></SWComponentPIDs><SWMainComponentPID i:nil="true"/><Visual z:Ref="i217"/><isFixedFrame>false</isFixedFrame><isIncomplete>false</isIncomplete></Link></Children><Collision z:Ref="i163"/><Inertial z:Ref="i137"/><Joint z:Ref="i170"/><NameAttribute z:Ref="i136"/><Parent z:Ref="i68"/><STLQualityFine>false</STLQualityFine><SWComponentPIDs xmlns:a="http://schemas.microsoft.com/2003/10/Serialization/Arrays"><a:base64Binary>yDIAAAUAAAD//v8LbABpAG4AawAtADQAQABNAGEAaQBuAAQAAAAQAAAAAQAAAAEAAACUAAAA</a:base64Binary><a:base64Binary>yDIAAAUAAAD//v8RNgAwADAAMAByAHUAbABtAGEAbgAtADQAQABNAGEAaQBuAAQAAAAQAAAAAQAAAAEAAACOAAAA</a:base64Binary></SWComponentPIDs><SWMainComponentPID i:nil="true"/><Visual z:Ref="i150"/><isFixedFrame>false</isFixedFrame><isIncomplete>false</isIncomplete></Link></Children><Collision z:Ref="i96"/><Inertial z:Ref="i70"/><Joint z:Ref="i103"/><NameAttribute z:Ref="i69"/><Parent z:Ref="i1"/><STLQualityFine>false</STLQualityFine><SWComponentPIDs xmlns:a="http://schemas.microsoft.com/2003/10/Serialization/Arrays"><a:base64Binary>yDIAAAUAAAD//v8LbABpAG4AawAtADEAQABNAGEAaQBuAAQAAAAQAAAAAQAAAAEAAAA8AAAA</a:base64Binary><a:base64Binary>yDIAAAUAAAD//v8RNgAwADAAMAByAHUAbABtAGEAbgAtADIAQABNAGEAaQBuAAQAAAAQAAAAAQAAAAEAAAB7AAAA</a:base64Binary></SWComponentPIDs><SWMainComponentPID i:nil="true"/><Visual z:Ref="i83"/><isFixedFrame>false</isFixedFrame><isIncomplete>false</isIncomplete></Link></Children><Collision z:Ref="i29"/><Inertial z:Ref="i3"/><Joint z:Ref="i36"/><NameAttribute z:Ref="i2"/><Parent i:nil="true"/><STLQualityFine>false</STLQualityFine><SWComponentPIDs xmlns:a="http://schemas.microsoft.com/2003/10/Serialization/Arrays"><a:base64Binary>yDIAAAUAAAD//v8RYgBhAHMAZQBfAHAAbABhAHQAZQAtADEAQABNAGEAaQBuAAQAAAAQAAAAAQAAAAEAAAAZAAAA</a:base64Binary><a:base64Binary>yDIAAAUAAAD//v8eTgBlAG0AYQAyADQAIAAyADQAQwBTADIAMgBDAC0ANAAwADAALgBzAHQAZQBwAC0AMgBAAE0AYQBpAG4ABAAAABAAAAABAAAAAQAAAB0AAAA=</a:base64Binary><a:base64Binary>yDIAAAUAAAD//v8eTgBlAG0AYQAyADQAIAAyADQAQwBTADIAMgBDAC0ANAAwADAALgBzAHQAZQBwAC0ANQBAAE0AYQBpAG4ABAAAABAAAAABAAAAAQAAAL8AAAA=</a:base64Binary><a:base64Binary>yDIAAAUAAAD//v8MUABhAHIAdAA4AC0AMQBAAE0AYQBpAG4ABAAAABAAAAABAAAAAQAAAF4AAAA=</a:base64Binary><a:base64Binary>yDIAAAUAAAD//v8MUABhAHIAdAA4AC0AMgBAAE0AYQBpAG4ABAAAABAAAAABAAAAAQAAAGwAAAA=</a:base64Binary></SWComponentPIDs><SWMainComponentPID i:nil="true"/><Visual z:Ref="i16"/><isFixedFrame>false</isFixedFrame><isIncomplete>false</isIncomplete></Link>
2025-09-14 22:11:10,881 INFO  AssemblyExportForm.cs: 309 - Saving URDF package to C:\Users\SKY\Documents\5r_cad_model\urdf_5r
2025-09-14 22:11:10,881 INFO  ExportHelper.cs: 147 - Beginning the export process
2025-09-14 22:11:10,887 INFO  ExportHelper.cs: 153 - Creating package directories with name urdf_5r and save path C:\Users\SKY\Documents\5r_cad_model
2025-09-14 22:11:12,439 INFO  ExportHelper.cs: 162 - Creating CMakeLists.txt at C:\Users\SKY\Documents\5r_cad_model\urdf_5r\CMakeLists.txt
2025-09-14 22:11:12,446 INFO  ExportHelper.cs: 166 - Creating joint names config at C:\Users\SKY\Documents\5r_cad_model\urdf_5r\config\joint_names_urdf_5r.yaml
2025-09-14 22:11:12,446 INFO  ExportHelper.cs: 170 - Creating package.xml at C:\Users\SKY\Documents\5r_cad_model\urdf_5r\package.xml
2025-09-14 22:11:12,446 INFO  PackageXMLWriter.cs: 21 - Creating package.xml at C:\Users\SKY\Documents\5r_cad_model\urdf_5r\package.xml
2025-09-14 22:11:12,446 INFO  ExportHelper.cs: 177 - Creating RVIZ launch file in C:\Users\SKY\Documents\5r_cad_model\urdf_5r\launch\
2025-09-14 22:11:12,446 INFO  ExportHelper.cs: 182 - Creating Gazebo launch file in C:\Users\SKY\Documents\5r_cad_model\urdf_5r\launch\
2025-09-14 22:11:12,446 INFO  ExportHelper.cs: 187 - Saving existing STL preferences
2025-09-14 22:11:12,446 INFO  ExportHelper.cs: 450 - Saving users preferences
2025-09-14 22:11:12,446 INFO  ExportHelper.cs: 190 - Modifying STL preferences
2025-09-14 22:11:12,446 INFO  ExportHelper.cs: 464 - Setting STL preferences
2025-09-14 22:11:12,452 INFO  ExportHelper.cs: 196 - Found 0 hidden components 
2025-09-14 22:11:12,452 INFO  ExportHelper.cs: 197 - Hiding all components
2025-09-14 22:11:12,827 INFO  ExportHelper.cs: 204 - Beginning individual files export
2025-09-14 22:11:12,859 INFO  ExportHelper.cs: 270 - Exporting link: base_link
2025-09-14 22:11:12,859 INFO  ExportHelper.cs: 272 - Link base_link has 1 children
2025-09-14 22:11:12,859 INFO  ExportHelper.cs: 270 - Exporting link: L1
2025-09-14 22:11:12,859 INFO  ExportHelper.cs: 272 - Link L1 has 1 children
2025-09-14 22:11:12,867 INFO  ExportHelper.cs: 270 - Exporting link: L2
2025-09-14 22:11:12,867 INFO  ExportHelper.cs: 272 - Link L2 has 1 children
2025-09-14 22:11:12,867 INFO  ExportHelper.cs: 270 - Exporting link: L3
2025-09-14 22:11:12,867 INFO  ExportHelper.cs: 272 - Link L3 has 1 children
2025-09-14 22:11:12,867 INFO  ExportHelper.cs: 270 - Exporting link: L4
2025-09-14 22:11:12,867 INFO  ExportHelper.cs: 272 - Link L4 has 0 children
2025-09-14 22:11:12,867 INFO  ExportHelper.cs: 145 - Showing all components except previously hidden components
2025-09-14 22:11:13,719 INFO  ExportHelper.cs: 145 - Resetting STL preferences
2025-09-14 22:11:13,719 INFO  ExportHelper.cs: 478 - Returning STL preferences to user preferences
2025-09-14 22:11:13,719 INFO  ExportHelper.cs: 228 - Writing URDF file to C:\Users\SKY\Documents\5r_cad_model\urdf_5r\urdf\urdf_5r.urdf
2025-09-14 22:11:13,719 INFO  CSVImportExport.cs: 32 - Writing CSV file C:\Users\SKY\Documents\5r_cad_model\urdf_5r\urdf\urdf_5r.csv
2025-09-14 22:11:13,719 ERROR CSVImportExport.cs: 130 - The following columns were not written to the CSV: Link.Joint.ChildLink.link,
2025-09-14 22:11:13,719 ERROR CSVImportExport.cs: 130 - The following columns were not written to the CSV: Link.Joint.ChildLink.link,
2025-09-14 22:11:13,719 ERROR CSVImportExport.cs: 130 - The following columns were not written to the CSV: Link.Joint.ChildLink.link,
2025-09-14 22:11:13,719 ERROR CSVImportExport.cs: 130 - The following columns were not written to the CSV: Link.Joint.ChildLink.link,
2025-09-14 22:11:13,719 ERROR CSVImportExport.cs: 130 - The following columns were not written to the CSV: Link.Joint.ChildLink.link,
2025-09-14 22:11:13,719 INFO  ExportHelper.cs: 234 - Copying log file
2025-09-14 22:11:13,719 INFO  ExportHelper.cs: 439 - Copying C:\Users\SKY\sw2urdf_logs\sw2urdf.log to C:\Users\SKY\Documents\5r_cad_model\urdf_5r\export.log
